speaker,task,file,feature_set,feature_level,F0semitoneFrom27.5Hz_sma3nz_amean,F0semitoneFrom27.5Hz_sma3nz_stddevNorm,F0semitoneFrom27.5Hz_sma3nz_percentile20.0,F0semitoneFrom27.5Hz_sma3nz_percentile50.0,F0semitoneFrom27.5Hz_sma3nz_percentile80.0,F0semitoneFrom27.5Hz_sma3nz_pctlrange0-2,F0semitoneFrom27.5Hz_sma3nz_meanRisingSlope,F0semitoneFrom27.5Hz_sma3nz_stddevRisingSlope,F0semitoneFrom27.5Hz_sma3nz_meanFallingSlope,F0semitoneFrom27.5Hz_sma3nz_stddevFallingSlope,loudness_sma3_amean,loudness_sma3_stddevNorm,loudness_sma3_percentile20.0,loudness_sma3_percentile50.0,loudness_sma3_percentile80.0,loudness_sma3_pctlrange0-2,loudness_sma3_meanRisingSlope,loudness_sma3_stddevRisingSlope,loudness_sma3_meanFallingSlope,loudness_sma3_stddevFallingSlope,spectralFlux_sma3_amean,spectralFlux_sma3_stddevNorm,mfcc1_sma3_amean,mfcc1_sma3_stddevNorm,mfcc2_sma3_amean,mfcc2_sma3_stddevNorm,mfcc3_sma3_amean,mfcc3_sma3_stddevNorm,mfcc4_sma3_amean,mfcc4_sma3_stddevNorm,jitterLocal_sma3nz_amean,jitterLocal_sma3nz_stddevNorm,shimmerLocaldB_sma3nz_amean,shimmerLocaldB_sma3nz_stddevNorm,HNRdBACF_sma3nz_amean,HNRdBACF_sma3nz_stddevNorm,logRelF0-H1-H2_sma3nz_amean,logRelF0-H1-H2_sma3nz_stddevNorm,logRelF0-H1-A3_sma3nz_amean,logRelF0-H1-A3_sma3nz_stddevNorm,F1frequency_sma3nz_amean,F1frequency_sma3nz_stddevNorm,F1bandwidth_sma3nz_amean,F1bandwidth_sma3nz_stddevNorm,F1amplitudeLogRelF0_sma3nz_amean,F1amplitudeLogRelF0_sma3nz_stddevNorm,F2frequency_sma3nz_amean,F2frequency_sma3nz_stddevNorm,F2bandwidth_sma3nz_amean,F2bandwidth_sma3nz_stddevNorm,F2amplitudeLogRelF0_sma3nz_amean,F2amplitudeLogRelF0_sma3nz_stddevNorm,F3frequency_sma3nz_amean,F3frequency_sma3nz_stddevNorm,F3bandwidth_sma3nz_amean,F3bandwidth_sma3nz_stddevNorm,F3amplitudeLogRelF0_sma3nz_amean,F3amplitudeLogRelF0_sma3nz_stddevNorm,alphaRatioV_sma3nz_amean,alphaRatioV_sma3nz_stddevNorm,hammarbergIndexV_sma3nz_amean,hammarbergIndexV_sma3nz_stddevNorm,slopeV0-500_sma3nz_amean,slopeV0-500_sma3nz_stddevNorm,slopeV500-1500_sma3nz_amean,slopeV500-1500_sma3nz_stddevNorm,spectralFluxV_sma3nz_amean,spectralFluxV_sma3nz_stddevNorm,mfcc1V_sma3nz_amean,mfcc1V_sma3nz_stddevNorm,mfcc2V_sma3nz_amean,mfcc2V_sma3nz_stddevNorm,mfcc3V_sma3nz_amean,mfcc3V_sma3nz_stddevNorm,mfcc4V_sma3nz_amean,mfcc4V_sma3nz_stddevNorm,alphaRatioUV_sma3nz_amean,hammarbergIndexUV_sma3nz_amean,slopeUV0-500_sma3nz_amean,slopeUV500-1500_sma3nz_amean,spectralFluxUV_sma3nz_amean,loudnessPeaksPerSec,VoicedSegmentsPerSec,MeanVoicedSegmentLengthSec,StddevVoicedSegmentLengthSec,MeanUnvoicedSegmentLength,StddevUnvoicedSegmentLength,equivalentSoundLevel_dBp
P_1984_F_22,con,/Users/neda/Documents/Corpus/Pertsch/persian/P_1984_F_22/P_1984_F_22_con.WAV,eGeMAPSv02,Functionals,30.840261,0.20612688,29.507471,32.28073,35.195034,5.687563,328.54782,467.71967,148.39348,279.60568,0.94349676,0.62818795,0.3721592,0.837769,1.4604223,1.088263,15.478842,9.331777,10.627799,5.8379683,0.63007915,0.85442954,20.917906,0.71709216,10.9932785,1.2823893,8.743474,1.4747896,0.29933897,46.063896,0.044684112,2.3783524,1.0999784,0.8930539,6.2630024,0.92594486,6.279966,2.848773,25.208292,0.65103656,611.3292,0.32417485,1268.533,0.16910107,-69.12509,-1.2352804,1656.7761,0.1595818,970.3906,0.41960695,-77.198105,-1.0039259,2743.6604,0.098278776,772.33716,0.5295521,-81.64613,-0.9110791,-17.79588,-0.48924315,28.10379,0.32604536,0.029850254,1.2223053,-0.023994626,-0.6393741,0.797471,0.67184186,28.325386,0.3612773,12.119655,1.2886049,9.474191,1.5266806,-2.3548384,-6.245897,-6.1482916,14.527103,-0.028468097,-0.004294128,0.24040133,3.707971,2.1381407,0.3187255,0.2882101,0.14179347,0.29632074,-23.748556
P_1984_F_22,m(f),/Users/neda/Documents/Corpus/Pertsch/persian/P_1984_F_22/P_1984_F_22_m(f).WAV,eGeMAPSv02,Functionals,31.837244,0.16249014,30.975094,32.620117,34.096195,3.1211014,257.01776,427.11334,107.67029,145.14389,0.83623034,0.5946371,0.29792768,0.77598834,1.2927265,0.99479884,12.774337,8.75709,9.628949,5.5996475,0.4638429,0.896456,18.909828,0.8551151,12.5144,0.9957625,11.059961,1.1051271,-1.9603668,-6.577149,0.031804223,2.7068636,0.9584294,0.94118935,7.5542006,0.6975872,7.2548347,2.1124754,27.345379,0.58716977,622.89417,0.2811838,1268.6256,0.16471201,-78.75039,-1.1284144,1706.9567,0.14317466,936.1446,0.5103247,-86.63795,-0.9332562,2804.8423,0.104342215,763.56934,0.5059962,-90.65987,-0.85451955,-18.534143,-0.451445,27.047937,0.36363253,0.0344118,0.9233041,-0.031687815,-0.50171304,0.6104152,0.6864481,28.274258,0.37592793,14.240314,0.9667859,12.737159,1.0849909,-5.2062697,-2.6388102,-5.001591,12.402017,-0.023734918,-0.0073936777,0.18848215,3.6479442,1.8542663,0.34304687,0.36494777,0.20327272,0.6059811,-25.320765
P_1984_F_22,m(i),/Users/neda/Documents/Corpus/Pertsch/persian/P_1984_F_22/P_1984_F_22_m(i).WAV,eGeMAPSv02,Functionals,31.966824,0.16219525,30.82801,32.9122,35.221653,4.3936424,288.17273,407.7514,156.07281,258.57724,0.85401493,0.66963017,0.24497555,0.7589409,1.3735383,1.1285627,12.690662,8.118087,9.247027,5.1554685,0.45974413,0.9548671,18.451504,0.86421716,9.572662,1.4626755,9.18092,1.2481548,-0.15800722,-79.20073,0.029075265,2.451704,0.9280004,0.92556226,7.625216,0.7048438,7.254499,2.3134785,25.173319,0.65119267,660.7593,0.2725191,1288.0352,0.18326475,-86.870705,-1.0411861,1718.3004,0.14581157,953.9181,0.46333584,-93.145355,-0.8941438,2816.516,0.10059546,755.96643,0.47366333,-97.26633,-0.8200851,-17.765223,-0.490561,27.106363,0.35495806,0.03302005,1.0723447,-0.02716968,-0.56834435,0.6498354,0.68334836,28.889256,0.3440824,10.478635,1.5834514,10.621315,1.2897203,-4.076287,-3.3137002,-6.219672,14.433819,-0.030313294,-0.005345986,0.15857695,3.1172755,1.6078055,0.37273505,0.3261865,0.26127452,0.5634656,-24.896715
P_1984_F_22,pic,/Users/neda/Documents/Corpus/Pertsch/persian/P_1984_F_22/P_1984_F_22_pic.WAV,eGeMAPSv02,Functionals,30.76673,0.17064464,29.782148,31.45397,33.91142,4.1292706,342.00198,459.124,91.02384,108.659996,0.84497076,0.5823547,0.37697774,0.7635404,1.2533234,0.8763457,12.710349,7.5618553,8.688259,5.1201825,0.47341785,0.861463,20.84619,0.73128057,12.661082,1.0526013,11.288595,1.0997503,-1.4511311,-8.912801,0.03492073,2.5925655,0.96555704,0.94829756,6.909592,0.7793296,7.9305124,1.9493848,26.907349,0.5670594,622.6479,0.2978761,1255.8713,0.17652069,-68.652,-1.2424071,1711.3903,0.14652947,922.8804,0.4996914,-77.975426,-0.99294937,2771.597,0.095274545,805.17706,0.47410756,-81.60353,-0.9162429,-18.88479,-0.44467774,27.521193,0.34916997,0.029310213,1.1029608,-0.032253265,-0.476983,0.5938855,0.69553226,28.646286,0.34626,14.12601,1.0278593,12.6858225,1.0759492,-3.5408537,-3.9085608,-5.363541,12.615756,-0.021048615,-0.00947481,0.19304089,3.4267914,1.9588928,0.3484091,0.30434936,0.16218339,0.29013255,-25.175325
P_1984_F_22,r(f),/Users/neda/Documents/Corpus/Pertsch/persian/P_1984_F_22/P_1984_F_22_r(f).WAV,eGeMAPSv02,Functionals,32.765984,0.14945202,30.81564,33.04242,35.986153,5.170513,315.21832,624.8827,151.56818,372.73145,0.9659824,0.62978804,0.38558316,0.85058725,1.490277,1.1046939,17.333616,10.008953,12.54822,6.673744,0.7022618,0.84907544,18.969387,0.7787362,10.1256695,1.4032837,9.825289,1.2994747,-3.886302,-3.5989513,0.03499123,2.2432396,1.1904628,0.78541875,6.6131134,0.7295543,6.02747,2.6321576,23.858374,0.7007399,630.11926,0.29046473,1259.0797,0.17640935,-74.476944,-1.1517339,1706.4741,0.14040025,995.61395,0.54682076,-81.206894,-0.957815,2776.562,0.11725607,801.6141,0.6267154,-84.97872,-0.88262206,-16.887077,-0.4765633,25.737255,0.35493994,0.033309363,1.075127,-0.030225381,-0.49438423,0.911909,0.6411237,26.534925,0.38108465,10.011869,1.5580326,10.910362,1.312882,-7.674025,-1.8718426,-5.9489064,13.579276,-0.022317374,-0.010229057,0.25767764,4.448354,2.5147743,0.26195,0.22455446,0.1327907,0.28163,-23.980452
P_1984_F_22,r(i),/Users/neda/Documents/Corpus/Pertsch/persian/P_1984_F_22/P_1984_F_22_r(i).WAV,eGeMAPSv02,Functionals,32.404793,0.19513623,30.47102,33.706577,36.664597,6.193577,310.15564,580.90985,168.3053,334.32364,1.057195,0.6614019,0.36964068,0.92496485,1.715649,1.3460083,20.239357,11.905661,14.270895,7.2948008,0.8405273,0.8843946,19.898024,0.759236,9.634457,1.3649228,9.805831,1.4257584,-4.924892,-3.07302,0.04601218,2.2289224,1.1894923,0.8068308,6.058645,0.95298785,5.8694906,3.0016472,23.623585,0.72296846,604.9664,0.29978827,1265.8196,0.17072482,-67.66251,-1.2524823,1683.4442,0.14345452,938.6028,0.5276619,-74.994255,-1.0174577,2753.8176,0.103930905,841.6487,0.59419847,-79.06723,-0.9295557,-16.991526,-0.4407144,25.994493,0.33176044,0.039428413,1.0511786,-0.031412125,-0.499662,1.0780828,0.690261,26.823698,0.40304443,9.357733,1.5240428,10.126763,1.5275533,-8.509932,-1.8367187,-6.0894203,13.531945,-0.023744311,-0.010446172,0.25957483,4.450758,2.322275,0.29789114,0.28683886,0.12889764,0.16598655,-22.372087
P_1984_F_22,str,/Users/neda/Documents/Corpus/Pertsch/persian/P_1984_F_22/P_1984_F_22_str.WAV,eGeMAPSv02,Functionals,31.231646,0.15474781,30.198124,32.142555,34.028244,3.83012,295.79712,442.94693,129.0094,243.38678,0.8597046,0.5880447,0.3868331,0.76759905,1.2850951,0.898262,12.6292515,7.533402,9.081854,5.127,0.52866787,0.87666196,20.601969,0.7538013,13.132836,1.040121,11.142033,1.148278,-0.8245419,-15.791732,0.03448843,2.4378972,1.0124384,0.8943906,7.068789,0.7211106,7.947914,1.8660129,28.118486,0.5216094,599.4158,0.3093292,1284.4657,0.16500162,-71.3086,-1.2051634,1662.6847,0.15139176,997.75415,0.4694545,-80.49511,-0.96234655,2758.3367,0.097367495,765.39404,0.53525287,-84.67112,-0.87843066,-18.99813,-0.43972686,28.500574,0.32723987,0.032580793,1.0589979,-0.02681493,-0.5454208,0.6676976,0.7141508,28.706852,0.35057122,15.00566,0.97102135,12.410022,1.1561927,-3.5141084,-3.8896456,-5.8228803,13.3683815,-0.023170166,-0.00588798,0.21957974,3.6971328,2.1296086,0.31489247,0.26346886,0.15578616,0.37752643,-24.548523
P_1984_M_12,con,/Users/neda/Documents/Corpus/Pertsch/persian/P_1984_M_12/P_1984_M_12_con.wav,eGeMAPSv02,Functionals,23.890158,0.20490153,21.218344,22.976776,27.496704,6.2783604,224.23213,321.4607,106.08587,225.65913,1.0733955,0.7429786,0.30217493,0.88193655,1.7557261,1.4535512,18.84815,11.886617,12.696652,8.753956,0.8150858,1.00999,23.705921,0.7306584,14.110523,0.8472602,12.442084,1.0333582,0.5357825,26.05429,0.034435645,2.139805,1.2117834,0.8607916,3.828285,1.135915,6.2326007,1.6913987,29.360378,0.3684242,500.3786,0.32523063,1239.2369,0.17518972,-69.690445,-1.2573477,1534.9264,0.18170112,992.0712,0.38197452,-79.7659,-1.0033007,2590.3538,0.12006964,907.7851,0.45699668,-84.42804,-0.90673745,-20.41256,-0.37450188,29.813389,0.2691112,0.0059405216,5.846762,-0.032559305,-0.47019798,1.1045648,0.7541321,32.99774,0.35142004,16.356512,0.78107274,15.076279,0.90483904,-2.2425487,-6.799978,-6.9281416,16.023474,-0.03416988,-0.0047886367,0.18217103,2.742053,1.480942,0.45437154,0.44103503,0.22417177,0.33675617,-20.19886
P_1984_M_12,m(f),/Users/neda/Documents/Corpus/Pertsch/persian/P_1984_M_12/P_1984_M_12_m(f).wav,eGeMAPSv02,Functionals,22.922846,0.16528857,21.428986,22.825796,24.648922,3.2199364,196.8195,264.73376,127.02433,420.04434,1.0763069,0.68624985,0.3609338,0.9351595,1.6913824,1.3304486,15.528821,8.661137,11.581049,7.322869,0.8196312,0.91334057,23.598158,0.7442551,14.451553,0.8312018,15.219597,0.8598722,0.5388244,24.198315,0.034992702,2.1806588,1.2212882,0.8712348,3.4370997,1.1697136,5.070755,1.6894314,29.678127,0.35710022,526.99054,0.29988652,1244.7797,0.17704158,-71.4609,-1.2167604,1597.7943,0.1781945,998.0945,0.40636608,-82.11505,-0.9607169,2611.5205,0.1305703,925.2565,0.43116045,-85.576866,-0.89334184,-21.299147,-0.3547589,28.881388,0.27023324,0.0024795108,11.642946,-0.03842758,-0.41256186,1.0920904,0.67722225,33.26769,0.34117323,16.921478,0.7463555,18.146448,0.7440387,-1.8387421,-7.734597,-6.5034294,14.570128,-0.02848899,-0.008070558,0.2454316,3.1727786,1.8288476,0.36220127,0.2883299,0.18418439,0.25298825,-20.135098
P_1984_M_12,m(i),/Users/neda/Documents/Corpus/Pertsch/persian/P_1984_M_12/P_1984_M_12_m(i).wav,eGeMAPSv02,Functionals,24.101156,0.1955401,21.718142,23.434769,27.074772,5.3566303,178.46568,297.96426,71.74208,118.47239,1.2333219,0.7132421,0.36539766,1.0792089,2.018615,1.6532173,18.294783,10.746261,12.924194,7.215433,0.93630964,0.9149728,24.705952,0.71892416,12.420511,1.0457575,15.045793,0.93533677,-1.1670078,-12.6918545,0.03136809,1.8272995,1.2054741,0.90125823,3.7606642,1.1740038,4.00256,2.4126356,27.265985,0.39279872,502.80066,0.32840344,1208.3425,0.18533614,-63.288013,-1.3389832,1565.4801,0.18590577,933.02625,0.38525885,-73.335815,-1.0598451,2594.1514,0.12502314,943.86957,0.4719798,-77.75579,-0.9620457,-19.55197,-0.42236343,27.791504,0.29901266,0.013490389,2.4611325,-0.035850707,-0.4197444,1.2095435,0.6924858,33.20589,0.3727144,13.659153,1.0286847,17.56403,0.8420693,-4.01357,-3.9299867,-6.8748302,15.214542,-0.031058524,-0.0074374974,0.24456447,2.944966,1.6028004,0.43885058,0.3496876,0.18050632,0.23383376,-19.318287
P_1984_M_12,pic,/Users/neda/Documents/Corpus/Pertsch/persian/P_1984_M_12/P_1984_M_12_pic.wav,eGeMAPSv02,Functionals,23.798025,0.26698434,21.40008,23.09583,25.699955,4.2998753,253.79915,540.3298,131.04256,222.05582,0.8854724,0.7343063,0.26339707,0.7313779,1.3944335,1.1310364,11.322864,7.5038633,8.665488,6.087879,0.6539765,1.0265198,20.013628,0.9334821,15.547392,0.7482631,14.991575,0.90317565,2.0045621,6.256821,0.04090916,2.1378117,1.1742957,0.8970224,3.331079,1.4050996,6.4690065,1.6174867,29.569122,0.43906185,523.74835,0.34857485,1240.121,0.1929049,-87.97208,-1.034614,1606.219,0.18971391,991.516,0.42901537,-96.63975,-0.8549264,2619.654,0.13610515,941.76575,0.45928466,-99.200714,-0.80977124,-21.313105,-0.44665366,29.551586,0.35173428,0.00073524244,45.554,-0.034872904,-0.45715162,0.93852925,0.74155927,31.169613,0.46582168,19.499815,0.60186136,19.368324,0.71658957,-0.61027676,-23.189848,-7.3002634,15.694467,-0.033223722,-0.0067861164,0.22580576,2.3574317,1.8117841,0.32322314,0.34484076,0.23890476,0.4008787,-21.638773
P_1984_M_12,r(f),/Users/neda/Documents/Corpus/Pertsch/persian/P_1984_M_12/P_1984_M_12_r(f).wav,eGeMAPSv02,Functionals,23.810757,0.19219281,21.495121,23.219849,26.666512,5.1713905,172.71243,191.79721,116.793594,156.56364,1.234602,0.6706787,0.45939812,1.068549,1.9210669,1.4616687,21.29771,12.288523,15.737462,8.787548,1.1141334,0.8724644,23.743036,0.72079873,12.403657,1.0958031,14.954747,1.0151947,-0.0986579,-143.1189,0.045131534,1.9779648,1.468835,0.73133,2.70511,1.5546336,4.87662,2.1425633,26.523275,0.4121911,476.9724,0.30871552,1185.1906,0.17910591,-63.590034,-1.3397882,1538.5509,0.17184193,896.4901,0.38805094,-74.24399,-1.0445514,2577.4944,0.095498554,870.322,0.45621872,-78.022484,-0.959832,-18.489367,-0.43789917,27.414265,0.30758643,0.011804267,2.541975,-0.03209251,-0.44850296,1.4341985,0.66905683,31.548683,0.39916253,13.47947,1.0956331,17.35922,0.9075013,-2.479686,-6.115315,-6.147171,14.419608,-0.021871518,-0.009326642,0.33360338,3.9836693,2.1168606,0.32649124,0.3317092,0.13692307,0.23553164,-19.77092
P_1984_M_12,r(i),/Users/neda/Documents/Corpus/Pertsch/persian/P_1984_M_12/P_1984_M_12_r(i).wav,eGeMAPSv02,Functionals,24.13292,0.1804001,21.724382,23.702364,27.476456,5.7520733,182.1302,199.1858,93.13329,164.39331,1.2324167,0.71734434,0.3885271,1.026026,2.066008,1.6774809,21.154093,11.477999,16.26878,8.650333,1.1733159,0.9059135,24.610212,0.6868017,12.980838,1.0349581,15.795231,0.93720293,-1.4391375,-11.985537,0.047548324,1.787745,1.4636444,0.7440026,2.8642385,1.4579378,4.863348,2.294095,27.613815,0.4082188,472.7478,0.31153196,1182.5564,0.18231481,-62.062653,-1.3799987,1526.246,0.17795447,897.3397,0.40630502,-73.454956,-1.0609077,2594.0637,0.09578873,849.58545,0.48515293,-77.72245,-0.9651549,-19.53728,-0.40415835,28.498547,0.29102358,0.018136187,1.8565242,-0.033253524,-0.47971493,1.5351623,0.6779556,32.596912,0.36152905,14.124601,1.0417889,18.3379,0.83863854,-4.461936,-4.2344193,-7.2622604,16.185606,-0.024808932,-0.0077659376,0.27679873,3.8886223,1.8898143,0.36847457,0.37615946,0.16247524,0.22331613,-19.041727
P_1984_M_12,str,/Users/neda/Documents/Corpus/Pertsch/persian/P_1984_M_12/P_1984_M_12_str.wav,eGeMAPSv02,Functionals,23.253618,0.20683074,21.131727,22.866512,25.361803,4.230076,246.32643,468.02,134.38037,287.97342,1.0585064,0.7404493,0.2751141,0.89833134,1.7280295,1.4529154,16.487345,10.472759,12.197962,7.8278465,0.85256755,0.967192,22.203245,0.82870054,14.906995,0.804199,14.421268,0.94527745,0.2452877,58.162365,0.037215535,1.8051699,1.2709723,0.8467109,3.1569824,1.3663956,4.381384,2.4220848,28.67108,0.41470042,509.5754,0.3263831,1224.8331,0.18336514,-76.01242,-1.1751183,1565.1304,0.190176,977.74677,0.40284228,-86.02505,-0.94350743,2600.5847,0.12491338,917.3728,0.4703424,-89.53452,-0.875966,-20.814682,-0.40434664,28.834145,0.30257702,0.0055467854,5.6259637,-0.03632096,-0.45165566,1.1871308,0.683761,32.65881,0.38830352,17.327085,0.75262517,17.332544,0.84756666,-3.1707587,-4.9209604,-7.0619836,15.760143,-0.034441236,-0.0057227877,0.21829377,3.0349429,1.6847173,0.37967533,0.33358327,0.22610687,0.31810403,-20.155462
P_1985_F_13,con,/Users/neda/Documents/Corpus/Pertsch/persian/P_1985_F_13/P_1985_F_13_con.wav,eGeMAPSv02,Functionals,31.94666,0.14053182,29.631477,31.808516,35.273052,5.641575,305.59073,475.8936,102.13346,191.7512,0.82097274,0.7134937,0.2693513,0.6903543,1.2679081,0.9985568,17.803623,11.552127,9.449899,6.7038484,0.68093735,1.1225338,23.799864,0.7285819,17.90739,0.62655133,6.0208907,2.0399423,-2.5023773,-4.822695,0.030223606,2.268275,1.1157913,0.85179895,7.392332,0.65129673,6.239218,1.6782421,32.61756,0.3837921,574.6647,0.35549933,1310.3074,0.17209053,-75.511185,-1.1609695,1609.4279,0.20087077,1042.7991,0.3273473,-83.6645,-0.9273997,2720.7112,0.11877729,878.84283,0.4141833,-89.44219,-0.82206035,-22.80621,-0.3453865,33.9973,0.27753842,0.031728074,1.2460566,-0.032140836,-0.44208866,0.9290812,0.86384755,32.95636,0.37645432,20.966795,0.5560207,6.4046316,2.1839287,-5.6809325,-2.2193954,-8.873776,18.343904,-0.033493295,-0.005515208,0.14028695,2.8985507,1.27149,0.5319718,0.4692716,0.2626984,0.39611685,-22.19382
P_1985_F_13,m(f),/Users/neda/Documents/Corpus/Pertsch/persian/P_1985_F_13/P_1985_F_13_m(f).wav,eGeMAPSv02,Functionals,29.617256,0.10356426,28.767687,29.537773,30.924936,2.1572495,219.9798,406.8506,62.287277,147.66425,0.78231585,0.6616972,0.26334208,0.676162,1.2280581,0.964716,13.603792,7.4230695,7.5393143,4.42041,0.5605984,0.96632046,25.676527,0.7255513,18.825489,0.59383386,5.4751515,2.3947034,1.4377744,7.048999,0.02902324,2.1032665,1.1358483,0.8838575,6.7589097,0.6141355,2.4831514,4.358122,33.245754,0.3646169,609.84015,0.31765956,1340.2578,0.16807176,-68.2377,-1.2266911,1636.5493,0.17301676,1053.5975,0.32287923,-78.35038,-0.95302105,2795.3274,0.12698956,935.9454,0.39160198,-85.890884,-0.81320435,-22.746292,-0.35478342,35.70732,0.26236013,0.021957293,1.6603125,-0.030918388,-0.45035365,0.73686033,0.73594826,34.88418,0.37180838,21.972385,0.5075557,5.1991134,2.8241289,-0.30701047,-35.03874,-7.4858413,16.780378,-0.037153885,-0.003746956,0.1122232,3.1655111,1.268116,0.5585714,0.449749,0.23648648,0.32430565,-23.117964
P_1985_F_13,m(i),/Users/neda/Documents/Corpus/Pertsch/persian/P_1985_F_13/P_1985_F_13_m(i).wav,eGeMAPSv02,Functionals,30.023357,0.117906116,28.77269,30.15974,32.114216,3.341526,177.9064,301.80267,35.600155,41.76362,0.8195201,0.65639293,0.28561786,0.7063819,1.293955,1.0083371,14.848153,8.02107,8.747487,5.2934723,0.5951447,0.91639024,26.15644,0.7026279,18.938196,0.6378301,4.1926312,3.3923814,-0.84076446,-12.981306,0.024412636,1.9215115,1.0595205,0.85196996,7.111058,0.59938914,3.4912534,3.0203044,34.56419,0.37260833,590.49994,0.30932176,1338.5912,0.1649373,-64.98079,-1.2778811,1616.7977,0.1884178,1058.7941,0.32736543,-75.43567,-0.98701507,2774.3147,0.12632895,936.2399,0.45564777,-83.799324,-0.8255471,-22.630264,-0.37251076,36.22047,0.24046652,0.02643522,1.4110504,-0.030987129,-0.47880566,0.77415377,0.6917379,35.168633,0.34544694,21.929321,0.56406975,3.977601,4.0317826,-2.3679435,-4.711299,-6.9575195,16.068932,-0.034352534,-0.004913289,0.11228988,3.3889983,1.2309208,0.5852,0.37692568,0.23318182,0.3265576,-23.076597
P_1985_F_13,pic,/Users/neda/Documents/Corpus/Pertsch/persian/P_1985_F_13/P_1985_F_13_pic.wav,eGeMAPSv02,Functionals,30.739801,0.13035297,29.033588,30.602673,33.657852,4.624264,265.54346,435.93808,63.031048,73.400276,0.6229351,0.6515159,0.23398636,0.5207362,0.96609986,0.7321135,11.5584135,7.963978,7.0513206,4.5114093,0.4363347,1.0531609,20.741673,0.8435969,19.31145,0.55461353,8.243091,1.3294818,0.68598753,15.724421,0.036439784,2.354285,1.13837,0.89566255,7.139995,0.6598672,5.1212606,2.2564952,32.548637,0.40533856,595.24756,0.34424728,1299.6171,0.16445954,-84.78529,-1.0474461,1657.0613,0.19634919,1029.5103,0.3428337,-93.557816,-0.8460858,2769.3835,0.10959145,855.7812,0.36116317,-98.22681,-0.7685804,-23.68016,-0.3322074,34.832626,0.2698292,0.02034296,2.0064044,-0.03135015,-0.48418045,0.61648136,0.78209,31.41752,0.38651857,24.233877,0.4012324,9.131613,1.3841316,-2.2392695,-5.076228,-8.266644,17.661032,-0.041357346,-0.0040204357,0.12064021,3.1390135,1.3752171,0.45442104,0.39321005,0.3131579,0.5594833,-25.266977
P_1985_F_13,r(f),/Users/neda/Documents/Corpus/Pertsch/persian/P_1985_F_13/P_1985_F_13_r(f).wav,eGeMAPSv02,Functionals,28.979021,0.14043196,28.280325,29.363504,31.441692,3.1613674,255.24971,281.03607,81.347496,95.0232,0.7790627,0.61948514,0.33704397,0.69189477,1.1380967,0.8010527,15.176592,8.463382,9.027636,4.706925,0.65936697,0.8488906,25.682194,0.6690133,20.20524,0.5508006,5.5457706,2.5363362,-1.8910966,-5.4224696,0.043273624,2.0050805,1.3601481,0.7666633,5.1296444,0.9017692,2.6552434,5.016556,31.74057,0.40544558,587.4611,0.320968,1326.9374,0.16932808,-56.462276,-1.3805732,1619.0127,0.18023823,1061.5309,0.32097647,-68.64385,-1.0090512,2745.954,0.10467082,898.3263,0.43030375,-75.244774,-0.87054694,-21.823887,-0.37236398,33.838142,0.28593045,0.02124057,1.6916174,-0.031661715,-0.436366,0.8088372,0.6779129,32.401325,0.4020048,22.359655,0.491928,5.2517347,2.880114,-3.108762,-3.326836,-7.432084,15.989564,-0.030479476,-0.007133933,0.16045818,4.1387353,1.6771183,0.45226085,0.36840206,0.15707864,0.29234886,-24.175194
P_1985_F_13,r(i),/Users/neda/Documents/Corpus/Pertsch/persian/P_1985_F_13/P_1985_F_13_r(i).wav,eGeMAPSv02,Functionals,29.22905,0.15861787,28.382828,29.611506,32.009274,3.6264458,349.5122,514.99207,117.2444,233.86615,0.83818716,0.64623034,0.3191836,0.72904396,1.2878655,0.96868193,17.31885,9.49601,10.078382,5.9218874,0.72368246,0.9305007,26.712532,0.65138775,18.860174,0.5807616,4.2810683,3.4205496,-0.39820656,-27.486633,0.039448947,1.9684718,1.281676,0.77669513,5.4316273,0.89289784,2.003974,6.683782,32.76142,0.4020954,578.04956,0.31472564,1325.0325,0.1725022,-58.313507,-1.3665216,1597.8771,0.16513099,1046.075,0.3222433,-69.431046,-1.0284067,2755.2651,0.10746271,927.2275,0.43366805,-77.90604,-0.85361236,-21.50068,-0.37056783,35.14342,0.27467903,0.026133578,1.3842905,-0.02966331,-0.4807746,0.9031242,0.7459301,33.78427,0.38678533,21.17719,0.51198304,3.898858,4.076808,-1.4134122,-8.111983,-7.74062,16.958942,-0.029519306,-0.006860638,0.15890384,3.856313,1.6743039,0.44557893,0.45481455,0.16594595,0.27993202,-22.767096
P_1985_F_13,str,/Users/neda/Documents/Corpus/Pertsch/persian/P_1985_F_13/P_1985_F_13_str.wav,eGeMAPSv02,Functionals,30.48255,0.15247972,29.486807,30.92462,33.47159,3.9847813,350.06503,603.57153,90.765465,165.9224,0.84751564,0.65458834,0.30762216,0.75595844,1.2855117,0.97788954,15.988474,10.410006,8.767812,5.036576,0.68233126,1.0185045,26.508575,0.6582244,19.028873,0.584179,4.416237,3.0504353,-3.36777,-3.533018,0.035862084,2.5565012,1.1549066,0.87196714,6.8360276,0.71188587,4.733211,2.744915,33.960587,0.44002652,583.743,0.3370526,1339.5461,0.17583355,-63.73251,-1.3074422,1598.5487,0.19662248,1063.3911,0.3187144,-74.24842,-0.9985745,2761.3953,0.11862068,901.67737,0.41410828,-82.13475,-0.8429642,-22.564348,-0.3619281,35.181473,0.26088962,0.027427474,1.3719172,-0.03196301,-0.447314,0.87180066,0.8176719,34.43349,0.36595383,21.722965,0.511281,4.272914,3.4751272,-5.7932615,-2.0718865,-8.414334,17.819702,-0.033542242,-0.0058194622,0.1574972,3.3379216,1.4116837,0.512439,0.41422543,0.20419048,0.2998119,-22.30882
P_1985_F_16,con,/Users/neda/Documents/Corpus/Pertsch/persian/P_1985_F_16/P_1985_F_16_con.wav,eGeMAPSv02,Functionals,35.35724,0.1395909,34.621136,35.916107,38.581047,3.9599113,253.84943,366.94345,117.811806,205.40088,0.99946094,0.65405923,0.3442307,0.8995471,1.5749801,1.2307494,13.737187,8.295726,9.287219,5.6649737,0.6239214,0.94582915,24.349434,0.65971804,9.341213,1.4841964,-3.6209626,-3.7642705,-8.577215,-1.7350343,0.034762565,2.2529118,0.9437164,0.88129497,9.008705,0.57185304,7.2911105,1.411871,30.268566,0.36330983,713.615,0.27246585,1286.4482,0.17487897,-64.316795,-1.3124052,1726.7811,0.15455334,986.9125,0.3209735,-69.84247,-1.063413,2869.5513,0.09054639,796.4382,0.40438795,-77.146454,-0.9057925,-18.83101,-0.43390322,33.046425,0.27548596,0.046893224,0.74884003,-0.027281217,-0.52975214,0.7902951,0.74742407,31.398102,0.36590594,9.502163,1.6194042,-5.3370757,-2.7667046,-12.613758,-1.1557568,-6.6223693,15.75145,-0.028250601,-0.006062411,0.1325172,2.9635146,1.2886406,0.5713295,0.49807256,0.21268456,0.2816553,-21.890144
P_1985_F_16,m(f),/Users/neda/Documents/Corpus/Pertsch/persian/P_1985_F_16/P_1985_F_16_m(f).wav,eGeMAPSv02,Functionals,34.64596,0.14754307,34.236874,35.48975,37.523407,3.2865334,200.9471,213.52701,212.36906,534.9787,0.92257386,0.62854725,0.32628372,0.8818339,1.4390836,1.1127999,12.587401,7.6546,8.745885,5.2831616,0.5081775,0.9315711,22.955471,0.7222739,9.865637,1.2596703,-1.2314525,-10.588068,-7.7004976,-1.8148037,0.033223335,2.3249369,0.8912841,0.9817674,9.041371,0.5920258,6.7988625,1.5630617,29.281473,0.3548833,720.8519,0.25190955,1256.6356,0.18317527,-71.41302,-1.2245088,1742.7963,0.14627136,961.9565,0.37178472,-77.27123,-1.0075372,2880.3167,0.08663023,743.38104,0.4466061,-83.50895,-0.88293123,-19.089521,-0.42303964,32.454517,0.27069667,0.04541296,0.74732155,-0.027939301,-0.52452844,0.66297895,0.7145124,31.46463,0.35201138,10.329531,1.341904,-2.7306051,-5.2914834,-12.241209,-1.0877367,-6.254304,15.438348,-0.02924892,-0.0049786572,0.13684426,3.0200434,1.2467813,0.55815214,0.47803926,0.26205128,0.5538013,-23.026741
P_1985_F_16,m(i),/Users/neda/Documents/Corpus/Pertsch/persian/P_1985_F_16/P_1985_F_16_m(i).wav,eGeMAPSv02,Functionals,34.029045,0.1423982,33.237396,35.110046,36.72728,3.4898834,267.00882,358.70624,69.1193,78.55182,0.94189507,0.6385987,0.34744573,0.84522057,1.4940965,1.1466508,13.128763,7.921402,8.632647,5.3789005,0.573632,0.9492093,23.589506,0.6862361,11.079762,1.2221596,0.23839688,56.71049,-6.093976,-2.1414764,0.037278436,2.0175583,0.99077666,0.90540856,8.582659,0.5841963,7.5053277,1.5011827,29.966766,0.37728593,728.802,0.24155109,1243.753,0.17289351,-67.91406,-1.2497116,1795.8479,0.14157052,930.4655,0.3444523,-74.96004,-1.0090668,2896.1782,0.086589076,776.5606,0.38401237,-80.623985,-0.8927653,-19.87478,-0.4206009,32.32874,0.27133167,0.041278753,0.90181494,-0.028955119,-0.5282125,0.7438945,0.73562986,31.257874,0.36298093,12.316135,1.2115673,0.10287381,147.49826,-9.719257,-1.3467362,-6.0885973,15.065183,-0.029595258,-0.0057562543,0.12376144,2.9056206,1.1252655,0.63773584,0.57255685,0.24857143,0.4628836,-22.427612
P_1985_F_16,pic,/Users/neda/Documents/Corpus/Pertsch/persian/P_1985_F_16/P_1985_F_16_pic.wav,eGeMAPSv02,Functionals,35.146267,0.14139806,34.74038,35.855568,37.816467,3.076088,268.62134,288.65326,106.956505,181.08519,0.9160854,0.7188224,0.2592795,0.78293943,1.5083934,1.2491139,11.69897,7.078913,8.889902,5.875875,0.48900694,0.99063814,20.00987,0.83112085,9.855767,1.2392242,1.5447084,8.026265,-7.2199616,-2.0719266,0.02974909,2.2726905,0.8724676,0.9599833,9.50956,0.5431375,7.8012266,1.453968,27.807934,0.42459655,723.85876,0.2585074,1236.9524,0.17919536,-82.888145,-1.0866683,1778.5256,0.15011336,906.8777,0.3643788,-87.00039,-0.93319464,2877.3472,0.085534245,702.4947,0.42106888,-91.28158,-0.8532476,-19.25166,-0.44608408,30.926456,0.29526827,0.046475712,0.8224848,-0.02747162,-0.52952874,0.68041015,0.7187126,29.528143,0.39642784,10.398915,1.3801955,0.42977405,33.464397,-13.361561,-1.0668812,-6.3021426,15.58224,-0.03397368,-0.0035874136,0.1277602,2.461815,1.2404494,0.5186232,0.56162965,0.2964516,0.52109563,-22.451828
P_1985_F_16,r(f),/Users/neda/Documents/Corpus/Pertsch/persian/P_1985_F_16/P_1985_F_16_r(f).wav,eGeMAPSv02,Functionals,35.880527,0.12030359,34.674778,36.23229,38.697456,4.0226784,174.0779,228.86568,99.22315,151.49759,1.0170232,0.6377565,0.38792112,0.91936815,1.5635672,1.1756461,15.870523,8.964796,11.317301,6.0277233,0.7763426,0.90207577,23.963179,0.67294526,9.604588,1.5295125,-2.7606397,-5.2795367,-8.617449,-1.6927488,0.033261288,2.074708,1.0909789,0.76556295,8.196645,0.6039301,6.458083,1.7134966,29.06565,0.40577945,722.6812,0.26200107,1278.1439,0.17168975,-61.511204,-1.325285,1747.8817,0.14634335,966.468,0.3418438,-67.32801,-1.0617363,2867.7976,0.09220638,792.31604,0.40994123,-74.21632,-0.90911883,-18.225607,-0.4668558,31.787682,0.3034926,0.045619898,0.79661405,-0.027432399,-0.541341,0.96706176,0.71467996,30.24894,0.4091752,9.439752,1.7082145,-4.625721,-3.384163,-12.381855,-1.1367284,-6.6075573,15.416987,-0.026252985,-0.0067128097,0.15859252,3.6492376,1.5397193,0.48867255,0.52025956,0.17219779,0.30530405,-22.002378
P_1985_F_16,r(i),/Users/neda/Documents/Corpus/Pertsch/persian/P_1985_F_16/P_1985_F_16_r(i).wav,eGeMAPSv02,Functionals,36.292442,0.13910733,34.8524,36.69628,39.71762,4.865219,319.7067,592.23895,90.75617,114.89245,1.1299874,0.6772384,0.37938523,0.970854,1.834058,1.4546728,18.832977,10.270296,13.870325,8.051216,0.96335393,0.9678296,24.123652,0.636402,7.6692777,1.9853821,-2.4932706,-6.106115,-11.365842,-1.3958263,0.034972385,2.0791745,1.117686,0.77200437,8.305863,0.61565185,7.8197837,1.7476599,28.902699,0.46720877,698.2887,0.2664965,1286.6213,0.17157558,-61.47442,-1.355148,1725.3134,0.1497841,958.1672,0.35118252,-66.401024,-1.0981755,2842.8413,0.092201516,772.9872,0.43103772,-72.960434,-0.9457674,-18.526096,-0.45966846,31.42155,0.2871583,0.050221782,0.7595508,-0.029765852,-0.5048953,1.2136192,0.76695615,30.318867,0.37873024,7.2390513,2.315011,-3.971266,-4.168981,-15.390544,-1.0105122,-6.503081,15.220639,-0.02391794,-0.0075673484,0.1611941,3.8528345,1.4222504,0.5281111,0.52157426,0.18849315,0.23705192,-20.296492
P_1985_F_16,str,/Users/neda/Documents/Corpus/Pertsch/persian/P_1985_F_16/P_1985_F_16_str.wav,eGeMAPSv02,Functionals,35.08776,0.13512452,34.415726,35.61912,37.79106,3.3753357,265.9504,391.22766,111.40738,211.31099,0.9404065,0.6565042,0.3255479,0.83224136,1.4935113,1.1679634,13.202479,8.302416,8.924062,5.457278,0.56850845,0.9461196,23.02478,0.6988312,10.066193,1.312449,-1.6412817,-7.783511,-7.452239,-1.8773648,0.034001984,2.32867,0.9549532,0.89836574,8.945467,0.55126935,7.3717504,1.5010841,30.009577,0.38521633,711.9708,0.26751477,1276.5073,0.17881005,-70.730484,-1.2274824,1736.7909,0.14943212,969.9016,0.3553313,-76.08843,-1.0105318,2873.7712,0.09327359,764.84186,0.43301708,-82.59985,-0.878773,-18.93312,-0.4379324,32.671364,0.27391174,0.046990503,0.75867414,-0.027762473,-0.5238902,0.74300706,0.72411406,30.876596,0.36758256,10.799479,1.3627853,-3.2196584,-4.374088,-11.887671,-1.1451094,-6.4800086,15.609295,-0.028857125,-0.005656058,0.13233265,2.9488292,1.3727292,0.5120074,0.4939271,0.23383927,0.5343249,-22.727898
P_1985_M_23,con,/Users/neda/Documents/Corpus/Pertsch/persian/P_1985_M_23/P_1985_M_23_con.wav,eGeMAPSv02,Functionals,27.139734,0.19816712,24.5191,27.909334,30.52061,6.0015106,238.61337,379.79498,98.61205,183.03433,0.9660938,0.710679,0.31039128,0.805501,1.5590698,1.2486784,15.407626,9.604858,10.814682,6.804851,0.76358515,0.9750574,23.90296,0.73820275,12.718116,0.9941944,10.908944,1.0729854,3.5564153,3.1906283,0.041760866,2.2340355,1.1825942,0.79820645,4.9767013,1.0074947,5.6125836,2.6533747,26.806303,0.55933756,515.71246,0.32729405,1282.2446,0.16682361,-71.65781,-1.2159624,1542.7997,0.17436875,1054.8517,0.34082383,-80.809235,-0.9793419,2540.3254,0.12082292,894.2822,0.39926648,-84.3028,-0.90753937,-19.948687,-0.3823448,27.99108,0.2897881,0.016159669,2.4317267,-0.03189717,-0.49950495,1.027546,0.73539287,33.025818,0.38167396,13.669373,1.0253326,12.378066,1.041538,2.2951052,5.470835,-7.770695,16.010756,-0.031651665,-0.0071752253,0.20223181,2.9849184,2.1062558,0.3135821,0.27279305,0.16057143,0.28354836,-21.563173
P_1985_M_23,m(f),/Users/neda/Documents/Corpus/Pertsch/persian/P_1985_M_23/P_1985_M_23_m(f).wav,eGeMAPSv02,Functionals,24.281488,0.1604057,23.435614,24.668358,26.831108,3.3954945,200.44922,299.58597,76.82671,95.948814,0.6571573,0.5983246,0.2705376,0.59280384,0.9682784,0.6977408,8.441324,4.385954,6.494315,3.7787025,0.42074645,0.8181966,20.020987,0.7828711,15.886523,0.7381143,13.779945,0.9181939,6.910677,1.5047754,0.03489846,1.975361,1.208253,0.79427356,3.6438842,1.2846422,14.4006,1.2002038,28.88551,0.4846464,521.40875,0.3654032,1263.7384,0.17900267,-74.078094,-1.1446108,1590.09,0.16969852,1011.88196,0.41704378,-83.089386,-0.93660337,2554.3425,0.13314958,917.33734,0.4160919,-84.938736,-0.899783,-20.066988,-0.37021694,27.69373,0.28456905,-0.010426419,-3.3629754,-0.029209143,-0.5382255,0.5495287,0.6039583,27.942965,0.41723305,17.870478,0.6904986,16.719805,0.8029295,6.570844,1.7606608,-7.6359158,15.819534,-0.036788773,-0.0069860783,0.15008868,3.2566755,2.2397282,0.29324138,0.2599731,0.1483721,0.17683166,-26.662489
P_1985_M_23,m(i),/Users/neda/Documents/Corpus/Pertsch/persian/P_1985_M_23/P_1985_M_23_m(i).wav,eGeMAPSv02,Functionals,24.759638,0.20917653,23.414896,25.072042,27.39591,3.9810143,258.88342,288.89886,99.34437,125.336,0.74436444,0.6288886,0.25893003,0.68565995,1.1109072,0.85197717,10.435162,5.8007903,7.875167,4.558532,0.5160189,0.89386964,21.447989,0.81066054,14.392971,0.80199915,10.791568,1.2427043,5.652778,1.9423131,0.050096598,2.0519576,1.176757,0.74697036,3.7219608,1.2792329,11.231972,1.4548316,28.358343,0.39752272,517.53485,0.3278551,1274.0596,0.16663195,-73.72599,-1.1819319,1555.1805,0.16666459,1044.9501,0.3634711,-82.38359,-0.97159153,2526.8396,0.12914614,944.51166,0.41236517,-85.37816,-0.9091501,-19.396936,-0.3955955,27.851402,0.296576,-0.0033383137,-10.618771,-0.0296724,-0.5224413,0.6920608,0.6499621,30.791536,0.39425692,15.051615,0.85245574,12.971641,1.1667535,5.1678987,2.377014,-7.345359,15.798844,-0.036194373,-0.005320746,0.15481943,3.494927,1.7319278,0.38065216,0.28207618,0.18386364,0.24371381,-25.673239
P_1985_M_23,pic,/Users/neda/Documents/Corpus/Pertsch/persian/P_1985_M_23/P_1985_M_23_pic.wav,eGeMAPSv02,Functionals,26.974506,0.15805821,24.373428,27.16202,30.20722,5.8337917,280.46045,441.26077,116.49159,312.34506,0.98238814,0.6206588,0.34707057,0.9201155,1.5236835,1.176613,12.904256,6.6988106,11.137099,6.213131,0.765411,0.81172764,24.061394,0.69777954,14.64971,0.9051646,15.65365,0.87814695,0.5017065,25.480871,0.03796802,2.0383368,1.1372566,0.78619444,5.2401986,0.8714383,8.800993,1.2395505,28.858826,0.3679542,524.9367,0.3113119,1259.2351,0.17050774,-64.08712,-1.2987514,1611.8173,0.173475,1004.5545,0.41348535,-74.84718,-1.0075368,2599.7385,0.12462461,916.31464,0.43687525,-76.93011,-0.9606143,-20.886864,-0.36123383,27.66415,0.28991202,0.015020342,2.488553,-0.036199704,-0.43733057,0.98667693,0.5866246,32.070557,0.35577065,15.730375,0.888176,18.911076,0.7453474,-1.0953418,-12.457263,-6.8070927,14.556853,-0.028739797,-0.009157771,0.18989614,3.7729318,1.7495236,0.4040594,0.37971896,0.156,0.21936466,-21.613358
P_1985_M_23,r(f),/Users/neda/Documents/Corpus/Pertsch/persian/P_1985_M_23/P_1985_M_23_r(f).wav,eGeMAPSv02,Functionals,26.933315,0.13947214,24.664764,26.68379,30.133015,5.4682503,173.31557,291.70682,87.249985,138.35867,0.8745222,0.68836474,0.25358573,0.7662939,1.3889959,1.1354102,14.511713,7.2063446,11.757671,6.119279,0.68331057,0.92147297,21.90438,0.8196156,12.096051,1.0688207,9.679476,1.4406734,2.2463815,5.118127,0.03345827,2.0387928,1.3214824,0.7360487,4.296364,0.9983138,7.4645624,1.5674595,26.7584,0.3758435,507.7556,0.30991542,1254.7341,0.16799669,-76.60957,-1.1552778,1549.6132,0.17811078,1040.2892,0.36951292,-85.64706,-0.947599,2505.5469,0.12509613,929.87537,0.3964959,-88.66441,-0.8883921,-18.557281,-0.39529803,26.742897,0.28716466,0.015870025,2.1440804,-0.0335887,-0.45105794,0.9591873,0.63016397,32.45032,0.36819875,12.015578,1.2142336,11.279053,1.4245719,0.26289967,47.951,-6.6057806,14.941316,-0.028670773,-0.006465927,0.1679674,3.7192688,2.0918744,0.30261305,0.25324664,0.1791228,0.3609925,-23.797773
P_1985_M_23,r(i),/Users/neda/Documents/Corpus/Pertsch/persian/P_1985_M_23/P_1985_M_23_r(i).wav,eGeMAPSv02,Functionals,26.659687,0.16880393,24.421442,26.971903,30.230434,5.8089924,188.44756,352.32767,142.15189,431.54068,0.7723037,0.76343143,0.22236991,0.6013365,1.3074105,1.0850406,13.157019,6.9801297,11.271575,6.5460887,0.6174469,1.038886,19.66802,0.93145597,13.534033,0.8234891,10.827268,1.2088904,2.2100997,5.3001184,0.038441293,2.098427,1.266881,0.74517053,4.2885256,1.1132429,6.5524645,2.2573845,27.823778,0.44043988,503.4649,0.32007164,1262.9545,0.1565793,-89.61119,-1.0311869,1543.5701,0.18261576,1035.6277,0.34828183,-97.7776,-0.8614077,2541.9255,0.12605098,904.3447,0.4351284,-100.67176,-0.81073046,-20.053097,-0.36223593,28.36594,0.26879168,0.018305916,2.0657938,-0.033260856,-0.47491658,0.9628642,0.64813215,32.240692,0.38621324,15.118205,0.8774478,13.5232315,1.1432768,-0.6152367,-22.082783,-7.520856,16.513535,-0.034767974,-0.004443541,0.12997553,3.3935547,1.6855992,0.33847827,0.3330663,0.25409448,0.43420014,-23.718126
P_1985_M_23,str,/Users/neda/Documents/Corpus/Pertsch/persian/P_1985_M_23/P_1985_M_23_str.wav,eGeMAPSv02,Functionals,25.058113,0.1563158,23.591011,25.304972,27.634197,4.043186,197.7015,277.3644,77.433914,91.239265,0.70993364,0.6112519,0.26287746,0.6468566,1.0850958,0.8222183,8.924538,4.9735284,6.9440055,4.1270485,0.45564303,0.8543264,21.07327,0.78546757,15.215427,0.774202,12.844557,0.92648834,6.0296173,1.8335803,0.032175392,2.254415,1.0922796,0.7629559,4.5637946,0.970914,10.708692,1.3810978,29.492825,0.39191428,517.32526,0.35842222,1265.4167,0.1746269,-74.982605,-1.1554295,1563.4668,0.18305592,1056.2532,0.36439645,-84.29406,-0.9392077,2533.3171,0.13435093,895.9817,0.41227767,-86.80284,-0.88966227,-20.459093,-0.37080958,28.15455,0.27745995,-0.0014338901,-25.742428,-0.028189491,-0.5529027,0.6080253,0.62290406,30.243774,0.3721813,17.40426,0.71691066,15.286841,0.8517375,5.287162,2.3410883,-6.9645095,15.487006,-0.035913564,-0.0029627255,0.14659622,3.1888258,1.8855486,0.34594405,0.37499693,0.17712122,0.24451417,-25.865492
P_1988_M_09,con,/Users/neda/Documents/Corpus/Pertsch/persian/P_1988_M_09/P_1988_M_09_con.wav,eGeMAPSv02,Functionals,25.544207,0.14691405,23.632309,25.249153,28.271755,4.6394463,216.04419,242.412,100.685326,182.08014,0.18162307,0.6218076,0.07754173,0.1541149,0.26802087,0.19047913,2.9573984,1.9858855,1.5764545,1.0318874,0.059008557,0.9603756,19.52261,0.8408225,17.120392,0.66414464,13.5390005,0.8773578,11.052466,0.885752,0.030970355,2.4298651,1.0029337,1.0155696,5.884001,0.65357643,8.984235,1.3138412,31.184145,0.36856884,523.8454,0.36810714,1261.4601,0.17574477,-91.31447,-0.9777469,1613.8477,0.14454056,1042.7778,0.36093488,-100.12422,-0.8078966,2598.5125,0.12104411,984.00775,0.399172,-103.2789,-0.7567526,-23.057447,-0.31820342,32.365715,0.23581855,0.0045134574,7.981257,-0.026380252,-0.5239353,0.08383721,0.6992062,30.760796,0.33292028,21.014421,0.5656891,16.219608,0.81713593,12.969211,0.80404365,-7.896959,16.594496,-0.019365462,-0.0025946384,0.022471678,2.4430506,1.8172808,0.31727272,0.21231154,0.21952829,0.31067595,-42.44379
P_1988_M_09,m(f),/Users/neda/Documents/Corpus/Pertsch/persian/P_1988_M_09/P_1988_M_09_m(f).wav,eGeMAPSv02,Functionals,23.998117,0.1346834,22.852787,23.882029,25.92581,3.0730228,246.92479,247.47182,110.08886,252.7076,0.17661928,0.5234194,0.09280576,0.16045648,0.2473369,0.15453114,2.40676,1.5457783,1.4057152,0.91973656,0.06130286,0.84518844,20.787357,0.7446784,17.945278,0.63755673,12.200532,1.00017,10.258174,0.9602341,0.04433334,2.0768092,1.14021,0.9404998,4.611196,0.7950979,11.237052,1.0038195,35.056274,0.29514053,554.7872,0.34497187,1294.3602,0.151668,-85.766014,-1.0191207,1633.152,0.14428763,1073.836,0.35165748,-95.355446,-0.8298809,2664.2478,0.1231846,979.9394,0.4422391,-99.19954,-0.7665369,-23.782,-0.29261485,34.395626,0.19996758,-0.007255921,-4.1147184,-0.024775466,-0.5281512,0.08331215,0.6236347,30.831741,0.29857513,22.67177,0.4630859,14.225608,0.9552677,11.669542,0.8870829,-7.4445763,16.300692,-0.017154798,-0.003354083,0.024364205,3.066544,1.7646157,0.3452174,0.27905226,0.20008695,0.28189266,-42.873123
P_1988_M_09,m(i),/Users/neda/Documents/Corpus/Pertsch/persian/P_1988_M_09/P_1988_M_09_m(i).wav,eGeMAPSv02,Functionals,25.687912,0.15080965,23.753178,25.994225,28.219015,4.4658375,303.53064,559.1393,159.1989,343.06323,0.22308172,0.6096103,0.09630574,0.1907332,0.3362449,0.23993917,3.3799288,2.3114705,2.08448,1.3607278,0.07545201,0.89960706,22.900034,0.73565954,14.667905,0.76731086,10.68002,1.1270053,11.1663885,0.926052,0.036963023,2.5136733,1.0602615,0.9400306,5.6240516,0.7335072,9.964474,1.0579015,30.945993,0.3297748,562.92773,0.36227757,1297.1631,0.1842593,-78.747116,-1.0921879,1605.9272,0.14416233,1064.5905,0.35184082,-87.46314,-0.9002492,2616.6902,0.121300146,969.6702,0.37280244,-91.833275,-0.82118326,-21.452745,-0.34376714,32.0529,0.23662457,0.0034643689,9.542799,-0.02351942,-0.54651195,0.10081614,0.6821181,32.59971,0.34475166,17.09533,0.6914571,12.265448,1.0860418,13.085152,0.8180072,-7.9743423,16.927998,-0.020322526,-0.0040720683,0.02578673,3.199618,1.816878,0.35513157,0.29529864,0.19656716,0.30340138,-40.1878
P_1988_M_09,pic,/Users/neda/Documents/Corpus/Pertsch/persian/P_1988_M_09/P_1988_M_09_pic.wav,eGeMAPSv02,Functionals,24.025036,0.13118835,22.752846,23.842144,25.854902,3.1020565,185.2957,201.07462,87.946625,146.76285,0.16106008,0.5093351,0.08167364,0.14933287,0.22208835,0.14041471,1.9237682,1.3035223,1.3465122,0.8832905,0.054740436,0.8962809,19.990189,0.7645407,20.10322,0.5690059,14.342904,0.8314215,10.790744,0.87363017,0.035727724,2.1096191,1.0776323,0.94378155,5.0521097,0.7502358,13.51774,0.80570245,36.458145,0.259251,545.41583,0.352281,1302.2473,0.16137677,-85.8012,-1.019473,1657.6774,0.14075413,1066.6183,0.36607108,-95.79628,-0.823091,2671.9834,0.12315964,994.2583,0.44657564,-99.02294,-0.7699037,-25.31685,-0.2527751,34.825043,0.19600503,-0.0078141885,-4.1119475,-0.026919292,-0.49914002,0.074820854,0.6667298,29.937815,0.29359445,25.395552,0.3879565,17.720633,0.7063865,12.631181,0.77287275,-7.956747,16.61686,-0.019005883,-0.0033588123,0.020548392,3.065527,1.5849488,0.3882734,0.2905934,0.23519082,0.34503752,-43.23863
P_1988_M_09,r(f),/Users/neda/Documents/Corpus/Pertsch/persian/P_1988_M_09/P_1988_M_09_r(f).wav,eGeMAPSv02,Functionals,25.275923,0.11813323,23.589563,25.065495,27.458794,3.8692303,188.71819,245.93651,116.94042,314.15833,0.22718273,0.60728425,0.098985575,0.19861673,0.33982027,0.24083468,3.9655926,2.1607492,2.4334936,1.3992913,0.08797902,0.85787016,21.845606,0.7566083,14.140943,0.8487328,12.338168,1.1402799,10.190128,1.057645,0.037642576,2.0918853,1.2645191,0.78443885,4.5603375,0.8206868,11.68775,0.9290642,30.181902,0.33167917,525.8169,0.35924008,1276.7875,0.17420256,-79.73408,-1.0908082,1593.3536,0.15056406,1011.2748,0.4002827,-88.02956,-0.9060516,2582.132,0.10958232,954.5264,0.40792164,-91.53256,-0.84168154,-20.198013,-0.37461126,29.39175,0.26365343,0.005556499,5.5174127,-0.025371378,-0.539171,0.120488726,0.60544175,31.447542,0.35215235,15.862827,0.8451759,14.644859,1.0841998,11.591612,1.0489002,-7.296719,15.970307,-0.012287547,-0.0052850945,0.027718103,3.7874963,2.2029102,0.28490826,0.22672424,0.15357143,0.294151,-40.745247
P_1988_M_09,r(i),/Users/neda/Documents/Corpus/Pertsch/persian/P_1988_M_09/P_1988_M_09_r(i).wav,eGeMAPSv02,Functionals,25.217117,0.1393305,23.171444,25.117012,27.804543,4.6330986,221.39647,519.4169,117.28471,143.2117,0.22783181,0.6146972,0.0967596,0.19224736,0.3556112,0.2588516,3.864194,2.0429657,2.5352182,1.3343081,0.09351717,0.82104284,23.20897,0.70261776,15.926276,0.7535374,13.369005,1.027322,8.813672,1.3640145,0.040338147,2.0694888,1.1954603,0.79393214,4.3590837,0.939401,10.439091,0.9826865,31.165977,0.288286,508.412,0.35385334,1277.2906,0.16776352,-75.75666,-1.1443801,1572.6921,0.15900205,1028.3457,0.37610576,-85.54138,-0.92102677,2560.65,0.10713045,910.11847,0.37507713,-89.07604,-0.85437024,-21.828127,-0.33986717,30.541348,0.2558301,0.013346489,2.4322798,-0.027900416,-0.52696145,0.1268604,0.5681821,32.43591,0.32548153,17.782309,0.73708886,15.35087,0.9918089,9.90858,1.3564585,-8.15265,16.565083,-0.011554662,-0.0064099706,0.02668227,4.1327305,2.0226414,0.32022387,0.24221757,0.16609757,0.24618268,-40.293297
P_1988_M_09,str,/Users/neda/Documents/Corpus/Pertsch/persian/P_1988_M_09/P_1988_M_09_str.wav,eGeMAPSv02,Functionals,24.953867,0.15136473,23.294569,24.977875,27.496122,4.2015533,258.2333,295.06552,118.11164,275.72205,0.18504754,0.5825386,0.08787379,0.16016205,0.2620938,0.17422003,2.8307645,1.908186,1.595858,1.0009832,0.06619818,0.89706665,20.515028,0.7629282,16.95045,0.69510263,12.446178,0.99931794,10.547492,1.0200827,0.04386756,2.1076553,1.0949812,0.9086433,4.9609976,0.82124144,10.363037,1.152802,32.669476,0.30283678,537.16034,0.36861622,1293.5217,0.17166935,-86.197395,-1.0160147,1605.5499,0.15361504,1032.5563,0.3294345,-94.69852,-0.8440773,2643.6946,0.114186764,976.7346,0.4481461,-98.867836,-0.7741496,-22.676891,-0.3295189,33.906864,0.21863769,-0.001986925,-17.215834,-0.021768859,-0.61754537,0.091248736,0.6608613,30.58419,0.3132989,20.685047,0.57847023,14.478037,0.9679718,12.222076,0.9603226,-7.4977794,16.4838,-0.017021647,-0.0022581113,0.024291439,2.8105333,1.830614,0.3317589,0.27392018,0.20257261,0.32587957,-42.373116
P_1989_M_27,con,/Users/neda/Documents/Corpus/Pertsch/persian/P_1989_M_27/P_1989_M_27_con.wav,eGeMAPSv02,Functionals,23.83854,0.16056636,22.51494,23.563793,25.727125,3.212185,227.80714,326.88193,119.796936,156.77354,1.0731865,0.7777191,0.23662409,0.9127472,1.8696983,1.6330742,17.208357,9.939793,14.488962,9.539223,0.7942271,1.0509032,24.19387,0.8699213,10.591692,1.0824594,8.847791,1.3630608,6.065293,1.6435709,0.0355152,2.2631135,1.1695613,0.887834,4.3029876,0.9772397,6.276536,1.6995629,29.933262,0.36296475,467.90628,0.36297742,1279.4928,0.16797881,-83.86615,-1.0979193,1432.2565,0.17337953,991.7905,0.25928417,-91.36885,-0.9327349,2496.7026,0.0975968,848.05585,0.3938862,-97.63218,-0.8204083,-19.380026,-0.38700238,30.730312,0.26222506,0.004585952,7.2030716,-0.022485731,-0.62270004,1.2006555,0.68651533,38.396313,0.34674755,12.418165,1.0539291,9.996354,1.4217112,5.165677,2.2182941,-5.659438,14.8106785,-0.034713905,-0.0010487039,0.15240352,2.7200859,1.3810673,0.43436894,0.40603858,0.3005435,0.5591284,-19.379787
P_1989_M_27,m(f),/Users/neda/Documents/Corpus/Pertsch/persian/P_1989_M_27/P_1989_M_27_m(f).wav,eGeMAPSv02,Functionals,23.698849,0.15151706,22.362164,23.880322,25.822075,3.4599113,364.50925,472.34875,80.41387,159.93161,1.1961657,0.66806674,0.34869862,1.1108676,1.9519064,1.6032078,17.353817,9.582623,13.653927,8.501689,0.9084197,0.8927791,27.20309,0.7164554,10.442326,1.0892347,9.721227,1.3910406,8.529401,1.2292635,0.03264759,2.345105,1.1839641,0.91484034,4.0225763,1.0946453,7.653527,1.7363654,29.21436,0.45224172,471.48233,0.34156126,1284.3114,0.16424415,-64.40859,-1.30815,1462.9066,0.16073634,990.10016,0.28894112,-73.104904,-1.0645483,2502.1868,0.095799305,883.6572,0.3697177,-79.807335,-0.9204312,-18.884459,-0.37019914,30.20363,0.24886364,0.0004718284,71.17009,-0.02159577,-0.6169371,1.1814342,0.66674244,36.705715,0.36522287,11.604669,1.0379916,10.764832,1.3862699,9.452052,1.2008655,-4.9377446,13.650751,-0.025961945,-0.0025147633,0.224288,3.482587,1.7555351,0.3988806,0.3318912,0.17241378,0.25193948,-18.811073
P_1989_M_27,m(i),/Users/neda/Documents/Corpus/Pertsch/persian/P_1989_M_27/P_1989_M_27_m(i).wav,eGeMAPSv02,Functionals,24.49938,0.13056575,22.65019,24.68399,26.925682,4.2754917,288.3935,466.68555,61.896347,68.0912,1.1361958,0.7529582,0.25745168,1.0116297,1.97251,1.7150583,18.880688,10.825911,15.232078,9.09008,0.8474431,1.0092101,25.490412,0.8172319,9.385588,1.1731468,9.661199,1.4085844,7.6692,1.3356462,0.030440642,2.381197,1.2306539,0.9795647,4.6544137,0.9209402,5.6439385,2.239004,28.912138,0.4142275,474.16022,0.33890614,1285.913,0.15381698,-77.92641,-1.1643659,1466.2998,0.1598298,1002.09894,0.29901868,-86.18195,-0.9742315,2494.9714,0.10080241,924.9068,0.4414872,-92.23134,-0.8595732,-18.954493,-0.34694028,30.30498,0.23634778,0.010734372,3.3544426,-0.02323556,-0.54048514,1.2257202,0.6823541,38.859447,0.3108808,10.159813,1.2314609,11.21439,1.4274498,7.9811563,1.471702,-5.043872,14.115653,-0.03136629,-0.0012333238,0.17338502,3.3710017,1.3228527,0.47579712,0.36938807,0.29262295,0.49536842,-19.120249
P_1989_M_27,pic,/Users/neda/Documents/Corpus/Pertsch/persian/P_1989_M_27/P_1989_M_27_pic.wav,eGeMAPSv02,Functionals,23.917612,0.16807847,22.513386,24.15918,26.206627,3.6932411,233.30817,302.11642,131.66974,241.91808,1.0474211,0.7153542,0.2591324,0.95786786,1.7821647,1.5230323,13.792147,7.9900937,13.269196,8.706048,0.7961291,0.9753395,23.669674,0.8698535,12.595477,0.88027894,11.176764,1.2423368,8.193128,1.2469119,0.040390726,2.520863,1.1333932,1.001587,4.1915894,1.1726785,6.8332562,2.387738,30.60262,0.510935,477.46756,0.35080132,1269.4247,0.17865567,-82.45986,-1.1063113,1481.3663,0.16412841,1014.6288,0.30882233,-91.32194,-0.9150893,2502.45,0.10724976,911.36017,0.36421221,-96.52246,-0.82185954,-20.552568,-0.37394425,31.481989,0.2736365,0.004768638,7.533976,-0.02466377,-0.5571599,1.1567104,0.6471088,36.91203,0.35885754,15.351829,0.7608298,13.261648,1.2168081,8.451719,1.4154062,-5.038994,13.883707,-0.033092864,-0.0019475213,0.20424648,3.1470122,1.489144,0.40885496,0.36348954,0.26813558,0.4344994,-19.113644
P_1989_M_27,r(f),/Users/neda/Documents/Corpus/Pertsch/persian/P_1989_M_27/P_1989_M_27_r(f).wav,eGeMAPSv02,Functionals,24.263931,0.16358845,22.895098,24.379278,26.59458,3.699482,261.56842,363.93097,131.20235,267.16632,1.1642343,0.7329208,0.26254737,1.0571487,1.9384905,1.6759431,21.220913,12.130121,18.73554,10.381569,1.0890714,0.9693413,24.272331,0.8483831,11.596495,0.9954655,10.163252,1.4239196,7.7622795,1.3617764,0.044466265,2.1636753,1.3512436,0.8289418,3.4362552,1.3195655,7.2457414,1.9008781,29.520054,0.4528884,471.0892,0.32211813,1283.6943,0.17999469,-78.68613,-1.1359887,1479.8297,0.15532999,990.2918,0.3232746,-87.04991,-0.94546,2503.0771,0.09455697,925.2921,0.38233253,-92.62521,-0.8415564,-19.05178,-0.4018365,30.161366,0.28249356,0.005498639,6.22561,-0.02601865,-0.5285609,1.5442841,0.66290754,36.51781,0.388452,12.617169,1.0339693,11.192486,1.4926101,7.93716,1.5434169,-5.6593738,14.279897,-0.030041723,-0.0042167045,0.2763713,3.8168848,1.9512197,0.31987804,0.31693652,0.19767605,0.37029812,-18.958836
P_1989_M_27,r(i),/Users/neda/Documents/Corpus/Pertsch/persian/P_1989_M_27/P_1989_M_27_r(i).wav,eGeMAPSv02,Functionals,24.76653,0.1637897,23.23898,24.862648,27.143826,3.9048462,286.37158,516.1288,118.67466,156.91483,1.0934846,0.82847303,0.22169484,0.86254656,1.943739,1.7220442,21.436365,12.433811,18.203505,10.31644,1.0190911,1.0673946,24.05591,0.8420731,10.185502,1.151971,10.879643,1.2659539,7.7344365,1.5508996,0.040768925,2.1770773,1.3608601,0.7955343,3.628371,1.2308831,6.831823,2.1079242,28.390938,0.4922228,464.6421,0.34701037,1258.5844,0.18125214,-82.34789,-1.1128504,1465.5009,0.16504875,957.4673,0.27567747,-90.31851,-0.9355761,2498.0728,0.09581124,867.6148,0.37074652,-95.517586,-0.8400463,-18.859755,-0.40476927,29.497017,0.28503737,0.012584233,2.8777566,-0.024348605,-0.6499446,1.534763,0.69561493,37.008926,0.3660048,10.844575,1.2658569,13.12558,1.2088155,7.807996,1.8531613,-6.6072755,15.905219,-0.03182527,-0.0030055603,0.18419716,3.49512,1.7157187,0.35169232,0.35501713,0.2454054,0.506247,-19.09218
P_1989_M_27,str,/Users/neda/Documents/Corpus/Pertsch/persian/P_1989_M_27/P_1989_M_27_str.wav,eGeMAPSv02,Functionals,23.909517,0.15374538,22.351492,23.76543,25.96549,3.6139984,248.93207,343.89267,127.7484,363.4073,1.0124514,0.8005896,0.24097824,0.7865837,1.7880796,1.5471014,17.12944,10.700559,14.630451,9.621344,0.7617788,1.0764915,23.763271,0.8606136,10.381255,1.0657084,8.040302,1.4581321,6.169567,1.6323278,0.035913464,2.2275875,1.1896877,0.8601817,4.0338354,1.0719889,6.7925863,2.087409,29.770231,0.4317754,479.00262,0.34758973,1304.2754,0.16633148,-87.483,-1.052799,1453.1643,0.1732586,1016.8554,0.25217718,-94.3744,-0.90424067,2505.0625,0.104937024,899.30664,0.3981133,-100.41243,-0.7989458,-19.196619,-0.37773582,30.830292,0.25755826,0.002729936,11.680179,-0.023129292,-0.59301066,1.1684126,0.6991867,37.998886,0.33372355,12.076543,1.037331,8.938144,1.5805807,5.83355,1.9748611,-5.709372,14.681184,-0.03051202,-0.0021693683,0.1557515,2.7189353,1.4696331,0.39834255,0.37691173,0.28475904,0.51366705,-19.911203
P_1990_M_18,con,/Users/neda/Documents/Corpus/Pertsch/persian/P_1990_M_18/P_1990_M_18_con.wav,eGeMAPSv02,Functionals,20.887693,0.18140492,19.063475,20.92995,22.693758,3.6302834,165.13087,242.9663,109.42004,285.76028,0.9059422,0.80048954,0.23923752,0.7281944,1.4835081,1.2442706,15.2091055,9.377801,13.014344,8.617415,0.79511625,1.0184017,19.419504,0.89418167,12.772084,0.9137894,14.08938,0.95416856,2.694144,4.24431,0.044687707,1.5876297,1.6831388,0.7921053,1.0154315,4.24834,3.514987,3.9874089,27.253607,0.43517256,463.8063,0.3168288,1186.1359,0.18687952,-88.53043,-1.0475997,1505.1901,0.16564877,941.87964,0.40851414,-97.85393,-0.8637183,2551.8455,0.0895017,818.6009,0.49280742,-100.94414,-0.8099274,-18.601099,-0.41548127,27.471802,0.2911648,0.0003523509,84.442986,-0.026729573,-0.5356977,1.1891887,0.66130614,30.68224,0.39879438,15.058674,0.8767045,18.41848,0.79203653,-0.4012785,-32.473637,-7.2139215,16.390572,-0.03189978,-0.0046516107,0.24697798,2.883808,2.0915034,0.26950893,0.25612184,0.21828124,0.35133052,-22.187115
P_1990_M_18,m(f),/Users/neda/Documents/Corpus/Pertsch/persian/P_1990_M_18/P_1990_M_18_m(f).wav,eGeMAPSv02,Functionals,20.912802,0.17844689,19.472778,20.745697,22.468079,2.9953003,167.68002,214.95135,202.9407,649.04126,0.82719696,0.77175653,0.23870265,0.6507833,1.3586034,1.1199007,13.707266,8.700618,10.87805,7.2699895,0.62320006,0.9898031,18.821423,0.93482274,13.597551,0.84599227,14.805518,0.89166874,3.408495,3.275223,0.041650094,1.8247303,1.4652411,0.8623889,1.8719993,2.1749902,2.6521037,3.8773615,28.049578,0.35648656,474.23456,0.32236466,1220.9437,0.19278663,-85.49398,-1.0827389,1526.5511,0.15897529,1003.3553,0.40300024,-95.346245,-0.8803214,2536.5693,0.096322194,875.3125,0.46251246,-97.98419,-0.8327542,-19.469015,-0.38511753,27.949535,0.26987493,-0.0038720535,-6.806311,-0.028211268,-0.507103,0.92096394,0.642081,30.355774,0.38887542,16.259317,0.7750582,19.005262,0.7502297,1.0717131,11.97168,-5.828618,14.365993,-0.02876357,-0.0035504887,0.18065731,2.6943007,1.8433181,0.31562498,0.27226716,0.23013987,0.3507414,-23.408344
P_1990_M_18,m(i),/Users/neda/Documents/Corpus/Pertsch/persian/P_1990_M_18/P_1990_M_18_m(i).wav,eGeMAPSv02,Functionals,21.662094,0.20222272,20.01208,21.428036,23.372246,3.3601665,173.67885,240.37477,104.194214,218.8682,1.0005788,0.7862008,0.25643897,0.8178392,1.6628809,1.4064419,17.296986,11.031791,13.7760935,8.582157,0.8226792,1.0546111,20.936245,0.8812535,12.216859,0.93196815,12.4323635,1.0815188,1.9557921,5.9964724,0.03117384,1.6829712,1.5260258,0.8130567,2.0330646,2.1810696,2.5517404,4.6585793,27.559166,0.47893813,481.5779,0.28933725,1226.1621,0.17445752,-80.46471,-1.1429873,1519.1477,0.16299517,993.99115,0.38362342,-90.12249,-0.9325382,2541.2473,0.107998796,922.4054,0.41033772,-93.943184,-0.8604684,-18.980944,-0.4065809,28.056803,0.29281607,0.0030808141,9.123693,-0.03190046,-0.46302894,1.2262868,0.70809585,32.5385,0.38742197,13.899624,0.9185268,16.088621,0.92614573,-1.0227253,-12.435182,-6.6176867,15.45845,-0.03340475,-0.004649979,0.16563094,3.054268,1.693064,0.3583871,0.30912566,0.24185184,0.41657808,-21.075676
P_1990_M_18,pic,/Users/neda/Documents/Corpus/Pertsch/persian/P_1990_M_18/P_1990_M_18_pic.wav,eGeMAPSv02,Functionals,20.933687,0.23350053,18.609505,20.520739,22.634949,4.025444,144.49203,218.55266,128.2815,197.03178,0.66358787,0.8529012,0.2138561,0.37424386,1.1445894,0.9307333,12.210365,8.479826,9.960059,8.310929,0.5536042,1.2217016,13.59588,1.2806251,14.600085,0.708783,14.174536,0.9453831,3.8746717,2.6284804,0.041114483,1.4980295,1.5913446,0.8171219,1.4468966,2.9628658,3.092409,3.7186964,28.736542,0.36568883,485.91077,0.30659735,1192.4156,0.18765134,-115.275635,-0.80948377,1586.833,0.16526198,945.15533,0.46499646,-123.08101,-0.681901,2618.1533,0.09819261,854.608,0.536585,-124.2608,-0.6636823,-20.965881,-0.38579977,28.461094,0.29785934,-0.0066803014,-4.190733,-0.03340118,-0.45159176,1.0450711,0.65409064,29.470804,0.40956575,20.318207,0.57195884,22.359125,0.65756404,0.15085699,85.02991,-6.489017,15.663204,-0.037217505,-0.0036281112,0.1519852,2.1939702,1.511628,0.28899038,0.3175907,0.40572223,0.84351856,-24.352552
P_1990_M_18,r(f),/Users/neda/Documents/Corpus/Pertsch/persian/P_1990_M_18/P_1990_M_18_r(f).wav,eGeMAPSv02,Functionals,21.284054,0.18066606,19.480122,20.745249,23.142765,3.6626434,189.64598,286.43713,88.768616,150.22075,1.2549762,0.71010566,0.3320145,1.1114224,2.07455,1.7425354,22.765842,13.238186,17.10862,9.212264,1.1306701,0.8579901,22.505032,0.80166095,11.736842,1.1233494,16.374428,0.95165914,-2.476663,-5.1029353,0.034427788,1.6397432,1.5989605,0.7362036,1.5121284,2.408312,1.6844863,6.1897354,25.43145,0.46717215,468.7745,0.3118776,1164.2915,0.20087323,-63.91657,-1.3686081,1531.8069,0.17278437,893.64966,0.43969533,-74.5881,-1.071705,2552.5833,0.09508893,886.6336,0.45759714,-77.94963,-0.9943744,-17.399982,-0.44629925,25.943872,0.3230526,0.011502433,2.3567576,-0.032510843,-0.42444623,1.5059577,0.59548336,31.364944,0.41490504,12.040899,1.1872042,19.334974,0.85160196,-5.6720424,-2.301066,-5.358847,13.073985,-0.023723207,-0.009292122,0.26586482,3.8285525,1.9767702,0.34406778,0.30956563,0.16644295,0.24604543,-19.586388
P_1990_M_18,r(i),/Users/neda/Documents/Corpus/Pertsch/persian/P_1990_M_18/P_1990_M_18_r(i).wav,eGeMAPSv02,Functionals,22.439823,0.21213573,20.38209,21.967335,23.990402,3.6083126,231.77164,470.38358,130.78319,180.75455,1.1333612,0.8150172,0.25520286,0.87695384,1.9984968,1.7432939,22.000944,11.6292925,18.474789,10.444006,0.94355905,0.9931831,21.794163,0.8393544,10.5286455,1.1986048,15.053612,1.0489639,-1.537818,-9.241305,0.0385063,1.6739484,1.643479,0.7298033,2.169333,1.8045152,2.9162412,3.7015016,25.75245,0.43529454,459.02475,0.3277362,1161.0112,0.193147,-70.682304,-1.2908658,1491.6119,0.17483273,909.713,0.40133265,-80.560814,-1.0368055,2537.0593,0.08829756,817.38873,0.44613752,-84.22877,-0.9571815,-17.352703,-0.46032736,26.282139,0.33514735,0.015445152,1.8835152,-0.031076845,-0.51219225,1.3376696,0.6803193,31.682673,0.4302296,11.479921,1.2448462,18.643755,0.916083,-5.4118986,-2.8267186,-5.8890233,14.687946,-0.027209679,-0.0056086,0.17458235,3.5302956,1.6159338,0.40147284,0.34307796,0.22954546,0.37463534,-19.818079
P_1990_M_18,str,/Users/neda/Documents/Corpus/Pertsch/persian/P_1990_M_18/P_1990_M_18_str.wav,eGeMAPSv02,Functionals,20.930399,0.18861605,19.027143,20.89921,22.617596,3.5904522,191.95233,249.10378,120.44855,364.4404,0.8237112,0.7798487,0.23884638,0.63732725,1.3503448,1.1114984,14.07872,8.963265,11.438985,7.557007,0.7257625,1.0387251,19.000885,0.91114074,15.104289,0.76840705,14.895867,0.91359,2.4919775,4.639068,0.042871147,1.6319613,1.6693949,0.8131399,1.2578682,3.5401175,3.7191172,3.370008,29.474842,0.3729294,488.9823,0.3236753,1209.6028,0.18421784,-90.43276,-1.021558,1563.308,0.1784271,968.9629,0.43742254,-100.10399,-0.8351286,2611.41,0.09919745,859.3232,0.48921993,-102.74674,-0.7899928,-20.560472,-0.37520355,29.10024,0.27288225,-0.0036632083,-7.7745886,-0.030671343,-0.49022716,1.0918044,0.6774332,30.42123,0.38676396,18.811098,0.658366,19.841862,0.7389577,-0.7405676,-17.61655,-7.0857024,16.05355,-0.03191796,-0.005498896,0.22704686,2.7523377,1.9904077,0.28146988,0.28153795,0.22763737,0.3655536,-22.44694
P_1991_F_11,con,/Users/neda/Documents/Corpus/Pertsch/persian/P_1991_F_11/P_1991_F_11_con.wav,eGeMAPSv02,Functionals,35.95886,0.121405065,34.924194,36.28952,38.52313,3.5989342,263.9655,474.3903,90.49433,242.84312,1.365123,0.58003914,0.57010794,1.2509903,2.107333,1.537225,19.20709,11.8709,12.141441,6.4517207,0.9407578,0.8818024,28.100668,0.4792089,6.554339,2.2131848,0.8358541,16.44248,-11.006352,-1.2320253,0.027671628,2.622369,0.91614264,1.0258411,9.831319,0.54097134,8.088164,1.5156376,29.013964,0.35160428,678.54565,0.24202211,1233.6545,0.16610153,-44.433144,-1.6412269,1736.6677,0.13566342,867.6827,0.40410864,-54.21406,-1.163865,2811.767,0.083436176,733.1878,0.44707945,-60.491074,-0.9914794,-20.451506,-0.3607927,31.298683,0.26296967,0.060933236,0.5724004,-0.034696985,-0.38576913,1.0801436,0.7716671,32.36251,0.30371615,6.6796527,2.2759063,0.24294038,59.824417,-13.594205,-0.95293033,-6.007233,14.503579,-0.012705136,-0.0118793,0.24707527,3.4319854,1.3348165,0.6169792,0.6244334,0.13392405,0.18020673,-18.863438
P_1991_F_11,m(f),/Users/neda/Documents/Corpus/Pertsch/persian/P_1991_F_11/P_1991_F_11_m(f).wav,eGeMAPSv02,Functionals,35.728104,0.12862197,35.157997,36.190353,38.58249,3.424492,297.30386,424.07605,147.42587,358.96832,1.0187166,0.6377902,0.32800195,0.95713615,1.6514845,1.3234825,13.850676,9.391355,8.833631,5.445097,0.6211781,1.0285349,23.781654,0.671292,9.822552,1.198604,2.1897895,5.8102703,-6.600272,-2.0632572,0.029872527,2.551661,0.86481595,1.0377494,9.785511,0.54871225,8.552851,1.3814157,29.550875,0.41350833,699.0728,0.24549915,1213.3478,0.18294038,-70.20573,-1.2262312,1756.0214,0.13507295,857.0435,0.36530235,-76.96866,-0.99185544,2847.7034,0.080211386,712.92505,0.44997883,-82.36751,-0.8829579,-21.220022,-0.3661809,32.163105,0.27825305,0.054141495,0.66767454,-0.034641888,-0.39928156,0.8129425,0.8096215,31.808956,0.3388235,10.2755375,1.2763631,0.9827383,14.562094,-11.437098,-1.0938721,-6.5739584,15.524773,-0.027460951,-0.0061462387,0.14347327,2.8546462,1.3700627,0.5129787,0.43601394,0.22402439,0.3350313,-21.0118
P_1991_F_11,m(i),/Users/neda/Documents/Corpus/Pertsch/persian/P_1991_F_11/P_1991_F_11_m(i).wav,eGeMAPSv02,Functionals,35.95025,0.1273664,34.98205,36.221397,38.987,4.0049477,295.84308,471.82294,72.79635,155.0533,1.107313,0.5584436,0.47153223,1.0344999,1.6815884,1.2100562,13.666856,8.498132,8.782089,5.497142,0.6662097,0.9193854,25.691795,0.54601115,8.534781,1.5649203,1.753807,7.6910524,-9.797398,-1.3969936,0.023203865,2.296161,0.845611,1.0142,9.954658,0.5462212,9.822255,1.280666,28.853386,0.37420878,694.0798,0.22508696,1196.2723,0.17705697,-57.998035,-1.3892912,1773.8754,0.14398672,806.51013,0.4216659,-65.62656,-1.085837,2851.4377,0.07466769,699.7675,0.4512121,-71.04567,-0.95831895,-20.675175,-0.37888703,30.70881,0.27160972,0.056748673,0.6019362,-0.035247076,-0.39313778,0.8015464,0.7771777,31.413877,0.30964613,9.357805,1.5158783,1.248947,11.855711,-13.858681,-0.89294326,-6.0786757,14.841735,-0.022265729,-0.008815961,0.20800042,2.9801896,1.1724138,0.65235287,0.41470084,0.18815383,0.30466068,-21.351252
P_1991_F_11,pic,/Users/neda/Documents/Corpus/Pertsch/persian/P_1991_F_11/P_1991_F_11_pic.wav,eGeMAPSv02,Functionals,35.163803,0.12118108,34.594765,35.729916,37.257034,2.6622696,224.87183,256.5301,66.76198,90.068695,1.004654,0.6032718,0.35871148,0.95151937,1.5916781,1.2329667,12.88954,7.4501634,7.902846,4.513555,0.565472,0.9865538,25.144491,0.5856858,10.217981,1.1756727,4.595443,2.8251972,-7.40383,-1.7100482,0.025398849,2.7607841,0.8220734,1.0484666,9.945293,0.5235809,7.6782126,1.5498465,28.325216,0.3530635,664.9249,0.24623187,1232.9675,0.16274358,-62.00395,-1.3315415,1736.3041,0.14091372,874.649,0.38972554,-70.32584,-1.0331624,2791.3306,0.08380932,724.1241,0.43790492,-74.69488,-0.93565416,-21.342356,-0.35737357,31.012388,0.2746661,0.05530867,0.6681173,-0.03551086,-0.36468658,0.704921,0.81169766,31.64654,0.323594,10.984325,1.1868339,4.3330083,3.3082457,-11.231325,-1.0355773,-6.475121,15.054216,-0.022259861,-0.008729299,0.14198291,3.0747008,1.4459822,0.5115714,0.3923615,0.17123076,0.24919872,-21.55156
P_1991_F_11,r(f),/Users/neda/Documents/Corpus/Pertsch/persian/P_1991_F_11/P_1991_F_11_r(f).wav,eGeMAPSv02,Functionals,36.05065,0.12519014,34.861366,36.180424,38.834846,3.9734802,193.0575,325.84775,99.801445,187.61353,1.1121154,0.6194579,0.43019238,1.0065082,1.725333,1.2951406,19.08519,10.344742,11.153884,5.7012105,0.89867145,0.90145713,24.944798,0.61017287,9.120625,1.5811286,4.4116783,3.2351916,-7.919799,-1.7274101,0.029758845,1.9706517,1.0478846,0.84813684,8.640535,0.6191121,8.988627,1.3091278,27.977266,0.41782147,681.7748,0.25666878,1207.9921,0.18579821,-57.11635,-1.3776585,1763.8125,0.13754657,832.6761,0.40809298,-64.61756,-1.0594137,2815.2285,0.08204177,729.0559,0.45787826,-69.261505,-0.9495531,-20.329226,-0.4139916,30.059679,0.31402305,0.054637328,0.68414044,-0.034566708,-0.41069463,1.0893322,0.74028176,30.580065,0.3760163,9.1178055,1.7159853,3.767124,4.140829,-11.169092,-1.1700776,-6.5751314,14.570372,-0.020313997,-0.010241654,0.20865789,3.7029157,1.7353349,0.4436196,0.4440372,0.13470149,0.22159755,-20.552238
P_1991_F_11,r(i),/Users/neda/Documents/Corpus/Pertsch/persian/P_1991_F_11/P_1991_F_11_r(i).wav,eGeMAPSv02,Functionals,35.19267,0.17027931,33.91432,35.79828,39.333157,5.4188347,245.10403,386.06635,135.72627,197.1376,1.3058054,0.6514818,0.45813754,1.1721182,2.0906682,1.6325307,20.897846,11.063181,15.723411,7.2634172,1.1796722,0.88424045,25.806187,0.55771005,6.5061564,2.2482877,4.4669046,3.317834,-10.498636,-1.3850611,0.035382744,1.9867651,1.1412628,0.83279777,7.997852,0.7026715,7.539896,1.9459064,26.87436,0.48648426,626.1838,0.26539227,1250.0452,0.173355,-53.176765,-1.5099177,1686.7224,0.14476992,885.4838,0.44520074,-61.80273,-1.1412114,2749.7354,0.08772394,741.14813,0.5101978,-67.01777,-1.0078157,-19.284859,-0.37993696,28.971426,0.29798627,0.059981,0.60216564,-0.0369107,-0.3611164,1.4440454,0.70700014,31.446978,0.31932893,5.9291134,2.6513023,3.8680625,4.1463394,-13.945538,-0.99509853,-6.7293925,14.625459,-0.017821098,-0.011913959,0.23337129,4.178273,1.5742867,0.48947915,0.5226005,0.1452439,0.23385541,-19.13711
P_1991_F_11,str,/Users/neda/Documents/Corpus/Pertsch/persian/P_1991_F_11/P_1991_F_11_str.wav,eGeMAPSv02,Functionals,35.04306,0.1292504,34.56373,35.864662,37.515087,2.9513588,316.055,496.91452,108.113205,194.71304,1.0726038,0.5995645,0.40751565,1.0164632,1.660444,1.2529284,13.891812,9.253842,9.174572,5.085241,0.6553991,0.9149823,25.278246,0.58609146,10.903635,1.1738471,4.722096,2.81231,-6.8346877,-1.9922546,0.028142607,2.452213,0.87679213,0.9965335,9.603242,0.5509886,8.126285,1.4237808,28.943962,0.36491418,677.33954,0.24670544,1240.783,0.1666526,-61.434788,-1.3184911,1756.5165,0.14844318,872.72565,0.4017522,-69.14771,-1.0355883,2839.9604,0.085966885,747.42285,0.44487274,-74.24165,-0.922883,-21.574244,-0.36881194,32.07648,0.27989662,0.054606024,0.6532194,-0.033244535,-0.39923817,0.80215824,0.75223535,31.69481,0.31846124,12.073057,1.123092,4.576562,3.201956,-10.4514065,-1.2410381,-6.15905,14.640754,-0.02524399,-0.0077058785,0.18682677,3.074013,1.3404826,0.55988234,0.5074585,0.18333334,0.25797608,-20.790636
P_1991_M_10,con,/Users/neda/Documents/Corpus/Pertsch/persian/P_1991_M_10/P_1991_M_10_con.wav,eGeMAPSv02,Functionals,22.18768,0.16874993,19.27907,22.528353,24.886084,5.6070137,223.41711,267.66452,86.78017,126.37326,0.826612,0.68494076,0.30087325,0.703443,1.2485585,0.94768524,16.469603,11.689617,10.12408,6.434972,0.6971997,0.94991773,24.973608,0.6941621,15.756154,0.72847104,12.690893,0.9304331,7.2880816,1.4005499,0.04360136,2.0488317,1.518362,0.863004,3.4936025,1.2018892,4.438881,2.1007414,32.04187,0.3421409,515.5652,0.39721066,1314.4724,0.17326216,-69.31915,-1.2187514,1525.7644,0.19261856,1086.025,0.3050272,-79.86499,-0.9608041,2565.6968,0.12184017,908.5969,0.36815584,-84.74246,-0.8673494,-22.614037,-0.30272165,33.159863,0.22855927,-0.013813482,-2.3414948,-0.02400997,-0.577123,0.9199393,0.7134828,33.82666,0.34386966,18.95689,0.60436845,15.735644,0.7332841,7.5340843,1.4997177,-6.6506443,16.16019,-0.033561658,-0.0010064692,0.16288714,3.1791422,1.2962964,0.5361039,0.5182241,0.22930555,0.48716688,-22.059397
P_1991_M_10,m(f),/Users/neda/Documents/Corpus/Pertsch/persian/P_1991_M_10/P_1991_M_10_m(f).wav,eGeMAPSv02,Functionals,21.87142,0.1847101,19.368912,21.262093,24.137913,4.769001,264.04388,270.4377,77.10154,107.17259,0.8382528,0.65387064,0.29242125,0.74912125,1.306119,1.0136977,16.667803,10.67601,10.982647,6.9724936,0.78130513,0.94351417,25.158188,0.6991079,17.609526,0.6290519,14.476243,0.7869073,7.0008535,1.4935619,0.047821287,1.8827612,1.5294667,0.87881947,2.979168,1.4103423,3.058406,3.3099732,32.731724,0.3758582,534.588,0.36115152,1310.3402,0.18629341,-69.36325,-1.2309294,1570.1467,0.18414702,1090.073,0.3373573,-81.45318,-0.9373067,2613.2378,0.12773253,902.3413,0.3691166,-85.681274,-0.85860217,-23.940002,-0.30550763,32.927555,0.23970918,-0.004425045,-6.981216,-0.029690228,-0.5338057,1.0357547,0.6995961,34.0384,0.36287612,21.259808,0.49324915,17.328733,0.62033814,6.611093,1.7666383,-7.227186,16.331345,-0.029020973,-0.004865502,0.1956252,3.560989,1.5167643,0.45157894,0.34920353,0.20442308,0.36080787,-21.363035
P_1991_M_10,m(i),/Users/neda/Documents/Corpus/Pertsch/persian/P_1991_M_10/P_1991_M_10_m(i).wav,eGeMAPSv02,Functionals,21.989876,0.18706486,18.82723,21.479136,25.46068,6.6334496,234.80536,274.58847,63.83964,81.567726,0.9323815,0.61649793,0.3653874,0.83902156,1.377099,1.0117116,16.387262,12.0317,10.551743,7.1160855,0.7584315,0.85351926,28.373789,0.57724893,17.016607,0.68617415,14.186503,0.8829414,6.9030733,1.5705247,0.04150319,2.3287644,1.397113,0.9333896,3.6352944,1.1925476,4.789942,2.334433,32.253807,0.35258695,539.56024,0.38044146,1312.4531,0.17122489,-55.783306,-1.3658823,1578.1611,0.19387196,1082.7511,0.3409882,-67.40184,-1.0292732,2608.8462,0.13482627,940.6306,0.41866025,-72.68901,-0.91379213,-23.093344,-0.31460896,33.352158,0.2298496,-0.01027665,-3.2603176,-0.028147802,-0.5357435,0.908537,0.7016158,34.800182,0.33399332,18.919498,0.6364577,16.347937,0.75836265,7.1481667,1.6446046,-7.235193,16.210146,-0.024706747,-0.0051187794,0.2279144,3.8945713,1.300749,0.5915151,0.57892853,0.17133333,0.2457198,-21.046303
P_1991_M_10,pic,/Users/neda/Documents/Corpus/Pertsch/persian/P_1991_M_10/P_1991_M_10_pic.wav,eGeMAPSv02,Functionals,21.70118,0.17362112,19.191374,21.511303,24.268793,5.0774193,214.0553,227.53047,67.24676,100.0833,0.7709083,0.6660356,0.31975493,0.6506041,1.1284407,0.8086858,14.321232,9.970965,9.243838,6.364833,0.65185696,0.93324065,24.696194,0.6559311,17.702055,0.6651641,14.923829,0.7869011,9.169261,1.1022512,0.040255386,1.8890195,1.582082,0.8533563,3.1681292,1.3310442,4.9424796,2.5821388,32.14095,0.37984818,532.66864,0.40047303,1273.3496,0.1861312,-65.81269,-1.2416952,1582.878,0.18495733,1053.7439,0.3227815,-77.31185,-0.9547241,2611.0498,0.12505929,931.1035,0.3888165,-81.62372,-0.8707107,-23.596327,-0.3131484,33.59546,0.23686853,-0.017634463,-1.8316811,-0.024911137,-0.57332826,0.83342004,0.73364276,32.067932,0.3738297,21.197166,0.52684647,17.959799,0.6012066,9.593012,1.1454521,-7.046595,16.453024,-0.031088334,-0.0022321336,0.17033917,3.2210836,1.5982951,0.44558334,0.40983897,0.18811882,0.3191068,-22.4868
P_1991_M_10,r(f),/Users/neda/Documents/Corpus/Pertsch/persian/P_1991_M_10/P_1991_M_10_r(f).wav,eGeMAPSv02,Functionals,21.109358,0.15285988,18.893038,20.936829,23.53315,4.640112,229.01694,245.03291,82.91248,153.20204,0.93227005,0.664813,0.34782338,0.80810225,1.4429545,1.0951312,18.866795,12.209742,11.488582,6.8120174,0.7881878,0.8273706,26.603695,0.6464377,14.121901,0.84164673,12.025908,0.9896549,6.208858,1.6394808,0.04276983,1.9347835,1.6549462,0.80250645,2.5739708,1.5342373,4.3558593,2.2149618,31.185791,0.30277267,503.46494,0.3686347,1284.4052,0.17142159,-62.77883,-1.3201412,1508.6621,0.18033865,1071.4337,0.30646193,-73.62268,-1.028607,2534.7761,0.12092804,940.309,0.37442458,-79.08006,-0.9143847,-21.193287,-0.3339755,31.537909,0.23742731,-0.00994761,-2.9915228,-0.027322708,-0.53953403,1.009646,0.60603726,34.70763,0.3482831,16.51939,0.74321043,13.941234,0.84477687,5.72711,1.9675158,-6.7262025,16.014278,-0.029305324,-0.002826831,0.2044627,3.7215714,1.6434894,0.43244755,0.39546764,0.18383333,0.37184277,-21.689005
P_1991_M_10,r(i),/Users/neda/Documents/Corpus/Pertsch/persian/P_1991_M_10/P_1991_M_10_r(i).wav,eGeMAPSv02,Functionals,21.171354,0.16076921,18.862186,21.075663,23.71666,4.854473,210.84851,231.50543,92.18725,150.20071,0.90833974,0.6873664,0.3091632,0.7808911,1.4400984,1.1309352,17.789139,10.082219,11.771183,6.8609786,0.8319861,0.85408515,26.534128,0.64626366,15.259295,0.74099135,13.581139,0.9005479,7.08295,1.6118991,0.051523153,1.9289198,1.7223938,0.7525838,2.4442697,1.656106,3.184695,3.624712,31.372435,0.36192867,508.60483,0.39591837,1282.2576,0.18034686,-61.65291,-1.35244,1519.0104,0.18692775,1070.7919,0.30555356,-73.20649,-1.0349816,2536.3655,0.12435337,955.7128,0.39149418,-78.54719,-0.9220423,-22.014719,-0.3127651,32.15603,0.22387533,-0.00597388,-5.355284,-0.025489818,-0.6050351,1.0717791,0.6248756,34.37558,0.35959756,17.799232,0.6497237,16.023998,0.7424531,6.688821,1.9003319,-7.275859,16.735868,-0.03186108,-0.002023635,0.18534209,3.7790277,1.3423787,0.5352688,0.5051469,0.20869046,0.332955,-21.279621
P_1991_M_10,str,/Users/neda/Documents/Corpus/Pertsch/persian/P_1991_M_10/P_1991_M_10_str.wav,eGeMAPSv02,Functionals,22.115423,0.1877752,19.108227,21.934479,25.270958,6.162731,248.82182,275.83868,77.66763,114.17193,0.9332576,0.68058455,0.33699235,0.7909325,1.4413152,1.1043228,18.270967,11.950147,11.844636,7.5708175,0.8578648,0.910648,27.014023,0.6252337,16.04303,0.7647642,13.885499,0.83042204,5.7466745,1.9789729,0.04430933,1.9360185,1.6654378,0.83473516,3.0483968,1.4400296,3.6984231,2.965833,31.517437,0.36602983,515.0294,0.37888893,1304.3668,0.17200299,-61.600735,-1.3267331,1534.9127,0.1947059,1069.7229,0.30633408,-73.37245,-1.0070591,2574.6904,0.12607378,890.50867,0.36676887,-78.164085,-0.9074945,-22.960224,-0.32177556,32.9046,0.23726761,-0.004853997,-6.797092,-0.027930232,-0.5564801,1.0919698,0.69869876,34.578667,0.3454876,18.875616,0.6535887,16.61192,0.6682207,5.291241,2.3751569,-6.7728524,16.013016,-0.027255272,-0.0030630664,0.19088772,3.520514,1.4327799,0.5086449,0.44811392,0.1971978,0.34718212,-20.747566
P_1992_F_19,con,/Users/neda/Documents/Corpus/Pertsch/persian/P_1992_F_19/P_1992_F_19_con.wav,eGeMAPSv02,Functionals,35.72783,0.122098595,33.135582,35.259533,39.2638,6.1282196,154.18068,260.30197,66.618164,88.32292,0.6509122,0.60894257,0.2614466,0.5907733,1.0376147,0.7761681,9.081433,5.039026,6.3716707,2.9885278,0.2698534,0.7600443,23.377977,0.51277745,-5.27579,-3.2816467,0.7461286,21.394753,-15.582088,-0.9680077,0.02375674,2.2814083,1.0729424,0.67858815,7.5478754,0.7235717,7.1973677,1.5206892,21.087332,0.56841946,612.9925,0.36747506,1303.7622,0.204878,-39.87645,-1.9792241,1647.0726,0.14249378,999.81085,0.4362404,-42.704575,-1.5932517,2662.8394,0.12008035,949.8431,0.51677907,-47.14317,-1.3990691,-12.507331,-0.6154597,22.92228,0.37820426,0.094365835,0.34589043,-0.02646516,-0.5309084,0.312294,0.62710845,26.436882,0.3756553,-6.8046284,-2.6235263,-0.6754951,-24.456074,-18.096481,-0.8184553,-4.502686,11.891627,0.02241127,-0.008838259,0.049944982,3.7245727,1.0319129,0.80407405,0.6425815,0.16956043,0.2036206,-31.798113
P_1992_F_19,m(f),/Users/neda/Documents/Corpus/Pertsch/persian/P_1992_F_19/P_1992_F_19_m(f).wav,eGeMAPSv02,Functionals,35.83594,0.13810663,33.39168,35.393898,39.940857,6.5491753,194.99188,362.70547,97.78797,216.15619,0.64931816,0.6308626,0.22717527,0.59356326,1.0586268,0.83145154,8.867715,5.555875,6.3709226,3.222741,0.25641248,0.8240943,23.939898,0.53279144,-5.128109,-3.0877662,-1.7890764,-8.913286,-12.8669,-1.0740614,0.027980061,2.3864682,1.0175066,0.79098004,8.098156,0.696514,5.985442,2.0251632,21.687948,0.56168413,653.20966,0.33127764,1301.7236,0.19138011,-48.234333,-1.7685418,1665.2676,0.14212357,983.6969,0.40505493,-50.78693,-1.495188,2685.364,0.10825514,906.0572,0.49035174,-56.518635,-1.2887188,-12.628206,-0.62516093,23.901365,0.35097155,0.09743348,0.34926686,-0.0265082,-0.54559594,0.31191036,0.64799017,28.047985,0.37087128,-7.003813,-2.3726213,-4.336563,-3.812469,-15.9426155,-0.84288645,-5.2346687,13.16302,0.008920222,-0.0061515886,0.043838657,3.4672973,0.6983555,1.128871,0.9949259,0.34078428,0.7425892,-31.489714
P_1992_F_19,m(i),/Users/neda/Documents/Corpus/Pertsch/persian/P_1992_F_19/P_1992_F_19_m(i).wav,eGeMAPSv02,Functionals,36.85132,0.12680773,34.197212,36.52339,40.793133,6.5959206,194.18193,393.50885,61.737602,104.26298,0.6591066,0.6124153,0.24993767,0.5926087,1.0739145,0.8239769,9.266497,5.096336,6.4941707,3.253353,0.26385418,0.7749483,24.129253,0.49775773,-7.10627,-2.3965073,-1.1208881,-14.258366,-13.454965,-1.0857433,0.025991632,2.3594217,0.99886656,0.7017427,8.453166,0.6151808,7.0792513,1.569039,21.753096,0.5363969,604.5435,0.37433463,1295.2465,0.20024383,-44.249084,-1.8405628,1624.882,0.13963144,986.5116,0.3858853,-44.17502,-1.5703104,2647.864,0.119408816,949.21765,0.48175696,-49.86563,-1.3395036,-11.999711,-0.69385517,23.46657,0.37291914,0.10285182,0.32662296,-0.024370879,-0.6147213,0.308581,0.63295525,27.361673,0.36335585,-9.011224,-1.9428418,-2.9813833,-5.5570107,-16.082846,-0.8829423,-4.80289,12.591276,0.013505783,-0.0072912755,0.04348978,3.7169874,0.84842557,0.97365385,0.93965024,0.24435897,0.45640063,-31.914293
P_1992_F_19,pic,/Users/neda/Documents/Corpus/Pertsch/persian/P_1992_F_19/P_1992_F_19_pic.wav,eGeMAPSv02,Functionals,34.475594,0.13817935,32.796535,34.56623,37.50785,4.711315,169.5095,263.34753,109.34187,347.61575,0.5059391,0.7391507,0.15286174,0.3953459,0.86443245,0.71157074,7.202097,4.5310283,5.560241,3.152201,0.19439028,0.9750339,21.382053,0.5851283,1.3398662,10.233528,4.8145704,2.6389296,-4.6324215,-2.7772355,0.02724884,2.482855,1.0092566,0.74860334,8.144893,0.618363,8.482494,1.2557662,23.496317,0.5001587,612.62225,0.3564364,1321.7964,0.18844597,-83.17062,-1.1672544,1646.5702,0.13831142,1028.6523,0.4217667,-82.96154,-1.0643682,2649.2578,0.12551561,935.92206,0.49264959,-86.72635,-0.98408616,-14.749934,-0.54489934,25.472988,0.34642345,0.08062229,0.45722038,-0.025004813,-0.5441894,0.2809057,0.665047,28.644121,0.3274504,-0.028197583,-577.4952,3.9820857,3.8112538,-8.797944,-1.5704154,-5.9566617,14.169926,-0.0020610373,-0.0048463647,0.042667,2.6384437,0.8201611,0.76872724,0.7503224,0.5128261,0.85879123,-32.665947
P_1992_F_19,r(f),/Users/neda/Documents/Corpus/Pertsch/persian/P_1992_F_19/P_1992_F_19_r(f).wav,eGeMAPSv02,Functionals,36.11033,0.11980987,33.426247,35.657387,39.919167,6.49292,99.726616,158.78636,95.06137,164.92354,0.62748146,0.58832216,0.26419535,0.5737748,0.97032374,0.70612836,8.7213745,4.562486,6.141442,2.5948782,0.2872286,0.7396575,23.09909,0.5494458,-3.0542598,-5.501006,1.0437278,15.844098,-8.412052,-1.7665142,0.024311613,2.194621,1.1116345,0.6344758,7.174405,0.72023803,7.881435,1.4157753,21.234077,0.6142833,631.38574,0.36765513,1312.5251,0.20205238,-45.43679,-1.7489529,1660.485,0.13962747,1043.3932,0.38662887,-46.71373,-1.4717225,2651.74,0.13399301,981.3176,0.46395597,-51.619576,-1.2855855,-12.161581,-0.71636385,23.31393,0.396222,0.09310193,0.37938341,-0.024334705,-0.61144704,0.33279166,0.60578066,26.34484,0.41370857,-4.138523,-4.2462068,-0.36199185,-47.75392,-10.409153,-1.4437933,-3.7587826,11.549856,0.0209722,-0.007574586,0.07134873,4.099975,1.1831403,0.69041663,0.60305786,0.19060606,0.28135422,-32.22345
P_1992_F_19,r(i),/Users/neda/Documents/Corpus/Pertsch/persian/P_1992_F_19/P_1992_F_19_r(i).wav,eGeMAPSv02,Functionals,35.77679,0.14213109,32.998028,35.056755,40.343586,7.345558,95.58389,153.36957,68.65452,83.69841,0.5971838,0.61496145,0.22797734,0.5460727,0.96483576,0.7368584,8.626835,4.6909814,6.4210734,2.7771282,0.29143995,0.789362,24.38526,0.53040487,-2.9560378,-5.445533,2.9209933,5.827133,-9.300404,-1.656061,0.02960234,2.0089438,1.1707646,0.66146225,6.9169626,0.7632405,8.321251,1.6671549,22.216345,0.6846599,615.2821,0.38200113,1302.874,0.2076339,-45.269615,-1.7602831,1650.2689,0.1502041,1019.174,0.38114855,-46.982487,-1.4701568,2663.488,0.12798084,984.93475,0.42374936,-51.98019,-1.284953,-13.086159,-0.6801688,24.178257,0.40482685,0.09502308,0.37763524,-0.025366835,-0.5854777,0.34255767,0.64191556,27.791943,0.39634573,-3.6433003,-4.6856976,1.4964253,11.916579,-11.5512905,-1.360554,-3.5190403,11.416122,0.01937021,-0.0055687497,0.049348973,4.1140723,0.9202932,0.8915254,0.78026897,0.21208334,0.27879173,-32.266525
P_1992_F_19,str,/Users/neda/Documents/Corpus/Pertsch/persian/P_1992_F_19/P_1992_F_19_str.wav,eGeMAPSv02,Functionals,35.12907,0.14189939,32.828766,34.983562,38.80328,5.974514,187.47388,304.8872,70.825386,137.25876,0.6180263,0.6305046,0.24252102,0.53357536,0.99672526,0.7542043,8.939929,5.1677833,6.0390162,3.0649786,0.26185405,0.81854373,24.391329,0.48960474,-2.672811,-6.2127986,2.104324,7.1574135,-12.190937,-1.2262343,0.02757904,2.2819533,1.0915605,0.7043778,7.6947336,0.68378466,8.103535,1.3948865,22.893793,0.5415758,629.8593,0.3461814,1316.6632,0.18751208,-44.13462,-1.8549865,1654.7507,0.14061274,1014.43756,0.40611836,-49.0789,-1.4709022,2678.5042,0.115790986,906.0724,0.51679194,-53.727432,-1.3004332,-13.7824,-0.61522317,24.089958,0.3849181,0.09310191,0.3578343,-0.02593398,-0.56368506,0.3114697,0.66557425,28.208303,0.3317743,-3.7263029,-4.7261147,0.54695743,29.035866,-14.808393,-1.007993,-4.453977,11.734657,0.01293546,-0.006739884,0.047926486,3.6816292,0.86945724,0.92592853,0.89514714,0.25044248,0.471329,-31.924835
P_1992_M_20,con,/Users/neda/Documents/Corpus/Pertsch/persian/P_1992_M_20/P_1992_M_20_con.wav,eGeMAPSv02,Functionals,28.199911,0.21844995,25.508026,27.58677,30.371138,4.8631115,238.08015,359.032,188.49037,448.3368,0.57141495,0.61492515,0.22144836,0.5316785,0.9011556,0.6797072,8.064489,4.7785726,5.7787685,3.3726554,0.24673645,0.79578596,21.307693,0.6894247,1.8698151,6.87512,3.7916965,4.016075,-1.812156,-7.4890347,0.03923344,1.9515556,1.407639,0.6381146,3.0269485,1.5169109,0.3379713,33.64803,15.399118,0.8523982,475.13953,0.45028496,1135.9565,0.22474082,-51.121147,-1.6708806,1463.3926,0.17921603,850.8205,0.3492231,-54.77729,-1.4469843,2430.187,0.12597318,744.8183,0.35342416,-58.388554,-1.3157411,-10.961167,-0.7552261,20.901558,0.4360654,0.05863748,0.5732592,-0.02040388,-0.6884429,0.30119944,0.62576735,25.90637,0.47176397,2.0816488,6.258313,3.224031,5.092568,-3.6442358,-3.9828107,-2.9146647,11.803855,0.006456495,-0.0041759214,0.072648324,3.6428227,1.7286032,0.43160278,0.41320398,0.13914397,0.174432,-33.616837
P_1992_M_20,m(f),/Users/neda/Documents/Corpus/Pertsch/persian/P_1992_M_20/P_1992_M_20_m(f).wav,eGeMAPSv02,Functionals,26.152643,0.2248268,24.343765,25.769981,28.326908,3.9831429,263.78897,491.68167,154.48448,310.04715,0.57633525,0.5969013,0.23462558,0.5340023,0.89172447,0.6570989,8.512599,5.148142,6.2343793,3.8762872,0.2567903,0.7926395,18.882864,0.7611481,4.056995,2.7413857,5.293882,2.703304,-1.0285821,-12.045757,0.046773154,1.9273913,1.3949699,0.68121684,2.374806,1.8699276,-0.08659326,-126.01888,16.61586,0.7516644,488.3597,0.4556344,1124.9962,0.23279828,-56.643093,-1.6101384,1486.8624,0.18278758,843.3821,0.37456864,-61.022556,-1.3947366,2422.417,0.1364125,749.63776,0.37017226,-64.077835,-1.2936878,-11.456899,-0.68459016,20.307714,0.41358757,0.071205705,0.4690723,-0.02002551,-0.6785309,0.3152408,0.628231,24.489319,0.45982,5.2116046,2.0873978,4.340965,3.589429,-3.0506153,-4.39989,-2.001318,10.040742,0.0077817156,-0.0037544006,0.10930035,3.7290716,1.8492332,0.37905884,0.34065723,0.1540645,0.22059074,-33.72485
P_1992_M_20,m(i),/Users/neda/Documents/Corpus/Pertsch/persian/P_1992_M_20/P_1992_M_20_m(i).wav,eGeMAPSv02,Functionals,27.513622,0.23421226,25.033165,27.189749,29.578815,4.5456505,260.03674,431.46387,246.69699,549.68207,0.5416269,0.70191777,0.15459688,0.47172332,0.9078773,0.75328046,9.274122,5.6520057,6.22569,4.0643196,0.22203057,0.918799,19.289736,0.73789406,2.0697608,6.007039,3.878516,3.6769795,-0.8227309,-15.645622,0.04078485,2.1394567,1.3622679,0.6977689,3.1150954,1.4999471,-1.0080398,-11.624459,14.099157,0.82168335,485.3526,0.47935653,1134.4093,0.2110293,-62.02697,-1.4934276,1488.7396,0.19079871,824.39874,0.37186474,-64.56232,-1.3374056,2440.4175,0.13244088,742.0638,0.3884996,-67.68862,-1.2391342,-10.237867,-0.82334566,19.65857,0.44288749,0.06609837,0.5599294,-0.018402232,-0.7240379,0.29227322,0.6827318,24.627073,0.48123404,1.9707217,6.495755,3.815395,4.2022967,-2.8755937,-4.945512,-3.6489954,12.813816,0.0021240322,-0.0024153125,0.05308795,3.1558871,1.4925374,0.46476746,0.46405888,0.21337837,0.32571867,-33.842346
P_1992_M_20,pic,/Users/neda/Documents/Corpus/Pertsch/persian/P_1992_M_20/P_1992_M_20_pic.wav,eGeMAPSv02,Functionals,27.327402,0.21989945,24.838058,26.733963,29.573988,4.7359295,250.25044,436.886,205.5906,504.1135,0.4752321,0.72594714,0.12964071,0.420887,0.7910596,0.6614189,7.5229163,4.992766,5.5085254,3.4040332,0.20853564,0.96063256,19.731949,0.7324167,3.0644984,3.907875,6.9910274,2.013495,2.9307427,3.9307566,0.043288242,2.1044414,1.3994973,0.66920066,2.944617,1.5267042,3.5417564,3.1191494,19.193926,0.5802001,499.40295,0.46951467,1150.2926,0.22488405,-77.8341,-1.232045,1501.6337,0.18901336,846.4779,0.3560296,-80.498955,-1.1161433,2462.0833,0.13520694,767.69214,0.36109263,-83.467155,-1.045813,-11.338948,-0.76136917,21.566854,0.41110447,0.056046594,0.6069361,-0.015843967,-0.850603,0.29769555,0.6465832,26.919596,0.44103688,3.8987594,3.2971864,7.6352234,2.188296,1.4634948,9.125455,-3.8401613,13.249523,-0.0018324908,-0.000555911,0.053403907,2.9269896,1.2942854,0.4824576,0.4267217,0.30219048,0.4361345,-34.720314
P_1992_M_20,r(f),/Users/neda/Documents/Corpus/Pertsch/persian/P_1992_M_20/P_1992_M_20_r(f).wav,eGeMAPSv02,Functionals,30.28695,0.18873435,27.068542,29.420198,33.399498,6.3309555,155.97563,156.59479,149.14796,203.73141,0.5948454,0.6343444,0.22179872,0.54904336,0.9427156,0.72091687,9.227436,5.1914277,7.3333488,4.156076,0.265469,0.79205096,18.64145,0.78409547,1.5347985,8.323883,4.0866218,3.9468477,-0.75853384,-18.982943,0.0427563,1.9640709,1.44522,0.5946213,2.98578,1.5339105,2.9559445,3.5449185,15.503213,0.7666926,521.8916,0.48411757,1128.943,0.2538241,-58.045174,-1.5024991,1514.0347,0.19237657,851.7301,0.3588274,-56.63705,-1.4060807,2483.251,0.14657074,727.87384,0.39214146,-60.143032,-1.2856343,-8.6902,-0.9568545,19.323889,0.4545839,0.07147253,0.46280253,-0.014981551,-0.91750157,0.3261008,0.6065197,23.046947,0.5576602,1.7703663,7.0938,2.8486836,6.1706448,-2.9052567,-5.3176966,-1.717446,10.70579,0.009805773,-0.0018478982,0.08058335,4.32243,1.8118061,0.4071613,0.46606067,0.15430893,0.24790205,-33.990063
P_1992_M_20,r(i),/Users/neda/Documents/Corpus/Pertsch/persian/P_1992_M_20/P_1992_M_20_r(i).wav,eGeMAPSv02,Functionals,31.539236,0.18860243,28.026192,30.482971,35.24004,7.213848,171.75662,218.3536,287.4259,650.8018,0.571552,0.673263,0.1840015,0.5205914,0.93490183,0.7509003,9.280141,5.076224,7.1248584,3.5018978,0.2713336,0.83167875,19.608498,0.74562734,2.4397502,5.3266115,4.7006116,3.563381,-2.6718893,-6.1132264,0.04340696,1.8128428,1.4144431,0.57764566,3.9693642,1.1492481,4.5776024,2.5786273,17.51923,0.77006096,535.4854,0.50952566,1126.532,0.24601904,-60.720642,-1.4698931,1535.3313,0.20448798,842.76086,0.3458451,-58.39479,-1.3705497,2526.9443,0.15333475,717.3106,0.4314203,-62.15254,-1.2473195,-10.328194,-0.8747652,21.118158,0.4490248,0.08099551,0.43592298,-0.015265124,-0.99760634,0.34266737,0.61832637,23.682114,0.5759045,3.0637398,4.2368016,4.0748653,4.5030103,-5.0759983,-3.4889135,-3.1586945,12.909834,0.014126724,-0.002372935,0.05678352,4.1978574,1.5276145,0.48307693,0.5072988,0.1845238,0.2005849,-33.123123
P_1992_M_20,str,/Users/neda/Documents/Corpus/Pertsch/persian/P_1992_M_20/P_1992_M_20_str.wav,eGeMAPSv02,Functionals,26.961535,0.23141304,24.708935,26.568365,28.914783,4.2058487,231.21744,411.6283,181.62,386.93192,0.5527998,0.6550433,0.18505837,0.49424377,0.89997697,0.7149186,8.211461,5.0407877,5.5244927,3.4245968,0.24233381,0.8416343,20.868057,0.67701375,3.5572484,3.4584298,2.7303095,5.112323,-1.1686169,-11.122867,0.045116305,2.0205753,1.4148299,0.6494447,2.4275246,1.8719739,0.24056463,51.049763,16.77334,0.8007611,505.3069,0.46740678,1158.9545,0.21608931,-54.97182,-1.6135964,1492.0917,0.19390446,883.28174,0.3415922,-58.270935,-1.4210585,2450.605,0.14256032,763.5117,0.3819769,-62.24756,-1.2869214,-11.2875185,-0.7471578,21.463615,0.4132662,0.060736943,0.54676604,-0.020162422,-0.70499384,0.30543336,0.64406633,25.766035,0.45723322,3.902144,3.2475345,2.0326097,7.522535,-2.899649,-4.8767924,-3.969015,12.986399,0.0046790857,-0.004044136,0.06416308,3.145556,1.6026317,0.45205265,0.40888286,0.17457056,0.25876695,-33.80999
P_1993_F_03,con,/Users/neda/Documents/Corpus/Pertsch/persian/P_1993_F_03/P_1993_F_03_con.wav,eGeMAPSv02,Functionals,36.470345,0.10879148,34.87971,36.30974,39.337654,4.457943,383.42935,657.41876,81.68817,155.62639,0.3193126,0.67967045,0.09522979,0.28600222,0.52558964,0.43035984,4.9349375,2.7663913,3.2564442,1.8173703,0.11435264,0.9425702,22.388096,0.7136152,7.7845893,1.777507,-0.48187247,-27.8754,-13.82813,-1.2063843,0.022880588,2.6431391,0.8857254,0.9066754,9.732172,0.48363417,4.9754786,2.0340326,27.90608,0.37803146,676.86835,0.26071855,1259.1991,0.18381606,-74.9018,-1.1993604,1729.9218,0.17526378,944.1901,0.42224076,-79.598015,-1.0030822,2792.5813,0.09937715,778.1101,0.4093918,-84.5904,-0.90134215,-19.134443,-0.42236748,29.442934,0.30120257,0.076504976,0.44265518,-0.033033196,-0.48670927,0.15509722,0.6824844,30.912746,0.33761925,6.4318633,2.452683,-2.750286,-5.449173,-20.674871,-0.7121428,-7.4740467,15.461313,-0.0026333737,-0.007669797,0.024873434,3.2352085,1.5166982,0.44355768,0.34915808,0.22886364,0.27207708,-37.863388
P_1993_F_03,m(f),/Users/neda/Documents/Corpus/Pertsch/persian/P_1993_F_03/P_1993_F_03_m(f).wav,eGeMAPSv02,Functionals,38.01609,0.103799835,36.41695,37.91182,40.91353,4.496578,225.35811,328.35394,110.32382,231.06429,0.27240747,0.77607435,0.069007196,0.20764618,0.46436083,0.39535365,5.1272426,3.1654108,3.3105392,1.9840376,0.0920335,1.1492842,19.297743,0.8974459,7.841091,1.6129612,-5.836234,-2.663662,-9.749794,-1.8218088,0.022579882,2.7440898,0.8584433,1.0194716,10.763336,0.4746377,7.045742,1.5082628,31.260431,0.31653023,718.554,0.23988226,1293.8959,0.18250638,-94.33423,-0.9972477,1748.6802,0.1605903,993.5515,0.33484638,-95.5181,-0.8859054,2882.3308,0.101937294,831.7624,0.45939368,-101.65264,-0.7811603,-19.137041,-0.43148214,32.281265,0.27100194,0.07502654,0.4226642,-0.027144425,-0.5463234,0.14178553,0.777721,31.234486,0.34792474,6.338614,2.4172034,-12.547623,-1.2896069,-19.394724,-0.8168825,-7.33094,16.40255,-0.015181223,-0.0013363281,0.01773749,2.8331938,1.1744967,0.50214285,0.47227383,0.34328356,0.53890276,-38.4617
P_1993_F_03,m(i),/Users/neda/Documents/Corpus/Pertsch/persian/P_1993_F_03/P_1993_F_03_m(i).wav,eGeMAPSv02,Functionals,38.995758,0.08903856,36.795174,38.837486,41.902,5.106827,280.5495,541.31726,71.152466,144.67628,0.3189962,0.7998468,0.06996657,0.24152908,0.5750143,0.50504774,6.0897813,3.3765798,3.7832985,2.0099564,0.11925396,1.0943549,20.528858,0.8370078,2.8828647,5.0356555,-8.654108,-1.871718,-11.919892,-1.606448,0.01575058,1.9382722,0.8623078,0.9179558,10.705002,0.45439976,6.599868,1.5244011,29.945278,0.31327766,731.73517,0.22798446,1319.0719,0.17119601,-93.07961,-1.0179152,1714.4227,0.15743025,1018.4368,0.31190577,-93.18116,-0.9241431,2856.1729,0.106881015,799.304,0.4843879,-99.97604,-0.8041069,-16.730505,-0.48388967,31.172184,0.26674297,0.083727345,0.40082648,-0.025058046,-0.64196926,0.18648171,0.69282913,32.58142,0.29723766,-1.3354925,-12.627305,-15.6851845,-1.0655257,-22.515192,-0.75533986,-7.337464,16.467133,-0.009936251,-0.0019886116,0.01836931,3.0282638,1.1796427,0.5005714,0.38533062,0.32542858,0.4934968,-37.000698
P_1993_F_03,pic,/Users/neda/Documents/Corpus/Pertsch/persian/P_1993_F_03/P_1993_F_03_pic.wav,eGeMAPSv02,Functionals,38.088394,0.08308442,36.381496,37.905514,40.141003,3.7595062,97.702805,224.79927,62.908142,161.73627,0.31562254,0.7293912,0.078859776,0.26907897,0.54075825,0.46189848,5.0934095,2.797454,3.533411,1.9524931,0.11193814,1.0046837,21.937815,0.791576,6.509011,2.0813615,-6.4655147,-2.3410745,-12.195815,-1.4364384,0.017601976,2.5117443,0.8563469,0.8932014,10.678404,0.44432724,5.6518016,1.7877125,30.715143,0.32898885,714.0748,0.24819557,1288.9236,0.18046017,-82.12084,-1.1213568,1732.5774,0.16394778,977.5875,0.3364402,-84.63435,-0.9704957,2868.1663,0.100698665,830.9669,0.4347306,-91.63692,-0.8381043,-18.648756,-0.45061925,31.813093,0.29415396,0.07362698,0.44496393,-0.028257733,-0.5284577,0.16005483,0.69085974,32.02275,0.3607032,4.776583,3.2974043,-10.973762,-1.4652581,-20.441696,-0.74210685,-7.2374806,16.321615,-0.01254899,-0.002746301,0.019359138,3.099865,1.2626263,0.51223254,0.4492564,0.2857732,0.5322503,-37.182476
P_1993_F_03,r(f),/Users/neda/Documents/Corpus/Pertsch/persian/P_1993_F_03/P_1993_F_03_r(f).wav,eGeMAPSv02,Functionals,37.22859,0.08680288,34.931713,36.969574,39.52348,4.5917664,59.431015,102.42963,59.78945,95.20696,0.34023124,0.6321035,0.11904281,0.31682548,0.54194444,0.42290163,5.200201,2.694873,3.548391,1.7624816,0.1332805,0.85159594,23.2818,0.7232285,8.088194,1.838928,-1.946881,-7.9049826,-16.834896,-0.96137416,0.019084226,1.8112462,0.94405377,0.827913,9.504036,0.4955874,2.2363021,4.5766597,25.43229,0.42024043,711.2958,0.24462296,1249.3705,0.19291775,-63.62618,-1.316039,1785.314,0.17932257,931.8707,0.4173205,-71.04909,-1.041403,2831.378,0.090754166,753.5042,0.44104937,-75.52441,-0.9381218,-18.30731,-0.46880153,29.21945,0.32127056,0.06802422,0.47497556,-0.030288862,-0.52747345,0.16977665,0.6384927,30.550936,0.40881678,6.553982,2.4851756,-4.4133973,-3.719266,-22.70298,-0.5970614,-7.6308956,15.92975,-0.0083817225,-0.0071440875,0.02926998,3.9995458,1.7394271,0.41718954,0.35732207,0.14928572,0.31164226,-37.24902
P_1993_F_03,r(i),/Users/neda/Documents/Corpus/Pertsch/persian/P_1993_F_03/P_1993_F_03_r(i).wav,eGeMAPSv02,Functionals,37.39388,0.11566436,34.92281,36.783646,40.956253,6.0334435,190.40439,497.26724,62.694153,118.823814,0.34376,0.6601005,0.097580254,0.31184545,0.5713855,0.47380525,5.1566644,2.5382402,3.7782364,1.8601424,0.15022863,0.90234137,23.502974,0.70728296,8.371784,1.6507802,-2.7051952,-6.0788145,-18.889538,-0.959919,0.020539006,1.9917798,0.98781633,0.8538122,9.587532,0.49223956,3.414716,3.4514046,27.068647,0.4286155,691.255,0.24785803,1260.4124,0.19117811,-66.5324,-1.297201,1753.424,0.19202316,936.186,0.4159594,-73.310776,-1.0304874,2824.6646,0.08348116,746.89154,0.45468554,-77.82506,-0.92840016,-19.488213,-0.4171317,30.245777,0.29720584,0.07434328,0.45861652,-0.03192428,-0.4538544,0.19578779,0.6684697,31.096407,0.37955675,6.9994073,2.1872337,-5.6481166,-3.1266093,-25.701212,-0.59805936,-7.937557,16.357464,-0.007921616,-0.0067017297,0.028735608,3.9528532,1.5966629,0.4472072,0.35893786,0.17267326,0.2749541,-36.37321
P_1993_F_03,str,/Users/neda/Documents/Corpus/Pertsch/persian/P_1993_F_03/P_1993_F_03_str.wav,eGeMAPSv02,Functionals,36.939835,0.11295699,35.457794,37.039963,39.581406,4.1236115,214.79135,403.5325,197.08994,463.4714,0.30382743,0.694263,0.0837689,0.27140296,0.49372363,0.40995473,4.947193,2.9764707,3.5470197,2.00529,0.115401074,0.9873941,21.565111,0.74986774,8.624226,1.5314714,-0.10603707,-130.88194,-13.006857,-1.292281,0.022849437,2.6655934,0.8864586,0.9317043,10.055006,0.46641317,6.1846843,1.8872155,28.44489,0.34894085,701.4053,0.2532516,1248.4502,0.19515483,-78.712296,-1.1441394,1787.603,0.16718385,925.46594,0.4170598,-83.319374,-0.9601515,2827.148,0.09665836,821.3297,0.42051563,-87.64177,-0.8750945,-20.15739,-0.38538116,30.092342,0.28170058,0.075056724,0.43879408,-0.034466065,-0.43109486,0.15990938,0.7060499,30.762777,0.32528523,7.391143,2.0530934,-2.645748,-5.8555202,-20.588062,-0.70002794,-7.8106318,16.417734,-0.007939416,-0.005547187,0.024181822,3.5259666,1.4466763,0.45578513,0.4288072,0.24488151,0.38581887,-37.79512
P_1993_F_05,con,/Users/neda/Documents/Corpus/Pertsch/persian/P_1993_F_05/P_1993_F_05_con.wav,eGeMAPSv02,Functionals,34.8444,0.15660127,33.158413,35.286263,38.173042,5.0146294,210.57246,379.20697,103.19428,182.15001,0.2996302,0.6050964,0.12207877,0.27492765,0.4599781,0.33789933,4.448209,2.4028292,2.8378823,1.7662896,0.10840169,0.9527774,25.137148,0.60286814,11.664414,1.0986165,2.9090533,4.856437,-2.5976849,-4.821713,0.028576976,2.4163494,0.8985136,0.9464317,9.431159,0.55566764,8.632802,1.4507465,29.288116,0.40392634,632.1785,0.3136955,1314.3585,0.1751167,-64.936356,-1.2752523,1681.396,0.1640366,1005.42566,0.3424347,-70.59417,-1.0343425,2754.4192,0.113086425,914.154,0.39353138,-77.09653,-0.89520407,-21.23277,-0.37992504,32.731995,0.26155108,0.070818566,0.45486766,-0.025624625,-0.49313876,0.13477053,0.7796906,31.914783,0.31242248,12.4303,1.0924597,2.038817,7.5406055,-4.8565345,-2.620204,-6.4114246,15.438639,0.0035672204,-0.0026384594,0.02914209,3.261369,1.37893,0.53613335,0.506171,0.1793617,0.2469479,-37.327667
P_1993_F_05,m(f),/Users/neda/Documents/Corpus/Pertsch/persian/P_1993_F_05/P_1993_F_05_m(f).wav,eGeMAPSv02,Functionals,34.598618,0.14271778,33.22991,34.82167,37.52597,4.2960587,249.95395,439.50687,165.13142,411.71573,0.28063336,0.6848744,0.08838147,0.24429601,0.45881203,0.37043056,4.08424,2.3461418,3.1541047,2.1541545,0.09177235,1.050759,21.692717,0.7884694,11.001861,1.085533,3.3953822,4.060765,-1.3642008,-8.510758,0.0320092,2.7027178,0.85582316,1.010102,9.670808,0.5208897,7.370835,1.4436895,27.553297,0.3382099,673.7419,0.28209242,1262.6069,0.18042928,-83.90128,-1.0797205,1746.3027,0.14991184,954.3129,0.39507517,-89.0562,-0.90555054,2763.6282,0.09994383,892.47925,0.3691977,-93.256516,-0.8297566,-21.293592,-0.36089864,30.971226,0.26547897,0.06849022,0.4773192,-0.0306076,-0.39969513,0.1286674,0.77708006,32.325798,0.3068957,11.69278,1.1302551,2.039516,7.760345,-4.1349707,-2.9163818,-5.9952154,14.544292,-0.0036661443,-0.0040458236,0.024460578,2.8008876,1.3320383,0.47697917,0.36441478,0.27827588,0.49993837,-37.94308
P_1993_F_05,m(i),/Users/neda/Documents/Corpus/Pertsch/persian/P_1993_F_05/P_1993_F_05_m(i).wav,eGeMAPSv02,Functionals,35.042324,0.14274427,33.328835,35.014107,37.879345,4.5505104,196.4078,359.77606,82.99275,84.32944,0.31099683,0.6130515,0.1272745,0.28298035,0.46681798,0.33954346,5.037502,2.5540419,3.1213026,1.848382,0.10705837,0.9249085,24.818909,0.6353167,9.0297575,1.4229529,-0.36957562,-40.09414,-1.4908793,-8.087524,0.0256584,2.457648,0.87327164,0.9243722,9.301919,0.5530431,6.3700557,1.5362129,27.915983,0.30720273,678.0285,0.28962535,1296.0682,0.17771295,-67.48466,-1.2517344,1709.3938,0.15417843,981.2144,0.3365158,-73.0562,-1.0284755,2758.6868,0.10530988,903.7614,0.34991118,-79.689125,-0.88911754,-19.549248,-0.41172415,30.696918,0.28278062,0.06852346,0.47854805,-0.025942301,-0.5259372,0.13543536,0.74055374,32.302494,0.3204493,8.973503,1.5120736,-1.9699992,-8.281476,-3.4877381,-3.5671597,-6.408719,15.321364,0.0023180088,-0.0043466873,0.030941937,3.357664,1.6701462,0.42799997,0.3138009,0.17289856,0.26247486,-37.9764
P_1993_F_05,pic,/Users/neda/Documents/Corpus/Pertsch/persian/P_1993_F_05/P_1993_F_05_pic.wav,eGeMAPSv02,Functionals,34.811295,0.15183197,33.540565,35.079514,37.744553,4.203987,240.60338,448.8701,63.71941,76.61918,0.23232393,0.7237624,0.071462035,0.18724097,0.3832875,0.31182545,3.972664,2.2211428,2.7356317,1.6594089,0.08329262,1.1538423,19.265486,0.8879853,14.104417,0.7092272,4.0913906,2.8882518,-3.8533063,-3.319658,0.029390771,2.2923183,0.97432345,0.9195597,9.617395,0.5283154,6.5215316,2.103558,29.351023,0.39321765,685.6503,0.25537583,1208.2076,0.17746961,-97.3739,-0.95060045,1797.3026,0.15425758,907.14636,0.37030452,-103.36681,-0.7960837,2827.1628,0.09166994,808.392,0.368083,-106.53225,-0.74535763,-24.188549,-0.30436334,33.335888,0.25717217,0.06529089,0.48989394,-0.036310803,-0.33663192,0.1317488,0.7667431,32.11755,0.29312125,16.364351,0.7081824,2.6503544,5.4744043,-9.42483,-1.3290888,-6.9452276,15.557831,-0.009571254,-0.0038219683,0.017750056,2.8900795,1.1537212,0.4894366,0.4289584,0.37117645,0.5500816,-38.50275
P_1993_F_05,r(f),/Users/neda/Documents/Corpus/Pertsch/persian/P_1993_F_05/P_1993_F_05_r(f).wav,eGeMAPSv02,Functionals,33.86932,0.12676595,32.20673,34.405422,36.529053,4.322323,283.36145,459.82922,60.60401,58.873703,0.34644252,0.5945817,0.14005405,0.3239914,0.53649163,0.3964376,5.581554,2.5587392,3.742866,1.8409936,0.15933767,0.8277265,24.5495,0.6266619,11.324598,1.1982048,4.1034646,3.5072718,-1.8460826,-6.0452952,0.030627914,2.1877017,1.137042,0.75707656,7.4352617,0.667885,2.8465605,4.2046237,25.806046,0.4083988,607.99384,0.28592965,1264.6425,0.19050865,-59.512115,-1.365726,1667.6294,0.14932993,938.03827,0.43844193,-67.722595,-1.0624774,2708.1682,0.095052324,841.01843,0.44163632,-73.51131,-0.93061537,-18.96955,-0.44256762,29.115765,0.32032147,0.0684588,0.45072496,-0.029561779,-0.4276871,0.19751541,0.64582705,30.929192,0.35288912,10.820947,1.3252821,3.2033074,4.8684134,-3.4459534,-3.2366734,-7.033819,14.659932,0.005561632,-0.010150258,0.040585928,4.3920293,1.9669018,0.37655175,0.30883178,0.13606837,0.23668998,-36.38632
P_1993_F_05,r(i),/Users/neda/Documents/Corpus/Pertsch/persian/P_1993_F_05/P_1993_F_05_r(i).wav,eGeMAPSv02,Functionals,33.37792,0.14947522,32.190792,34.32513,36.47233,4.281536,211.59421,344.073,92.461845,151.9895,0.3400556,0.5946338,0.13642225,0.3145826,0.5293326,0.39291033,5.3953395,2.3776588,3.8984623,1.9035934,0.16114035,0.8116636,25.663795,0.5911985,12.12494,1.0780146,5.8073545,2.6494753,-2.6972764,-4.664855,0.035723515,2.1463072,1.1565685,0.7804083,7.4245543,0.68800676,3.9406943,3.3508308,27.487791,0.43195704,584.5168,0.2833126,1269.0067,0.1767964,-56.414467,-1.4404681,1655.4203,0.15156068,950.2153,0.4138527,-66.13495,-1.0814122,2702.4297,0.09336594,859.83344,0.45043716,-71.81154,-0.9490541,-20.136078,-0.40719026,30.355055,0.29794735,0.07562744,0.42778492,-0.030600142,-0.4207328,0.19932288,0.62421507,31.90234,0.3291578,12.165536,1.1336567,5.410895,3.1176758,-4.392418,-2.924098,-6.937624,14.8906765,0.0066163223,-0.008268957,0.03534824,4.588715,1.6669502,0.45122448,0.39009488,0.15109757,0.20275545,-36.14853
P_1993_F_05,str,/Users/neda/Documents/Corpus/Pertsch/persian/P_1993_F_05/P_1993_F_05_str.wav,eGeMAPSv02,Functionals,33.47003,0.16426252,32.29689,34.176983,36.837986,4.5410957,292.26758,498.96066,112.9071,292.10254,0.29296023,0.6318397,0.11016682,0.26324055,0.45510936,0.34494254,4.3132753,2.598165,2.9692307,1.8291191,0.10452951,0.97090256,24.743862,0.62419534,11.410088,1.1368395,4.3941317,3.0388787,-0.40458134,-28.867067,0.03547135,2.2515423,0.9744575,0.883833,8.535235,0.59490573,6.0174804,1.9340531,27.873055,0.38749003,599.5024,0.32816792,1328.4092,0.1766962,-68.18008,-1.2586951,1647.8608,0.16927913,1031.0581,0.35484475,-74.462074,-1.0219985,2682.847,0.120525114,934.85187,0.375424,-79.85794,-0.90829194,-20.802172,-0.3806692,31.490791,0.2612693,0.06764567,0.4810648,-0.026271395,-0.49870256,0.13448644,0.7666362,32.43407,0.29588664,12.137773,1.151104,4.0368366,3.6357145,-2.4568136,-4.921779,-6.350211,15.349232,0.00010839824,-0.0024998263,0.025608752,2.8998055,1.349401,0.527647,0.42749587,0.2065318,0.3314578,-37.913673
P_1993_F_25,con,/Users/neda/Documents/Corpus/Pertsch/persian/P_1993_F_25/P_1993_F_25_con.WAV,eGeMAPSv02,Functionals,31.41702,0.18233892,30.598452,31.864025,34.940933,4.3424816,321.33963,506.5133,129.62321,247.46397,0.73198503,0.6932397,0.22929972,0.6207988,1.1895288,0.9602291,11.299415,7.437568,6.869979,4.5804076,0.35412496,1.060464,20.462263,0.88557994,13.760147,0.87368107,6.3528714,1.6556966,0.10686113,114.58548,0.028918665,2.391252,0.78993154,1.1398733,8.239306,0.64658856,4.1943517,3.6648886,27.604664,0.61832696,659.49115,0.28291807,1269.7474,0.18104315,-85.729774,-1.0613782,1705.5947,0.14855063,993.2858,0.35051513,-92.692604,-0.8864444,2807.6013,0.10576263,837.8048,0.4198466,-97.32168,-0.8049558,-21.597555,-0.38945588,32.43447,0.30247387,0.025390659,1.3565795,-0.032581836,-0.48783362,0.49813393,0.8014535,31.900202,0.38577676,16.207487,0.8419714,6.5542083,1.8696502,-4.07652,-3.1827366,-6.1996503,15.007898,-0.033238668,-0.0029840348,0.115222,2.2991443,1.4949211,0.40820515,0.36725616,0.26219624,0.6722641,-25.354239
P_1993_F_25,m(f),/Users/neda/Documents/Corpus/Pertsch/persian/P_1993_F_25/P_1993_F_25_m(f).WAV,eGeMAPSv02,Functionals,31.268808,0.19090769,31.017256,32.257393,34.835964,3.8187084,245.24416,322.89893,122.496574,200.40582,0.94457406,0.57261866,0.37745845,0.87852544,1.4428841,1.0654256,13.097293,7.854198,8.247563,5.8983235,0.4897565,0.9251984,25.892475,0.6662393,14.511553,0.8988641,7.4269533,1.6446217,-5.643795,-2.3392441,0.03302383,2.3580227,0.8229561,1.1178095,8.152631,0.67687714,0.59666896,28.862946,24.764236,0.6955797,656.4199,0.28441688,1251.2216,0.19362666,-54.262962,-1.430989,1718.0231,0.1637703,964.41736,0.3880037,-65.48771,-1.0599074,2786.4492,0.10260278,821.91016,0.41121453,-70.56285,-0.9415889,-21.352455,-0.3779112,31.192455,0.30895063,0.027955651,1.2660801,-0.037253343,-0.41734508,0.5669207,0.8068949,32.481922,0.38541958,15.340375,0.8840008,7.7283416,1.6932739,-8.207621,-1.5954134,-6.0193276,13.629538,-0.025462776,-0.009103464,0.21977518,2.9988317,1.7017409,0.44870228,0.40248352,0.13284482,0.2039219,-23.374983
P_1993_F_25,m(i),/Users/neda/Documents/Corpus/Pertsch/persian/P_1993_F_25/P_1993_F_25_m(i).WAV,eGeMAPSv02,Functionals,31.654718,0.17108569,30.823706,32.263588,35.444954,4.6212482,348.12363,501.78677,90.13723,134.40628,0.8801945,0.6299262,0.29941103,0.800877,1.3970515,1.0976404,12.088262,8.5622015,7.424318,4.587303,0.43584195,0.9923862,23.9907,0.7298262,13.541184,0.9540583,7.093964,1.5954064,-3.5568545,-3.7289193,0.032428365,2.3871706,0.7890989,1.1310716,8.521711,0.5981343,1.6651123,8.4558525,25.668724,0.5585095,676.7189,0.2593492,1256.623,0.19844052,-67.32441,-1.2562302,1744.5914,0.16008681,957.3023,0.39518094,-77.195656,-0.9857471,2816.5657,0.09849598,823.7971,0.4250845,-81.84099,-0.88934225,-21.979462,-0.3753387,32.231754,0.28944343,0.026041077,1.2729337,-0.034655996,-0.43362287,0.55985665,0.79119897,32.920692,0.34075004,14.767111,0.97256136,7.933536,1.5775955,-6.969242,-1.9383821,-5.9069176,13.893931,-0.029453248,-0.0051018535,0.12154475,2.6442308,1.3080739,0.53942525,0.41901183,0.221875,0.45200923,-23.444666
P_1993_F_25,pic,/Users/neda/Documents/Corpus/Pertsch/persian/P_1993_F_25/P_1993_F_25_pic.WAV,eGeMAPSv02,Functionals,30.894705,0.18050756,30.706562,32.051727,33.430298,2.7237358,344.91177,547.9308,130.78217,255.58171,0.845983,0.6834356,0.26257077,0.7450238,1.3669053,1.1043346,12.123884,8.006884,7.7909436,5.4449024,0.41867128,1.0740267,22.517591,0.814766,14.608824,0.83724844,7.7725596,1.4819114,-2.9849582,-4.378289,0.030081134,2.516898,0.7928676,1.1866637,8.19431,0.6414486,2.6710322,5.516889,27.054632,0.5510754,639.0736,0.2767329,1274.0096,0.18065578,-76.48457,-1.1642709,1695.1597,0.16581047,987.2781,0.39216435,-85.44315,-0.9395385,2788.788,0.105504565,815.9844,0.4302036,-89.75209,-0.8566745,-21.785078,-0.36844495,31.769474,0.29903057,0.027901711,1.206104,-0.035546165,-0.4357994,0.5606926,0.84777206,32.999683,0.373158,16.530128,0.82131964,8.688634,1.5105879,-6.9534597,-1.9276733,-6.3468156,14.582589,-0.028978411,-0.0050631273,0.13780515,2.2639184,1.4494032,0.44914892,0.39715838,0.2498962,0.7459308,-23.745396
P_1993_F_25,r(f),/Users/neda/Documents/Corpus/Pertsch/persian/P_1993_F_25/P_1993_F_25_r(f).WAV,eGeMAPSv02,Functionals,32.301403,0.14574327,31.211538,32.539062,34.59363,3.3820934,286.1532,430.25348,184.17143,487.01462,1.2659749,0.6129551,0.5071303,1.1585591,1.9455906,1.4384604,18.182705,8.63861,12.44094,6.2776084,0.8224949,0.8249302,25.891212,0.66801995,9.72355,1.661132,8.552612,1.522582,-7.8719063,-1.8311869,0.026538119,2.5979147,0.908161,1.0013318,7.797393,0.64646316,3.6584249,4.0411787,24.47877,0.6299111,627.2806,0.27613732,1260.5029,0.1733786,-49.22487,-1.5431274,1685.2687,0.15017723,949.73615,0.4370693,-59.82982,-1.1462901,2761.5027,0.10475989,816.9635,0.49893895,-64.96622,-1.009626,-18.305534,-0.4482896,27.343456,0.37430817,0.041956183,0.76879877,-0.035289068,-0.42070934,0.96359766,0.697934,32.124237,0.3935184,8.687355,1.9521271,9.108342,1.5127248,-10.532537,-1.3550605,-5.521607,12.594473,-0.014364031,-0.010858265,0.27819458,3.7196507,1.9267592,0.40360248,0.34667826,0.10877698,0.19508146,-20.938097
P_1993_F_25,r(i),/Users/neda/Documents/Corpus/Pertsch/persian/P_1993_F_25/P_1993_F_25_r(i).WAV,eGeMAPSv02,Functionals,32.304104,0.1701274,31.018967,32.67898,35.484116,4.465149,274.93167,443.68884,133.28859,264.7576,1.2161133,0.6386247,0.42150676,1.132698,1.925354,1.5038472,17.857456,11.142236,12.24625,6.9828324,0.8134132,0.89772135,25.78878,0.67958266,10.6942425,1.419674,8.487614,1.6988577,-7.9662027,-1.9016529,0.027557299,2.361361,0.9350361,1.0112213,7.921355,0.68357,3.1279697,4.5098467,25.350632,0.5752258,629.7335,0.2932754,1248.6521,0.1822281,-55.431126,-1.4454134,1690.1288,0.16626853,933.8931,0.4180378,-65.03745,-1.1057982,2760.0867,0.104681715,816.271,0.4431314,-69.851,-0.98724216,-19.45858,-0.4448363,28.681576,0.3552129,0.04381741,0.77566355,-0.03501334,-0.43583247,0.9982481,0.726341,32.635616,0.40250272,10.409971,1.5777227,9.205704,1.6959107,-11.122218,-1.3527175,-6.2863255,13.99146,-0.019598132,-0.008708267,0.19746208,3.4273376,1.4987848,0.50576574,0.4500061,0.16836956,0.28087702,-20.465078
P_1993_F_25,str,/Users/neda/Documents/Corpus/Pertsch/persian/P_1993_F_25/P_1993_F_25_str.WAV,eGeMAPSv02,Functionals,31.423857,0.15816478,31.070229,32.1951,33.99601,2.9257812,326.39752,486.22214,101.77472,184.96101,0.91623527,0.61669517,0.34274217,0.8362882,1.415404,1.0726618,12.501377,8.44773,7.5536327,5.010003,0.46494877,0.9766944,25.559174,0.6605102,14.099685,0.95754915,6.977119,1.717711,-2.6056814,-5.0452485,0.030676711,2.5675204,0.7651456,1.1661597,8.502157,0.5960454,3.3887396,4.1946907,27.652143,0.51650035,631.85864,0.28812194,1272.9358,0.17386472,-60.00404,-1.3619028,1682.4298,0.15826368,979.4747,0.3764873,-70.47969,-1.0443195,2784.7908,0.10642723,848.4021,0.43863955,-76.35676,-0.9152544,-21.464745,-0.37764978,32.19603,0.2972807,0.03018191,1.0749049,-0.0344068,-0.44601536,0.56573987,0.8261851,33.143818,0.3452233,15.368052,0.93647236,7.6899447,1.6896747,-5.281165,-2.5491114,-6.259181,14.392159,-0.024182541,-0.006958756,0.16583806,2.4047546,1.5333029,0.47874752,0.40444013,0.17208987,0.3887878,-23.43924
P_1994_M_21,con,/Users/neda/Documents/Corpus/Pertsch/persian/P_1994_M_21/P_1994_M_21_con.wav,eGeMAPSv02,Functionals,27.960852,0.24814749,22.638695,26.617653,33.004883,10.366188,231.06584,438.2544,162.73456,179.83618,0.43699136,0.8640226,0.090122014,0.30558163,0.81752896,0.727407,7.304734,5.1004934,5.51073,3.1984868,0.19444038,1.0879819,23.019684,0.6466687,-1.5260366,-10.660929,7.309863,1.7117691,-9.137386,-1.7571179,0.06565067,1.6202997,1.6460541,0.62331164,2.100767,2.0624354,-1.0141401,-12.161082,18.693884,0.6912548,555.1504,0.46241727,1228.0804,0.20164242,-81.23424,-1.262822,1574.6533,0.20354705,951.9827,0.3306053,-81.35523,-1.1759462,2586.2798,0.13707922,854.50977,0.38943088,-84.91916,-1.0897627,-13.5021305,-0.5874514,23.472971,0.37354866,0.083180726,0.4154303,-0.025714187,-0.5533926,0.3007039,0.6972716,31.887594,0.35827425,-6.121214,-3.0022128,6.905563,2.172724,-16.822989,-0.9368458,-8.1593485,17.346226,-0.009136504,-0.0058134794,0.03237888,2.4311929,1.2061619,0.4914674,0.42147323,0.35638037,0.48279074,-33.727356
P_1994_M_21,m(f),/Users/neda/Documents/Corpus/Pertsch/persian/P_1994_M_21/P_1994_M_21_m(f).wav,eGeMAPSv02,Functionals,26.720354,0.2474345,22.168999,24.82923,32.09761,9.928612,239.71451,477.2981,209.20432,492.95126,0.48496628,0.6930249,0.1351009,0.44058168,0.8058548,0.6707539,7.22134,5.0088,5.0580006,3.0637565,0.22911641,0.92847097,26.680353,0.5742502,-1.2890546,-11.119488,6.8694315,1.9838858,-9.478404,-1.5134153,0.056483455,1.608867,1.5817325,0.63280976,2.348251,1.638462,-1.1434401,-9.667124,20.991434,0.53846514,515.6783,0.42573777,1282.4496,0.1859178,-56.264347,-1.7379352,1519.8405,0.17986739,1016.9102,0.2921835,-61.21916,-1.4674639,2514.3718,0.12831056,937.7723,0.34386572,-66.38551,-1.2979144,-14.662728,-0.50877035,25.504524,0.34147394,0.086305834,0.3660501,-0.027036298,-0.49208045,0.3065197,0.66822374,34.02507,0.32760644,-4.1953235,-3.570759,6.0991664,2.520945,-14.346927,-0.97021806,-7.2866874,15.634229,-0.0012159362,-0.0073449914,0.048107203,2.9943707,1.3662512,0.5042105,0.4101132,0.24978723,0.3652367,-32.712692
P_1994_M_21,m(i),/Users/neda/Documents/Corpus/Pertsch/persian/P_1994_M_21/P_1994_M_21_m(i).wav,eGeMAPSv02,Functionals,26.60176,0.22395228,22.81359,24.961613,28.860067,6.0464783,154.07361,190.60103,156.91672,395.99393,0.47359276,0.7674338,0.105084784,0.38773236,0.8612091,0.7561243,8.056414,6.66621,5.144358,2.8655195,0.2033738,0.9993279,26.004175,0.578059,-3.5022438,-4.4616838,6.463743,2.1116362,-7.7925916,-1.7995993,0.048370864,1.6952735,1.5487169,0.6550235,2.5369492,1.6102669,-2.359946,-4.256176,18.054295,0.632142,520.7582,0.45571598,1252.9785,0.19812213,-61.390316,-1.6195462,1518.117,0.18233813,987.69293,0.27606148,-65.07722,-1.4313502,2504.1575,0.12524089,908.51337,0.35654908,-70.17096,-1.2742783,-13.031082,-0.5869046,23.702078,0.34056595,0.08818374,0.33632213,-0.02504502,-0.5393158,0.2856785,0.6964335,33.98127,0.30747312,-7.9097395,-2.0667284,5.5983877,2.822354,-12.992627,-1.04769,-7.6208606,16.128452,-0.0035444433,-0.006395551,0.03373948,2.8024998,1.0993177,0.60465515,0.4969154,0.28877193,0.40090716,-33.20667
P_1994_M_21,pic,/Users/neda/Documents/Corpus/Pertsch/persian/P_1994_M_21/P_1994_M_21_pic.wav,eGeMAPSv02,Functionals,26.849707,0.25830173,21.881077,24.882751,32.634686,10.753609,209.44484,269.4274,163.24821,238.96605,0.440203,0.78354156,0.10849742,0.35200965,0.7607582,0.6522608,7.7323394,6.284264,5.0287523,3.0376334,0.197982,1.0459738,23.914768,0.6406996,-0.40691805,-36.476456,8.181074,1.4943138,-9.329104,-1.6930776,0.061519206,1.6766825,1.5910257,0.6640628,2.1013238,2.0344534,-1.8408371,-5.860422,19.38932,0.58153456,539.2672,0.45275074,1243.5986,0.18722375,-72.994415,-1.3947574,1568.5791,0.1962165,985.5818,0.32490256,-76.3484,-1.2294319,2562.2417,0.1331394,901.09595,0.3665535,-79.7731,-1.141109,-14.825798,-0.5259387,24.732763,0.3539506,0.08451985,0.4023905,-0.02819652,-0.50428456,0.2911913,0.70972973,32.702415,0.34443146,-4.1832848,-3.9258943,8.662817,1.6804816,-15.788145,-1.0089903,-7.3395476,16.101292,-0.004833666,-0.0063540405,0.0385863,2.6125095,1.2401031,0.50061536,0.39362758,0.31296608,0.42872953,-33.51844
P_1994_M_21,r(f),/Users/neda/Documents/Corpus/Pertsch/persian/P_1994_M_21/P_1994_M_21_r(f).wav,eGeMAPSv02,Functionals,27.899809,0.25822532,22.762794,25.65188,33.285736,10.522942,279.32904,459.24503,156.97629,169.81055,0.5039874,0.72533894,0.14231245,0.42893896,0.84851795,0.7062055,8.127357,5.33657,6.153551,3.0137637,0.22383319,0.8895014,23.160414,0.68199146,-4.6699104,-3.6316643,5.9355288,2.4865694,-7.363061,-1.9322805,0.063511744,1.6094862,1.7342321,0.59184414,1.1125612,3.5727925,-2.4697576,-4.518468,15.478788,0.85190195,567.9986,0.48102462,1236.6436,0.22626641,-61.16241,-1.6006379,1577.8282,0.19205631,965.14526,0.35170144,-62.010235,-1.4635031,2555.6272,0.12192559,884.49585,0.35260716,-65.8158,-1.3360608,-10.409458,-0.7562064,20.713648,0.45084703,0.08059956,0.40343437,-0.022937907,-0.58193856,0.29923418,0.637124,29.99629,0.42243016,-9.189522,-1.9027666,4.975788,3.3430593,-11.497078,-1.2604859,-5.8661065,14.412337,-0.00014240321,-0.0073000905,0.055995256,3.3562975,1.4579836,0.46551514,0.35458457,0.22729166,0.4082282,-34.09645
P_1994_M_21,r(i),/Users/neda/Documents/Corpus/Pertsch/persian/P_1994_M_21/P_1994_M_21_r(i).wav,eGeMAPSv02,Functionals,27.818497,0.24656253,23.169956,26.454666,30.876314,7.706358,210.81505,328.97516,157.32852,194.27745,0.5091535,0.7392831,0.11812422,0.4372722,0.87916195,0.7610377,8.198947,5.1284018,6.028333,3.0078661,0.23950252,0.89429814,25.884876,0.5685419,-4.147865,-4.0462484,7.8928494,1.94324,-11.050776,-1.5480002,0.06549118,1.5839772,1.6650109,0.6155136,1.8399055,2.2097294,-1.5329243,-7.503077,16.692965,0.7892011,545.89655,0.4748986,1208.0164,0.20969628,-48.271534,-1.9170868,1561.9429,0.20434657,925.9937,0.3321008,-51.09514,-1.6746523,2579.0427,0.12462993,850.7952,0.38858247,-55.783924,-1.4794662,-12.127179,-0.6840399,22.518717,0.4117183,0.090117134,0.36880288,-0.024710782,-0.61169237,0.30893794,0.658409,31.16553,0.39526707,-7.18058,-2.4086275,7.723082,2.1917682,-15.573826,-1.0906848,-7.4317694,16.372019,0.0046000564,-0.007039233,0.034593012,3.5557847,1.2504834,0.58927834,0.5951648,0.21232557,0.31237155,-33.098213
P_1994_M_21,str,/Users/neda/Documents/Corpus/Pertsch/persian/P_1994_M_21/P_1994_M_21_str.wav,eGeMAPSv02,Functionals,26.68433,0.2741256,21.194998,24.073606,33.010952,11.815954,260.8326,429.9983,149.91191,167.90341,0.4601402,0.78410155,0.11601015,0.36756706,0.8051303,0.6891202,8.013085,6.296749,5.280559,3.1711128,0.21012749,1.0228504,23.491602,0.61673933,-2.094327,-7.290373,7.6760664,1.5372356,-7.7706327,-1.8553314,0.06895218,1.5902432,1.6746123,0.6067875,1.3651443,2.8669217,-1.5307435,-7.370769,18.412548,0.65998626,552.6921,0.46291846,1232.0739,0.1900784,-75.850395,-1.359719,1562.4364,0.18976367,984.3937,0.30511662,-78.70171,-1.217957,2551.9272,0.13214165,886.706,0.3559644,-82.29899,-1.1274287,-13.528732,-0.57425123,23.67273,0.3573039,0.083094716,0.40276128,-0.025519589,-0.55569947,0.31542888,0.66501147,32.280766,0.33189964,-6.419045,-2.6598926,7.5384836,1.8557235,-14.172167,-1.0156472,-7.3248177,16.129953,-0.0058888295,-0.006476719,0.044257544,2.5352113,1.3172588,0.45564547,0.3802895,0.33543578,0.51224816,-33.433994
P_1995_M_04,con,/Users/neda/Documents/Corpus/Pertsch/persian/P_1995_M_04/P_1995_M_04_con.wav,eGeMAPSv02,Functionals,28.904072,0.13463551,27.5591,28.697302,31.635746,4.076647,190.24603,222.22809,77.947235,138.82466,0.2633092,0.66299105,0.08614123,0.23063521,0.4220356,0.33589438,3.9782958,2.435821,2.4256802,1.523606,0.099479534,0.90068305,23.512308,0.68824154,14.829133,0.78846455,12.649798,1.0054692,4.4836698,2.4946842,0.034574572,2.2140975,1.0411015,0.85392123,6.6074114,0.6509734,4.7366767,2.0118322,27.141777,0.33783853,491.76617,0.34228414,1246.7501,0.18334275,-72.04396,-1.2018486,1535.9465,0.16404834,1008.3867,0.33179185,-80.96171,-0.97252613,2544.1162,0.12350048,937.6367,0.3923803,-85.42429,-0.8847274,-21.05824,-0.33904964,31.277205,0.25114056,0.032789063,1.0399387,-0.027861342,-0.45672894,0.1348573,0.6368932,32.50393,0.30743268,16.546236,0.75930786,14.357966,0.9600966,2.9328215,4.192753,-8.364341,17.835447,-0.019898416,-0.002403142,0.021009946,2.8069744,1.3486761,0.50183487,0.37746906,0.2308738,0.27608606,-38.52856
P_1995_M_04,m(f),/Users/neda/Documents/Corpus/Pertsch/persian/P_1995_M_04/P_1995_M_04_m(f).wav,eGeMAPSv02,Functionals,26.720245,0.14671995,25.973642,27.441422,29.044945,3.0713024,184.62927,305.84537,140.6232,224.4841,0.2186346,0.6000819,0.08250776,0.19787434,0.33110273,0.24859497,2.9239028,1.6768705,1.8919816,1.2481033,0.082124405,0.8731696,23.139978,0.69551617,16.728712,0.65529794,10.491213,1.1782873,5.2277985,1.969796,0.05121898,2.0678113,1.0806371,0.75959104,5.2698383,0.75950754,6.2499247,1.8552817,27.63887,0.3927517,508.35742,0.32908922,1268.8258,0.18312654,-73.64716,-1.1843309,1545.392,0.16974932,1068.5168,0.34622684,-83.25935,-0.9504344,2545.5195,0.13141206,933.31714,0.37827018,-87.24307,-0.87402034,-21.525206,-0.30890355,31.769217,0.23317635,0.021552976,1.4322621,-0.033173397,-0.40490738,0.11204829,0.6071244,32.394756,0.2956046,19.20166,0.5852848,11.73943,1.1509403,4.0332565,2.8832917,-8.030224,17.273611,-0.018809339,-0.0043190904,0.018930158,2.7833002,1.3500072,0.49389473,0.40701553,0.24930233,0.32286793,-41.051495
P_1995_M_04,m(i),/Users/neda/Documents/Corpus/Pertsch/persian/P_1995_M_04/P_1995_M_04_m(i).wav,eGeMAPSv02,Functionals,30.39646,0.11755772,28.181707,30.090185,32.9105,4.728792,133.82568,193.42876,35.115463,79.831276,0.23654056,0.74834466,0.06706474,0.18400507,0.40238285,0.33531812,3.803364,2.499107,2.7967186,1.7033083,0.09103254,1.0532792,21.010988,0.8872819,13.808164,0.82683015,8.689351,1.4116784,4.6062717,2.370303,0.027945444,1.8846878,1.0191166,0.8030083,7.510004,0.56245196,4.121634,2.4902835,28.778692,0.3040297,522.17365,0.30273727,1312.0865,0.15749939,-91.7755,-1.0085641,1578.4509,0.16226594,1063.1038,0.32765138,-98.77875,-0.8431993,2618.1633,0.13408332,957.17957,0.37980518,-103.09328,-0.77204573,-22.315138,-0.34090406,33.4655,0.23964752,0.04246391,0.8579797,-0.029258143,-0.4159456,0.14353208,0.6461176,34.642464,0.29093626,16.710041,0.77691025,10.394376,1.4090267,2.5534205,5.118072,-6.882654,16.558264,-0.021298055,-0.0009259417,0.014571749,2.6625388,0.9612403,0.6074194,0.46807754,0.42433333,0.89075124,-38.379047
P_1995_M_04,pic,/Users/neda/Documents/Corpus/Pertsch/persian/P_1995_M_04/P_1995_M_04_pic.wav,eGeMAPSv02,Functionals,28.818434,0.12530994,27.83672,29.0094,31.121666,3.2849464,169.078,219.48024,63.00332,75.03436,0.24628904,0.6326223,0.089807436,0.21627623,0.38665798,0.29685056,3.2934065,1.7900316,2.1401312,1.4610838,0.09006237,0.86535245,23.89986,0.6500015,15.80833,0.7237204,14.421413,0.89107174,6.2302184,1.6762965,0.036721475,2.2390547,1.0339727,0.8254679,6.8580203,0.5698702,2.9242396,3.332844,26.973612,0.31877646,469.37653,0.3043753,1233.4269,0.16326411,-69.45299,-1.2377231,1526.3351,0.151777,988.59863,0.33208093,-79.35243,-0.97860175,2522.9956,0.114732824,961.5553,0.41042635,-83.851814,-0.8888214,-21.404427,-0.31954703,32.036373,0.23514754,0.033066384,0.98134094,-0.028559642,-0.43657506,0.11998622,0.6190879,32.40804,0.28318745,17.747166,0.66977537,16.693241,0.82146627,4.8249187,2.3849096,-8.877411,18.637287,-0.022944238,-0.0024186985,0.020185636,2.7459955,1.3167312,0.5231522,0.41981855,0.23867469,0.35397497,-39.00393
P_1995_M_04,r(f),/Users/neda/Documents/Corpus/Pertsch/persian/P_1995_M_04/P_1995_M_04_r(f).wav,eGeMAPSv02,Functionals,27.849796,0.13295762,27.17321,28.27454,29.824745,2.651535,194.94164,232.86728,128.4365,221.3598,0.22733144,0.6001766,0.095672876,0.20065181,0.34098992,0.24531704,3.200554,1.6107352,2.2067885,1.2465752,0.09247235,0.81368303,23.439564,0.65991944,16.375652,0.71968883,11.595478,1.133874,6.684543,1.5341673,0.05147599,2.0292876,1.2362363,0.7650262,5.0994244,0.8214991,4.5965557,2.5582151,27.375853,0.40668795,475.72284,0.33495703,1228.7806,0.18343787,-70.200294,-1.204557,1524.7589,0.15218332,997.73224,0.3567765,-79.18453,-0.9715153,2523.823,0.11864189,1009.11914,0.39964727,-84.35694,-0.87018186,-20.43541,-0.34906843,32.368027,0.24318437,0.028227247,1.0786307,-0.027442006,-0.42521238,0.12281544,0.5640438,31.495441,0.3203707,18.232075,0.6752789,13.163734,1.0934408,5.7624445,1.9897039,-8.051065,17.715254,-0.013979147,-0.0046148617,0.021536771,3.4736736,1.7227644,0.3979191,0.30677184,0.1811039,0.29105622,-40.73729
P_1995_M_04,r(i),/Users/neda/Documents/Corpus/Pertsch/persian/P_1995_M_04/P_1995_M_04_r(i).wav,eGeMAPSv02,Functionals,28.486847,0.13593446,27.452324,28.653843,30.886524,3.4342003,147.95409,158.45305,170.78188,357.60526,0.25347543,0.5939613,0.10792127,0.22642739,0.38373774,0.27581647,3.5611372,1.8958535,2.475788,1.4549433,0.109639086,0.81309754,25.937664,0.5804894,16.761356,0.7041096,13.041308,1.0362834,5.6274605,2.1534011,0.04700024,2.2672546,1.1356055,0.75513107,5.739428,0.7282938,4.2767816,2.6789048,28.782084,0.37033108,482.9011,0.32247782,1242.0289,0.17136237,-61.717392,-1.3255886,1535.9103,0.16028143,1015.5052,0.3434808,-72.620514,-1.015857,2547.6458,0.12335831,976.81036,0.3815023,-78.16985,-0.8995835,-21.573065,-0.33114088,32.760166,0.23459244,0.038203333,0.85332566,-0.029955976,-0.44999695,0.1399956,0.5991242,32.99789,0.29507664,18.591482,0.6458166,14.441644,0.9930828,4.8270836,2.7763233,-8.266404,18.076254,-0.009797507,-0.005922128,0.023870638,3.6679265,1.569067,0.46169642,0.4094484,0.16796115,0.24613267,-38.899036
P_1995_M_04,str,/Users/neda/Documents/Corpus/Pertsch/persian/P_1995_M_04/P_1995_M_04_str.wav,eGeMAPSv02,Functionals,28.972477,0.13135615,27.27481,28.990711,31.61911,4.3442993,163.3165,280.61478,91.31851,179.38474,0.22625545,0.6621033,0.07754368,0.1954199,0.353613,0.2760693,3.3756044,2.1651168,2.0851717,1.3376708,0.084813975,0.92358786,22.792532,0.7226107,16.090158,0.72553474,10.80109,1.1313676,4.6117516,2.4988406,0.031762913,2.1681514,1.0308757,0.77777815,6.7814054,0.5720652,4.3417234,2.5026715,28.029799,0.35431454,500.2375,0.33945292,1279.1866,0.18288629,-78.52128,-1.1186281,1524.7382,0.17193395,1043.2306,0.32659656,-86.78016,-0.9167876,2566.243,0.12565696,929.24945,0.4149704,-91.523994,-0.8301827,-21.886034,-0.32748905,32.841213,0.23563088,0.026390266,1.3576798,-0.026947645,-0.48323047,0.11828248,0.63672745,32.718212,0.29491094,18.575106,0.66656375,12.409559,1.1039776,2.6738164,4.9048567,-8.697941,18.53253,-0.023754273,-0.001140414,0.018875318,2.8170114,1.3583139,0.47925287,0.42045268,0.26953948,0.53214353,-39.93895
P_1995_M_07,con,/Users/neda/Documents/Corpus/Pertsch/persian/P_1995_M_07/P_1995_M_07_con.wav,eGeMAPSv02,Functionals,28.859066,0.12909974,26.9069,28.647228,31.139048,4.232147,162.04413,251.32233,46.195534,87.23755,0.30105615,0.660813,0.09589295,0.26212534,0.49141455,0.39552158,4.5249195,2.4974883,2.833364,1.6710975,0.12503089,0.93533957,25.743021,0.7216199,17.158682,0.739563,12.727744,1.1504148,-1.7299497,-7.908851,0.026342858,2.3437035,1.1100079,0.85363495,6.7499237,0.600732,3.484743,2.7566888,30.227417,0.31035185,566.65375,0.2928956,1295.3267,0.16529323,-69.67184,-1.225826,1652.4688,0.18495038,995.6679,0.38329142,-80.68345,-0.94718283,2720.6008,0.112028755,870.57715,0.40973386,-84.98725,-0.863759,-23.84512,-0.30494082,32.26582,0.25963274,0.04835132,0.6726469,-0.039296843,-0.39236197,0.16839293,0.6719866,35.47228,0.34155154,19.518953,0.6715914,14.835005,1.0809145,-4.3422503,-3.4104567,-6.6564746,14.2442045,-0.0042885933,-0.006878498,0.022876346,3.110925,1.3519179,0.51,0.4049404,0.22931623,0.2719186,-36.008057
P_1995_M_07,m(f),/Users/neda/Documents/Corpus/Pertsch/persian/P_1995_M_07/P_1995_M_07_m(f).wav,eGeMAPSv02,Functionals,28.394056,0.12218507,26.58736,28.410576,30.557373,3.9700127,218.68295,336.9779,43.437588,44.552395,0.22337334,0.620485,0.078516915,0.20548566,0.34740567,0.26888877,3.1097617,2.2856762,2.0821311,1.26811,0.08430673,0.9102757,22.989725,0.80357873,19.328392,0.59118843,11.776554,1.0324295,1.1413435,9.639667,0.026296124,2.4865239,1.0460942,0.8810782,6.9660444,0.5730819,4.210992,2.0671177,32.503407,0.32546386,611.55145,0.31230393,1309.0853,0.17475398,-84.52906,-1.0395283,1693.0328,0.20171739,1070.0642,0.37144452,-94.78,-0.82873905,2769.912,0.115490995,868.59045,0.38121188,-98.37106,-0.7698926,-25.655182,-0.2945592,34.61255,0.2593182,0.036690485,0.8339958,-0.03674864,-0.3973141,0.12096287,0.5981633,34.871773,0.31744587,24.113916,0.41262254,13.924418,0.96588176,-0.9185789,-13.442146,-6.7960777,14.740063,-0.008910542,-0.00532015,0.021202631,3.3401103,1.4543339,0.4256,0.3025238,0.26130435,0.47887373,-38.547005
P_1995_M_07,m(i),/Users/neda/Documents/Corpus/Pertsch/persian/P_1995_M_07/P_1995_M_07_m(i).wav,eGeMAPSv02,Functionals,28.535955,0.119838275,26.54544,28.770098,31.056187,4.510746,247.53477,288.88354,65.18623,113.49059,0.28446287,0.62116665,0.10210125,0.26305482,0.42965811,0.32755685,3.9604483,2.2607675,2.8367894,1.6606549,0.11524454,0.86678576,26.128927,0.6888691,18.524055,0.6505664,11.213523,1.3030385,1.0777519,11.067409,0.025852587,2.1119053,1.1645137,0.8895901,6.687772,0.61232,2.8664038,3.64967,30.596014,0.4154666,566.70605,0.32641184,1304.749,0.1821922,-64.30197,-1.2907773,1611.8156,0.19021149,1026.8895,0.3712854,-76.08257,-0.97843367,2717.2505,0.12005401,879.644,0.42487723,-81.55734,-0.8700446,-23.554424,-0.3212098,33.473873,0.26411018,0.04037653,0.7959057,-0.036180463,-0.41787013,0.1491548,0.6337329,34.8722,0.34052542,21.020544,0.56310236,12.539081,1.2763914,-0.25545967,-50.560925,-6.6174135,14.4113455,-0.0035771264,-0.006993347,0.025045097,3.4528997,1.1752855,0.61142856,0.46559423,0.24580644,0.28964686,-36.912296
P_1995_M_07,pic,/Users/neda/Documents/Corpus/Pertsch/persian/P_1995_M_07/P_1995_M_07_pic.wav,eGeMAPSv02,Functionals,28.96597,0.14864938,26.145515,28.53067,32.04507,5.899555,199.91255,220.21931,74.02129,185.4512,0.28989428,0.64068663,0.09459194,0.26084632,0.4552781,0.36068615,4.452226,2.651342,3.0524187,1.7538968,0.12664202,0.86777776,24.386671,0.7786073,17.580376,0.71046007,12.760662,1.0991077,-0.61437684,-19.883177,0.025652051,2.3041778,1.1802964,0.78898317,6.5457907,0.6173315,4.2016788,2.1946049,31.203678,0.32790992,570.9323,0.33031964,1278.3324,0.18967149,-68.976364,-1.2422773,1643.6526,0.18245956,1024.0354,0.39965922,-80.45563,-0.948517,2718.4407,0.11302136,858.29425,0.42450058,-84.346565,-0.87288743,-23.37287,-0.3518259,31.83438,0.29966116,0.05072011,0.64605695,-0.03635897,-0.37742525,0.17029653,0.59522617,34.103584,0.3826998,20.376259,0.6240918,14.969075,1.0174953,-2.9325676,-4.4652944,-5.9042735,13.941893,-0.0062600025,-0.004863182,0.023209438,3.6128693,1.3326296,0.5185149,0.44929287,0.24964707,0.4745511,-36.54951
P_1995_M_07,r(f),/Users/neda/Documents/Corpus/Pertsch/persian/P_1995_M_07/P_1995_M_07_r(f).wav,eGeMAPSv02,Functionals,29.192553,0.12799878,26.828972,28.80241,31.862766,5.0337944,203.37035,306.9302,60.89376,87.53312,0.28605506,0.6359478,0.11145502,0.25174704,0.44244587,0.33099085,4.7150927,2.7394547,3.1166859,1.68894,0.13124341,0.88629156,24.338161,0.74230665,18.928741,0.6867176,12.93789,1.069372,-1.0409546,-12.799411,0.028521916,1.9753416,1.2550864,0.78000116,6.3251185,0.63999987,4.296106,2.404749,30.515474,0.35127,554.83765,0.31726912,1282.5648,0.18005298,-66.62652,-1.2557696,1637.8755,0.17967917,1026.095,0.4052908,-78.72475,-0.94306284,2700.8071,0.10573034,872.356,0.42225552,-82.61904,-0.866602,-23.322748,-0.3258068,32.044777,0.27769613,0.045546196,0.7246762,-0.03791767,-0.38847777,0.17290367,0.6432342,32.97991,0.39035925,21.019531,0.61801046,14.477841,1.0407171,-3.380464,-4.245473,-6.7638144,14.438817,-0.0015642978,-0.007722033,0.02607279,3.7103786,1.5803988,0.44489932,0.3271775,0.18362962,0.28563803,-36.775787
P_1995_M_07,r(i),/Users/neda/Documents/Corpus/Pertsch/persian/P_1995_M_07/P_1995_M_07_r(i).wav,eGeMAPSv02,Functionals,29.420778,0.1547024,27.300484,29.074451,31.6601,4.359617,235.61423,418.65768,63.738018,95.4267,0.3001701,0.6555524,0.10100936,0.2643389,0.47926894,0.37825957,5.0029216,2.5732293,3.4193661,1.8053488,0.1399841,0.864775,25.761242,0.7173347,18.076212,0.6992609,13.792015,1.04772,-0.42711622,-33.840645,0.027804011,2.162773,1.2120672,0.7795753,6.5568047,0.6212525,4.7117567,2.405345,30.708641,0.37919003,538.6377,0.31884414,1283.5803,0.17349277,-64.04696,-1.2986169,1604.9243,0.18863606,1022.42346,0.38706848,-75.83069,-0.9796785,2681.5269,0.11121121,844.03357,0.3903672,-79.74973,-0.89787203,-23.431137,-0.35794583,32.08355,0.29500857,0.050019827,0.6977547,-0.036277507,-0.43119207,0.1835256,0.61616856,34.18093,0.39238134,20.181786,0.6439151,15.849285,0.9770395,-2.4707453,-6.41288,-7.4113197,15.656965,-0.0041379654,-0.006235714,0.022158325,3.8119767,1.2628866,0.5702041,0.57835793,0.21172042,0.2943103,-36.012314
P_1995_M_07,str,/Users/neda/Documents/Corpus/Pertsch/persian/P_1995_M_07/P_1995_M_07_str.wav,eGeMAPSv02,Functionals,29.330494,0.15025759,26.599382,29.327248,32.560417,5.961035,262.8674,447.99582,63.89286,125.2488,0.3007378,0.62540483,0.120337345,0.27107823,0.44884902,0.3285117,4.441121,2.7639484,3.140651,1.8931209,0.14337677,0.8713487,26.317717,0.66370267,18.471872,0.73607206,13.27161,1.1570483,-1.3182995,-10.583009,0.030613663,2.176873,1.1771427,0.79496217,6.5533004,0.6320128,4.341874,2.4213479,31.562057,0.3361035,569.528,0.29746467,1280.6222,0.17698745,-62.31102,-1.312678,1669.4606,0.17238921,994.3513,0.4144662,-74.65348,-0.97321194,2758.5596,0.11439489,877.8172,0.4521234,-78.96484,-0.88467,-24.24685,-0.33212164,33.08494,0.27550074,0.050633796,0.66924846,-0.036678348,-0.4053711,0.18301596,0.65367496,34.21532,0.35184672,20.860075,0.656096,14.983902,1.107758,-3.3842053,-4.408432,-6.461753,14.188967,0.000257461,-0.0076363655,0.03016693,3.6482012,1.3923198,0.52278227,0.47217152,0.19057521,0.31929976,-36.01238
P_1996_F_14,con,/Users/neda/Documents/Corpus/Pertsch/persian/P_1996_F_14/P_1996_F_14_con.wav,eGeMAPSv02,Functionals,35.79403,0.10889485,34.60784,35.492237,38.07976,3.47192,319.34534,414.50763,63.14498,97.67834,0.7240215,0.7249529,0.24555005,0.5928443,1.1306716,0.8851216,13.425974,8.535236,7.419959,5.032115,0.3509945,1.0556784,16.292233,0.9293543,12.200594,0.94861495,6.125491,1.9024837,-3.1038947,-5.0857725,0.022140052,2.5696533,0.8259165,0.96763206,10.108968,0.4774139,3.090547,3.4202888,20.888575,0.5706251,692.26117,0.33014145,1229.063,0.18853585,-93.60613,-0.9627134,1736.8514,0.14961785,916.6495,0.39520776,-92.529915,-0.8734856,2940.022,0.09204336,575.08344,0.67617226,-96.45709,-0.80499023,-20.1041,-0.41180348,31.967106,0.27354974,0.02197332,1.7758558,-0.02119177,-0.6520499,0.4895137,0.80828357,25.645151,0.38710982,13.980732,0.9725841,6.4807105,2.14989,-8.899667,-1.8664281,-6.0279093,15.533546,-0.036446135,-0.0007995533,0.11206788,2.4390244,1.205187,0.51683545,0.38887876,0.31175676,0.6836951,-25.123005
P_1996_F_14,m(f),/Users/neda/Documents/Corpus/Pertsch/persian/P_1996_F_14/P_1996_F_14_m(f).wav,eGeMAPSv02,Functionals,34.946766,0.11824889,34.872166,35.747276,36.867756,1.9955902,389.88928,538.0585,81.69627,126.669685,0.81227756,0.6459792,0.2976578,0.7160817,1.2395068,0.94184905,12.664961,7.5827103,7.6028304,4.599326,0.4146567,0.9538716,18.785252,0.79641795,12.476728,0.97315145,5.7306957,2.0595448,-3.7310896,-4.0142126,0.024721488,2.2773025,0.8736988,1.0214694,9.904625,0.49920326,4.297099,2.5086231,23.438116,0.47979876,716.6242,0.30565855,1186.5114,0.20582579,-79.85559,-1.0919015,1771.3223,0.1415687,868.02893,0.39693344,-83.64323,-0.92852765,2983.9692,0.09062026,576.0807,0.6355922,-88.53231,-0.8371759,-20.996054,-0.3920361,32.817074,0.2751788,0.029795313,1.2941003,-0.02269377,-0.6177312,0.54111725,0.759189,26.898493,0.37281704,14.135422,0.93791586,5.7089434,2.375053,-8.350779,-1.8337016,-6.261195,15.348742,-0.032892536,-0.0014560028,0.14181939,2.80495,1.4268869,0.4705785,0.4332318,0.2321101,0.4627819,-23.936287
P_1996_F_14,m(i),/Users/neda/Documents/Corpus/Pertsch/persian/P_1996_F_14/P_1996_F_14_m(i).wav,eGeMAPSv02,Functionals,35.316223,0.1126765,34.84139,35.801186,37.17251,2.3311195,333.92056,464.07156,102.57446,256.42603,0.8060282,0.6454698,0.3231486,0.7023761,1.2063417,0.88319314,13.491023,8.418088,7.86335,5.7472596,0.3870265,0.95581937,19.359144,0.78051764,12.050527,1.0474567,4.2001066,2.9446676,-6.1759267,-2.5118046,0.023159187,2.6112602,0.82587206,0.9842331,10.132241,0.46878028,3.063419,3.5408123,23.511253,0.47908223,716.6072,0.27930173,1212.9242,0.2079953,-74.97123,-1.1538763,1759.6954,0.14169404,901.9824,0.3934644,-79.91073,-0.963731,2969.7725,0.088666804,573.0049,0.6476848,-85.08302,-0.8617568,-20.364117,-0.39662638,32.34656,0.27051073,0.026456749,1.5550342,-0.02418882,-0.5514518,0.494594,0.7841497,27.351248,0.35209897,13.205615,1.0556685,3.1852894,4.40641,-11.173561,-1.363527,-5.7720814,14.601184,-0.03397959,-0.0024375012,0.13521196,2.7809966,1.3531799,0.5098571,0.456438,0.22749999,0.4619287,-25.092606
P_1996_F_14,pic,/Users/neda/Documents/Corpus/Pertsch/persian/P_1996_F_14/P_1996_F_14_pic.wav,eGeMAPSv02,Functionals,36.19157,0.110784024,35.297623,36.567028,38.054382,2.7567596,404.8841,655.57983,49.294323,70.01624,0.61654,0.6940151,0.21931778,0.5004653,0.9673326,0.7480148,9.567722,5.7499647,6.2260246,4.0621004,0.27762663,1.0708257,14.07445,1.0622283,13.645733,0.7637686,6.6326146,1.780188,-2.9829636,-5.3493333,0.02104341,2.6109,0.78438824,1.0497258,10.764884,0.4253788,6.253788,2.1317859,23.113947,0.53185415,691.7173,0.31250578,1194.1724,0.20183402,-106.08636,-0.85794806,1781.0912,0.15067266,834.7224,0.45710865,-104.83119,-0.7868376,2940.5222,0.09533047,599.9318,0.67469597,-107.59005,-0.7413488,-21.659359,-0.35653624,32.364674,0.27596006,0.027634632,1.4757656,-0.025259849,-0.5558743,0.41466212,0.7878144,25.00496,0.38712728,16.592436,0.7275355,7.496645,1.9702623,-10.809955,-1.5299672,-6.690365,16.063818,-0.037749004,-0.0013972349,0.098735325,2.3696055,1.2716917,0.4367708,0.34924766,0.35840908,0.63554543,-26.732506
P_1996_F_14,r(f),/Users/neda/Documents/Corpus/Pertsch/persian/P_1996_F_14/P_1996_F_14_r(f).wav,eGeMAPSv02,Functionals,35.31958,0.09908279,34.198914,35.483936,37.434258,3.235344,188.44743,323.02325,114.56967,304.76147,0.9581371,0.6367092,0.3582548,0.84823745,1.4846562,1.1264014,13.676241,7.377649,9.8246155,4.9697323,0.56998056,0.837649,20.798908,0.74049383,12.503675,1.0148463,4.515935,2.8167088,-12.483832,-1.3519149,0.025855856,2.2643635,0.99602467,0.85729545,9.179388,0.5180639,1.4647852,6.807977,23.007072,0.4331042,713.60455,0.28049394,1228.1339,0.19733544,-69.790535,-1.2093443,1797.8055,0.16283888,896.76215,0.4343015,-76.55081,-0.96875954,2921.8706,0.089655094,660.04565,0.5342484,-80.15104,-0.8949006,-19.622204,-0.37602663,30.125734,0.2785496,0.03392268,1.0925924,-0.030920202,-0.44382927,0.7218977,0.64798975,27.873768,0.40188506,12.524374,1.1186076,4.288143,3.3087738,-17.77215,-0.90350074,-7.4832087,16.067923,-0.028900377,-0.007646878,0.1724264,3.617692,1.7048109,0.41575342,0.36316878,0.1840678,0.34699243,-23.091911
P_1996_F_14,r(i),/Users/neda/Documents/Corpus/Pertsch/persian/P_1996_F_14/P_1996_F_14_r(i).wav,eGeMAPSv02,Functionals,34.666477,0.14052342,34.05508,35.428104,37.46322,3.4081383,219.79257,278.97955,239.53372,473.35526,0.9402386,0.74572045,0.24882852,0.7563555,1.587125,1.3382964,16.12188,7.8252096,12.022724,6.739258,0.6051141,0.96911305,18.916262,0.8363944,11.786901,1.0305135,5.591669,2.3598661,-12.457096,-1.5248871,0.030927777,2.1665628,1.0703132,0.8390577,8.546256,0.5938262,3.3694105,3.4691756,24.525032,0.45704055,659.7122,0.29209414,1255.6538,0.18177846,-81.75096,-1.1062914,1742.5461,0.17390175,921.8936,0.44446376,-86.93168,-0.9255457,2872.9922,0.08875755,650.63007,0.57788926,-90.09209,-0.8654212,-19.332188,-0.35623318,29.33216,0.27159387,0.043086976,0.93555,-0.032067575,-0.41960582,0.8535266,0.67513424,28.12443,0.3770403,12.011011,1.1668751,5.6613016,2.7575784,-20.624495,-0.8688921,-7.0273776,15.962156,-0.03209677,-0.004899297,0.13428693,3.3481295,1.5355331,0.4180165,0.38973746,0.25088236,0.4842643,-22.725964
P_1996_F_14,str,/Users/neda/Documents/Corpus/Pertsch/persian/P_1996_F_14/P_1996_F_14_str.wav,eGeMAPSv02,Functionals,34.533855,0.13637994,34.069454,35.340164,37.040344,2.97089,367.28082,569.2467,127.49832,226.97165,0.7251021,0.64563596,0.27635562,0.6307716,1.0967741,0.8204185,11.534672,6.956664,7.175689,4.5748444,0.37013766,0.99039125,17.78906,0.84354097,13.734318,0.8346829,5.1352615,2.3474994,-4.6421785,-3.3264303,0.026452294,2.2381759,0.86938053,0.9618284,9.314347,0.5518334,4.783259,2.4501886,24.103273,0.48369423,684.30725,0.31248254,1219.6462,0.19516681,-85.59042,-1.0456291,1754.3424,0.15845695,897.29626,0.39513427,-88.73621,-0.89661,2932.7126,0.09502176,620.49274,0.65661573,-92.67889,-0.8249106,-20.477592,-0.38388205,31.93957,0.26909927,0.03007955,1.258522,-0.025136322,-0.53281873,0.5009251,0.7691659,26.619936,0.36996806,15.664817,0.80411196,5.0241423,2.797988,-10.497493,-1.4602579,-6.2066946,15.280777,-0.030511938,-0.0018984922,0.12357298,2.8760855,1.5601645,0.40982035,0.34282112,0.23836735,0.42456388,-25.806744
P_1996_F_24,con,/Users/neda/Documents/Corpus/Pertsch/persian/P_1996_F_24/P_1996_F_24_con.WAV,eGeMAPSv02,Functionals,35.430817,0.12405886,33.69773,35.109764,38.394352,4.696621,298.6992,474.6078,80.4414,120.75167,1.2261287,0.68228257,0.37814087,1.0847645,2.014674,1.636533,20.18802,12.202901,14.064945,8.355191,0.6440045,0.89627266,20.095612,0.76110387,2.8028884,6.1617403,13.004218,1.1044737,-6.150236,-2.6287842,0.021509016,2.6392806,0.93433553,1.0111531,9.281856,0.49633014,2.392967,5.674715,15.28124,0.88986534,549.593,0.3721815,1197.1176,0.20026492,-70.06298,-1.2000126,1595.9006,0.15800034,868.3928,0.44555593,-67.866234,-1.122461,2669.041,0.10167766,897.84424,0.6493057,-70.93028,-1.0462056,-13.694926,-0.5789015,21.988565,0.42357215,0.032323375,1.0055902,-0.02571599,-0.55480194,0.8069933,0.7159977,26.934727,0.3878019,-0.42614016,-42.358845,14.865401,1.0390263,-10.340315,-1.5506893,-4.7120857,12.240421,-0.024891334,-0.006273021,0.18165968,3.198059,1.7001547,0.4264935,0.35571682,0.14863013,0.21677153,-22.445457
P_1996_F_24,m(f),/Users/neda/Documents/Corpus/Pertsch/persian/P_1996_F_24/P_1996_F_24_m(f).WAV,eGeMAPSv02,Functionals,35.74373,0.08935753,33.982628,35.62654,37.341454,3.3588257,310.14926,566.6662,70.778534,175.63927,1.0618488,0.6229352,0.3859663,0.9896194,1.6760488,1.2900825,16.858673,10.245679,11.984032,6.8823113,0.59667873,0.86215687,20.118025,0.77363497,3.8088999,4.1577377,11.900014,1.056074,-0.59619254,-21.555027,0.01767106,2.1129975,0.90748835,0.99679446,9.829979,0.41253915,3.2912915,3.4439597,15.381143,0.7175806,610.33044,0.33887696,1250.3981,0.18590227,-75.69056,-1.1237853,1655.3009,0.1426274,893.6454,0.43091464,-73.77253,-1.049771,2697.0376,0.094004706,819.9982,0.54121536,-77.11978,-0.9743017,-15.492449,-0.52606964,24.570168,0.37394482,0.030802505,1.0300297,-0.024940334,-0.54714787,0.7630348,0.6589577,27.913586,0.34592298,1.2705753,13.077441,13.738755,0.984312,-3.6055148,-3.6915443,-4.51176,12.512137,-0.02676393,-0.004891938,0.17285448,3.5844674,1.4121947,0.5004706,0.57295704,0.20610389,0.6383607,-22.816072
P_1996_F_24,m(i),/Users/neda/Documents/Corpus/Pertsch/persian/P_1996_F_24/P_1996_F_24_m(i).WAV,eGeMAPSv02,Functionals,36.219627,0.14098306,34.59798,36.39929,38.976986,4.3790054,118.38796,176.14844,117.937126,210.53127,1.1601717,0.7413401,0.23197636,1.0162727,1.9969994,1.765023,20.680695,11.747968,14.8834915,8.490285,0.6349653,0.985092,17.79262,0.88043,2.0167441,8.3254795,10.960572,1.2015911,-2.6044009,-5.8474865,0.016477935,2.264463,0.82268894,0.96639675,9.723998,0.5223078,4.0729537,3.645215,14.165619,0.9028808,635.7668,0.35138226,1198.7787,0.1887138,-87.17516,-1.0194545,1678.1736,0.15678398,882.65393,0.45709053,-82.4728,-0.9997032,2727.5059,0.10598567,836.47723,0.6308773,-85.35874,-0.93853426,-13.806187,-0.6103087,23.11649,0.3898698,0.036197964,0.91239256,-0.023711031,-0.6077873,0.8881784,0.69690734,26.617645,0.3996512,-1.8457848,-9.80753,12.782683,1.1858071,-8.669702,-1.7156837,-5.892778,14.596582,-0.04017198,-0.0026134315,0.1390637,3.2608697,1.4993955,0.4330645,0.530163,0.23535715,0.37089634,-21.750341
P_1996_F_24,pic,/Users/neda/Documents/Corpus/Pertsch/persian/P_1996_F_24/P_1996_F_24_pic.WAV,eGeMAPSv02,Functionals,36.14024,0.106912576,34.576767,36.517372,37.99935,3.4225845,252.96063,448.5193,160.05766,595.5853,1.159459,0.7002386,0.32193205,1.0413537,1.8925053,1.5705732,18.147335,11.758879,12.533038,7.7935085,0.62035006,0.9453962,19.66,0.7874224,5.6866784,2.9321704,13.774566,0.9545402,-6.794537,-2.5159786,0.015479745,2.1618137,0.81454265,0.9984435,10.40494,0.44116995,5.3684983,2.335775,17.749165,0.7301434,588.75775,0.36434558,1215.7268,0.19931494,-75.151115,-1.132385,1665.1119,0.16645049,878.62445,0.4692577,-73.41447,-1.0410014,2721.5623,0.11037814,885.2694,0.5763782,-75.932495,-0.98335195,-16.388313,-0.5317087,25.310093,0.38872248,0.038187232,0.9402055,-0.025741743,-0.5444758,0.79793835,0.7372548,26.936775,0.39080626,3.4433506,5.2930756,15.929428,0.8807684,-12.181027,-1.365239,-5.6519213,13.95931,-0.032217782,-0.0038057507,0.1500525,2.974715,1.3194445,0.54187965,0.49263167,0.22495651,0.45874378,-21.448725
P_1996_F_24,r(f),/Users/neda/Documents/Corpus/Pertsch/persian/P_1996_F_24/P_1996_F_24_r(f).WAV,eGeMAPSv02,Functionals,35.699356,0.10237797,34.211674,35.83152,37.332813,3.1211395,301.1995,567.09717,101.33219,225.7493,1.342122,0.6662313,0.49459898,1.1613121,2.1307373,1.6361383,24.362263,11.883305,16.47211,8.417494,0.90223557,0.76538825,21.572952,0.71227866,2.2232985,8.550426,12.900106,1.0898863,-4.710525,-3.12301,0.02023814,1.701248,1.1069007,0.84604675,8.677927,0.48607755,0.9311932,12.052444,14.423511,0.80191934,588.2211,0.35823256,1209.3087,0.19368353,-58.526844,-1.2995592,1652.4126,0.15177217,893.5651,0.44809604,-59.597507,-1.1497804,2674.1626,0.10976985,964.69403,0.53199273,-62.72821,-1.0650153,-13.796576,-0.5804145,22.71833,0.41882464,0.032977264,1.0214597,-0.026592854,-0.5297902,1.0712914,0.6213161,26.920134,0.42828152,-0.75687146,-25.65831,13.46441,1.1020253,-7.384037,-2.0077507,-5.085451,11.998716,-0.020804925,-0.011327322,0.25742775,4.157768,2.0091195,0.38617018,0.37025133,0.10811966,0.17276992,-21.094526
P_1996_F_24,r(i),/Users/neda/Documents/Corpus/Pertsch/persian/P_1996_F_24/P_1996_F_24_r(i).WAV,eGeMAPSv02,Functionals,36.17401,0.11237046,34.14378,36.012844,38.806416,4.662636,162.61995,302.42297,90.98965,157.69795,1.336159,0.68622404,0.42683637,1.175483,2.1393917,1.7125553,24.51421,13.493003,17.88189,9.320253,0.94195545,0.818085,20.93161,0.6964981,1.8957965,9.620516,14.170018,1.0411952,-6.7402983,-2.4017682,0.023761412,2.002466,1.1399914,0.84894896,8.363858,0.5486348,3.916556,3.1965334,15.422913,0.79331356,548.0088,0.38435644,1201.8182,0.21795279,-63.210567,-1.2764952,1601.9955,0.16290933,863.3264,0.41412494,-61.408794,-1.1502923,2651.9338,0.09765231,913.9895,0.5564562,-63.52668,-1.0905333,-13.529894,-0.62361354,21.639189,0.45628217,0.038244884,0.8698434,-0.026721517,-0.5402349,1.1460149,0.650675,26.106312,0.43328485,-1.167404,-16.116032,15.42424,1.0130094,-10.135566,-1.5992546,-6.123057,13.487372,-0.02220125,-0.009484358,0.2207152,4.4759827,2.0214896,0.37684685,0.3645063,0.11576087,0.16018488,-20.963264
P_1996_F_24,str,/Users/neda/Documents/Corpus/Pertsch/persian/P_1996_F_24/P_1996_F_24_str.WAV,eGeMAPSv02,Functionals,36.129314,0.10731407,33.913548,35.556602,38.524315,4.6107674,144.46655,413.344,109.75849,348.9391,1.1987232,0.7008223,0.35629502,1.0388128,1.9786497,1.6223547,19.526686,12.710144,12.532453,8.385997,0.60769534,0.93648106,20.034569,0.76175,2.105799,8.127391,13.486045,1.0393156,-4.0167427,-3.980923,0.0153565835,2.4280744,0.7927969,1.0782869,10.329035,0.42531118,2.1832278,5.113088,13.6082325,0.85726994,622.02466,0.3561035,1223.5006,0.2014701,-75.84422,-1.1214288,1684.7222,0.15997942,888.12067,0.46926168,-74.33709,-1.0500809,2715.9111,0.108187154,872.3332,0.5509111,-76.42557,-1.0014423,-14.752665,-0.609793,23.179787,0.43700007,0.029744161,1.1075169,-0.02402644,-0.59336245,0.78572726,0.72979546,27.386288,0.3872763,-0.8482674,-21.843916,15.549206,0.9917013,-8.220267,-2.00569,-5.379991,13.277083,-0.029056368,-0.0056401454,0.16301489,2.922662,1.3721741,0.51229507,0.45659792,0.21294643,0.4164339,-21.579008
P_1997_F_08,con,/Users/neda/Documents/Corpus/Pertsch/persian/P_1997_F_08/P_1997_F_08_con.wav,eGeMAPSv02,Functionals,38.525127,0.1197509,36.431236,38.72835,41.465878,5.0346413,196.13994,319.7253,87.69219,121.98338,0.23246358,0.59909886,0.098449364,0.21013832,0.34506175,0.24661238,3.646581,2.1590965,2.2441816,1.4262743,0.087811485,0.91015744,20.072569,0.7287652,9.964493,1.255068,-0.28225222,-51.374294,-7.3721414,-1.9207082,0.026773013,2.0814638,1.0073894,0.82283,10.197812,0.49122196,6.5200477,1.7513678,27.41817,0.36704803,718.27985,0.26987976,1207.6416,0.19511703,-83.75067,-1.0516106,1793.7427,0.14448187,902.74695,0.38211662,-85.49604,-0.8936061,2879.5386,0.09337878,804.9575,0.40525448,-90.6432,-0.8008621,-20.79265,-0.39584333,32.297386,0.28288648,0.0635852,0.52637833,-0.026322188,-0.54070455,0.11744462,0.6838331,27.819517,0.35996184,10.032675,1.400483,-3.5398595,-4.452252,-12.475576,-1.0747597,-7.637834,16.457253,-0.00274715,-0.0055239913,0.025923612,3.5065618,2.0485346,0.32102564,0.2503351,0.1594382,0.27793923,-40.34895
P_1997_F_08,m(f),/Users/neda/Documents/Corpus/Pertsch/persian/P_1997_F_08/P_1997_F_08_m(f).wav,eGeMAPSv02,Functionals,37.530922,0.08039165,36.567665,37.73513,39.279884,2.7122192,223.15332,312.25818,34.368385,55.01394,0.22521937,0.50101054,0.111791335,0.217254,0.3229205,0.21112916,3.0561335,1.7516612,1.772816,1.0948869,0.07189818,0.81152886,21.073975,0.6674417,10.882562,1.1075897,3.5040982,3.8168406,-3.9147391,-3.2379334,0.023059793,1.7903594,1.0367078,0.78836685,10.0890665,0.43683812,4.557433,2.6632786,24.768457,0.41419885,710.2554,0.27311796,1202.4597,0.19124281,-77.891655,-1.0915091,1788.6089,0.13609228,868.9627,0.3875733,-79.0735,-0.93106115,2887.6948,0.08730786,803.5606,0.40163267,-84.702675,-0.82399535,-20.623156,-0.39021254,31.962841,0.28418612,0.050097335,0.5954139,-0.026381787,-0.55849814,0.09012455,0.6428232,27.870684,0.33616227,11.076546,1.1672158,1.6709445,8.788167,-6.68824,-1.9278023,-7.352292,15.971152,-0.0028300774,-0.006376192,0.02642857,3.6551723,2.0534945,0.33840334,0.272973,0.13415928,0.18203245,-41.55662
P_1997_F_08,m(i),/Users/neda/Documents/Corpus/Pertsch/persian/P_1997_F_08/P_1997_F_08_m(i).wav,eGeMAPSv02,Functionals,37.978424,0.08532083,36.039696,38.224655,39.996918,3.957222,301.09232,733.4708,74.82379,175.28409,0.25800848,0.51924384,0.12429428,0.24377295,0.3750061,0.25071183,3.3317332,1.9202204,2.101489,1.1634959,0.08502569,0.85678035,23.421713,0.57676846,10.076342,1.259603,0.5117789,28.391363,-5.8847833,-2.2576296,0.020377096,1.8422692,0.85558444,0.82560176,10.6713705,0.42750448,6.373467,1.7478973,26.340652,0.3594775,725.86346,0.2588048,1196.4828,0.18801945,-65.24659,-1.2382302,1812.0847,0.13234654,875.5276,0.4049648,-70.85202,-0.9869403,2866.298,0.082060404,809.9502,0.39693984,-76.3181,-0.87162936,-21.19612,-0.38748023,32.404675,0.2680821,0.058330253,0.56560314,-0.0287734,-0.50858426,0.10388954,0.70283955,29.211332,0.31304833,10.1987915,1.3344663,-1.4142795,-11.110578,-9.075483,-1.431409,-8.152848,16.715025,0.0012343959,-0.0072392365,0.025015254,3.4575772,1.694083,0.44086954,0.3212825,0.14290322,0.22031784,-39.36954
P_1997_F_08,pic,/Users/neda/Documents/Corpus/Pertsch/persian/P_1997_F_08/P_1997_F_08_pic.wav,eGeMAPSv02,Functionals,38.101482,0.10928747,36.517696,38.23304,40.738632,4.220936,212.12248,448.42865,55.840267,122.39182,0.24090394,0.6122102,0.09276414,0.21670671,0.37017453,0.2774104,3.4364433,2.0200112,2.217111,1.3476863,0.08786115,0.90244645,19.70854,0.7934994,10.9770975,1.1006057,2.2069952,6.0690613,-6.6199503,-2.102444,0.023131823,1.8878112,0.9300311,0.82606417,10.696753,0.42293286,7.02048,1.7763027,26.347874,0.41597414,715.65814,0.25572592,1209.5461,0.20186718,-87.03542,-1.0222546,1818.3044,0.14615072,895.32355,0.40378338,-89.73271,-0.8701661,2850.5642,0.09128791,809.76733,0.41719246,-93.34829,-0.80550814,-22.48165,-0.3659438,32.30722,0.29284036,0.058813125,0.56292653,-0.030715384,-0.4263822,0.12213109,0.6287602,28.88471,0.34344512,11.520748,1.1980449,-0.24727637,-61.90302,-12.244784,-1.0463057,-7.040823,15.111461,-0.0067727915,-0.005033769,0.022154527,3.0719752,1.5201954,0.42321166,0.37914416,0.23893441,0.38733816,-39.267223
P_1997_F_08,r(f),/Users/neda/Documents/Corpus/Pertsch/persian/P_1997_F_08/P_1997_F_08_r(f).wav,eGeMAPSv02,Functionals,38.125523,0.094578475,36.210552,37.96725,40.27133,4.0607796,207.3177,458.20602,74.6412,185.57666,0.208033,0.56999016,0.08656772,0.19374216,0.3093629,0.22279516,3.0217004,1.6478637,1.8979055,1.1859481,0.07275783,0.9169742,18.309124,0.8114466,11.527428,1.0266275,2.047061,6.8698945,-6.070353,-2.277597,0.022820726,1.9018818,0.9668466,0.83388627,10.11769,0.45536888,7.162602,1.6170036,27.306726,0.42071626,731.7414,0.25070214,1171.0085,0.18743443,-90.93829,-0.97568667,1842.1366,0.13018781,847.16736,0.4385383,-92.70092,-0.83851963,2919.1646,0.086697035,791.18195,0.412076,-96.81064,-0.7687543,-20.730637,-0.40523764,30.85451,0.32391572,0.0596891,0.53248626,-0.027949471,-0.49247548,0.10042007,0.67381746,26.825212,0.39329702,12.0852375,1.109729,-0.51858264,-30.795307,-11.78394,-1.1010745,-7.9865985,16.586084,-0.0063790074,-0.0051613506,0.023751283,3.3654952,2.1261926,0.29124326,0.24793431,0.16781609,0.34414783,-41.79613
P_1997_F_08,r(i),/Users/neda/Documents/Corpus/Pertsch/persian/P_1997_F_08/P_1997_F_08_r(i).wav,eGeMAPSv02,Functionals,38.686527,0.12251646,36.179295,38.962917,41.96094,5.7816467,218.35963,400.55075,101.46957,229.43529,0.2177498,0.6205584,0.084268786,0.19103377,0.34007692,0.25580814,3.3823738,2.067568,2.232537,1.2183576,0.082665846,0.95439327,17.79081,0.8382939,9.5945215,1.2766657,0.85112065,17.59033,-7.6922555,-1.9440302,0.030513136,1.9690559,1.0510141,0.7924958,9.789118,0.4953027,8.902166,1.2436934,28.127033,0.38506326,715.9819,0.2523983,1204.3297,0.20046313,-96.37955,-0.9444992,1796.6635,0.14382492,855.5051,0.42610723,-96.93535,-0.8347108,2895.6262,0.087462336,781.89276,0.3998622,-101.51226,-0.75800806,-20.009308,-0.398653,30.538443,0.29747003,0.065858416,0.5393485,-0.027988996,-0.5186238,0.12019881,0.6609938,27.220606,0.3591408,9.144896,1.5416281,-2.8832185,-5.948906,-14.247973,-0.9910749,-8.008751,16.640448,-0.0034945332,-0.0063737147,0.025241949,3.7961748,2.0748103,0.28190142,0.20605594,0.18540145,0.27147615,-41.537617
P_1997_F_08,str,/Users/neda/Documents/Corpus/Pertsch/persian/P_1997_F_08/P_1997_F_08_str.wav,eGeMAPSv02,Functionals,37.810463,0.08422177,36.65422,37.848125,39.639168,2.9849472,180.03064,319.56143,31.801523,46.48131,0.25074026,0.61969995,0.09819743,0.22743572,0.37964064,0.2814432,3.641993,2.2868524,2.1628768,1.332841,0.08927184,0.953874,21.5541,0.7029284,10.309129,1.226566,0.6970709,19.797705,-5.614348,-2.3714747,0.02122891,2.1685767,0.889071,0.88013023,10.672971,0.41543886,6.593515,1.7270972,27.720476,0.3543385,704.4437,0.2758763,1237.894,0.19184567,-80.36654,-1.095503,1769.3718,0.14839996,930.26294,0.38175958,-82.294044,-0.9350722,2848.8828,0.088826396,812.281,0.40607974,-87.83303,-0.83039707,-21.548662,-0.37835965,32.855854,0.2737227,0.059799686,0.5180803,-0.028161315,-0.48581287,0.11894489,0.7229314,29.779793,0.31492183,10.67454,1.3197359,-2.0390198,-7.460075,-10.449108,-1.1927342,-7.483212,16.137865,-0.009047597,-0.0042191586,0.022447703,3.0631676,1.4742422,0.46095502,0.38877752,0.21574074,0.3327343,-39.360374
P_1998_F_26,con,/Users/neda/Documents/Corpus/Pertsch/persian/P_1998_F_26/P_1998_F_26_con.WAV,eGeMAPSv02,Functionals,34.378574,0.16863386,32.05662,35.368797,38.3001,6.243477,228.9961,353.53067,67.558784,106.41482,1.7004578,0.66107297,0.6259807,1.4711475,2.7862017,2.160221,27.500048,14.883237,20.018839,10.154551,1.2119545,0.86785734,24.299702,0.6144059,0.81215143,22.459404,2.9110355,5.1171107,-11.931447,-1.3773698,0.028130177,2.0872905,1.0328945,0.93891245,7.970062,0.6548037,4.355336,3.038575,22.939192,0.6049836,568.63983,0.33632693,1287.7893,0.19098362,-50.819103,-1.5804809,1601.474,0.16069856,1011.27484,0.4650704,-55.597866,-1.2796825,2642.127,0.11084529,931.27374,0.53981245,-61.449528,-1.1050138,-14.290633,-0.5723243,24.827671,0.3649976,0.06154722,0.62525254,-0.02729941,-0.56817067,1.4492108,0.72201353,29.62074,0.36703765,-1.039185,-18.319117,1.9860444,8.141741,-15.383008,-1.0500672,-4.6811,11.409402,-0.010006268,-0.011129371,0.308177,3.9713182,1.8225331,0.42646465,0.37869075,0.117176466,0.16847838,-18.586397
P_1998_F_26,m(f),/Users/neda/Documents/Corpus/Pertsch/persian/P_1998_F_26/P_1998_F_26_m(f).WAV,eGeMAPSv02,Functionals,33.444103,0.14718014,31.511864,33.631264,36.64088,5.129017,291.97232,479.06393,138.97002,359.52222,1.6149604,0.6267452,0.61966777,1.4508381,2.6093104,1.9896426,26.211195,14.743433,18.997252,10.598189,1.2538725,0.8553384,24.696384,0.6769861,4.1705365,4.1126413,3.903503,3.766593,-6.836349,-2.193223,0.030729508,2.4555314,1.0162007,0.94429666,7.4888115,0.6685597,1.7254773,6.759896,23.478308,0.5759597,621.18604,0.28195894,1295.5059,0.1920539,-57.146294,-1.4402995,1678.831,0.15932623,974.92755,0.44998384,-64.90291,-1.1460412,2683.1333,0.11201007,903.1078,0.47484133,-70.014,-1.0170028,-15.910414,-0.52826625,25.401691,0.35373455,0.05448231,0.63547033,-0.033202842,-0.48689926,1.5468811,0.6894393,31.666523,0.3732878,2.8104594,6.3647413,2.9667277,5.4468765,-9.529155,-1.6252923,-4.829228,11.596113,-0.016573109,-0.012559841,0.35606924,4.2976174,2.106495,0.34888887,0.28415835,0.12388429,0.18150602,-18.511261
P_1998_F_26,m(i),/Users/neda/Documents/Corpus/Pertsch/persian/P_1998_F_26/P_1998_F_26_m(i).WAV,eGeMAPSv02,Functionals,35.0418,0.16175094,32.126877,35.205513,39.015823,6.8889465,138.48497,135.32529,89.67889,140.2727,1.60725,0.70865256,0.5043591,1.3641987,2.6972358,2.1928768,27.929825,15.938979,19.270006,10.942857,1.1370361,0.9449771,22.137867,0.7117493,-0.088849425,-214.55345,2.544024,6.028165,-11.676314,-1.4725963,0.026587453,2.4555829,0.9738961,0.9835379,7.978206,0.70423245,2.8149343,4.271645,21.222546,0.58585733,608.2955,0.31304058,1278.6967,0.19896996,-58.882267,-1.4223857,1661.3947,0.15856983,958.60803,0.45579544,-62.06272,-1.2172036,2683.23,0.11443166,911.5244,0.5323438,-66.83913,-1.0857315,-13.942738,-0.64618164,23.566767,0.40097374,0.06429333,0.5786833,-0.028030794,-0.6123338,1.4180778,0.75895935,28.355528,0.4144769,-2.6949406,-7.4772863,1.5701182,10.726333,-15.840412,-1.0752957,-4.623239,11.496734,-0.014926747,-0.011191065,0.25562915,3.524747,1.808026,0.410813,0.39936653,0.13887851,0.19800088,-19.031342
P_1998_F_26,pic,/Users/neda/Documents/Corpus/Pertsch/persian/P_1998_F_26/P_1998_F_26_pic.WAV,eGeMAPSv02,Functionals,33.8525,0.16765317,31.616745,33.86323,37.63329,6.0165443,307.12347,695.6006,139.25877,294.63248,1.6282244,0.6945834,0.49312633,1.4479573,2.7193217,2.2261953,25.907955,13.269409,19.252165,10.494424,1.1341516,0.91841817,22.988476,0.69747514,3.6933584,4.5089035,5.9665136,2.2935963,-13.8374815,-1.2615908,0.02928862,2.6138842,0.9701977,0.9841574,8.295724,0.62090605,2.1002834,5.5519347,22.789669,0.5129691,581.5966,0.30412856,1235.7262,0.18400188,-57.571186,-1.4675236,1657.4778,0.16684256,903.79504,0.49201265,-64.4427,-1.1784303,2678.2766,0.10399651,870.2976,0.5870011,-68.60898,-1.0660608,-16.046242,-0.50630254,24.507153,0.37029353,0.067956015,0.51897866,-0.03804504,-0.4032874,1.4286162,0.7197148,29.744398,0.37535343,1.9477178,9.147025,5.5736303,2.7268674,-18.991196,-0.8598719,-4.9939275,11.8415165,-0.0190317,-0.012776581,0.24124905,3.5357518,1.7098514,0.4306923,0.40369105,0.1616981,0.25062373,-18.185488
P_1998_F_26,r(f),/Users/neda/Documents/Corpus/Pertsch/persian/P_1998_F_26/P_1998_F_26_r(f).WAV,eGeMAPSv02,Functionals,33.83066,0.17124104,31.945135,33.555386,38.040607,6.0954723,180.90016,226.81894,196.99265,385.998,1.5538825,0.68714905,0.5570571,1.3107529,2.5754669,2.0184097,26.428623,13.755741,19.670902,10.433468,1.2324286,0.8608556,21.260336,0.7933622,4.2158904,4.35253,4.852949,2.9297392,-7.52823,-2.0377996,0.035755273,2.1118195,1.1978018,0.9124212,6.8114333,0.79652554,3.4343204,3.6984565,23.396814,0.5279497,621.85376,0.2750309,1276.4595,0.19778794,-71.78374,-1.2137018,1671.561,0.15434727,985.1953,0.47622898,-77.19686,-1.0314523,2719.3623,0.106712244,877.2867,0.5606669,-81.75617,-0.93191886,-14.283855,-0.65136814,24.570395,0.3993693,0.049529597,0.7009169,-0.027759083,-0.60021853,1.5945879,0.652504,29.400116,0.40254608,2.1651354,9.15744,4.207812,3.8372133,-12.078394,-1.2620953,-4.8345137,12.229685,-0.018224122,-0.009733983,0.4420157,4.12989,2.5839512,0.2564135,0.21120363,0.122890994,0.22117478,-19.235014
P_1998_F_26,r(i),/Users/neda/Documents/Corpus/Pertsch/persian/P_1998_F_26/P_1998_F_26_r(i).WAV,eGeMAPSv02,Functionals,32.940044,0.20183593,31.508305,33.271584,37.371838,5.863533,258.46582,386.52618,143.81706,189.86446,1.3608986,0.8150808,0.28123525,1.0413095,2.423929,2.1426938,27.61262,15.299606,20.573927,10.883746,1.1231154,1.0153142,19.978651,0.85566485,3.9855127,4.331908,5.72731,2.6350124,-7.0785193,-2.3386216,0.035538472,2.1760767,1.2353468,0.920303,5.990331,1.0033339,1.5840852,10.207693,20.748484,0.87198704,567.26013,0.3098197,1264.1227,0.18873079,-80.73946,-1.1369281,1619.4717,0.16352764,990.4143,0.45532975,-84.76185,-0.99399155,2653.612,0.12100053,966.2776,0.56457037,-88.46007,-0.91714466,-14.469232,-0.61200494,24.167583,0.4092837,0.055019997,0.65822464,-0.028236309,-0.5868356,1.6046803,0.713156,29.405247,0.42065915,1.3838966,13.897284,5.023306,3.571523,-13.381277,-1.2311866,-6.286692,14.470847,-0.025095394,-0.0075680492,0.28216738,3.626943,2.2841928,0.27006134,0.27035645,0.16992857,0.4693544,-19.61111
P_1998_F_26,str,/Users/neda/Documents/Corpus/Pertsch/persian/P_1998_F_26/P_1998_F_26_str.WAV,eGeMAPSv02,Functionals,33.920544,0.21172893,31.645693,34.973106,38.32563,6.6799374,335.73044,544.3854,113.11628,218.89427,1.4006741,0.7594682,0.34148854,1.1761135,2.380223,2.0387344,23.71604,12.192413,19.218227,11.905161,1.0209665,0.9809394,22.322994,0.75239795,3.605195,4.9315467,1.8975108,7.829875,-8.075109,-2.061572,0.026736466,2.2757297,1.0297801,1.002982,7.920363,0.7408786,4.1461487,3.373061,24.405672,0.62310064,615.5576,0.30354497,1313.836,0.18838666,-70.43272,-1.2554033,1638.959,0.17253974,990.4799,0.4324702,-74.18312,-1.0816963,2710.2288,0.113809854,868.37946,0.5098344,-79.828476,-0.9551042,-15.432806,-0.5981576,27.008804,0.35668805,0.064491466,0.6317995,-0.026659636,-0.6160427,1.3562555,0.73989296,30.526844,0.39548603,1.7976522,11.03054,0.07585671,220.80455,-13.3656225,-1.2429881,-5.7861,13.9788885,-0.021610415,-0.0066146157,0.24237688,3.3984342,2.0657601,0.32908332,0.34218174,0.15778324,0.30547318,-19.243984
P_1999_F_01,con,/Users/neda/Documents/Corpus/Pertsch/persian/P_1999_F_01/P_1999_F_01_con.wav,eGeMAPSv02,Functionals,35.563156,0.114192255,33.615234,35.303047,37.423576,3.808342,212.0645,375.0026,180.44275,509.75803,0.31812143,0.615031,0.13669151,0.28551376,0.47640195,0.33971044,4.251718,2.200749,2.8721943,1.7821004,0.0959581,0.90214247,24.9783,0.55595595,9.437202,1.5694304,-0.17431661,-80.66568,-13.066653,-1.1144311,0.022466209,2.911152,0.8850179,1.0095414,9.830286,0.4654189,6.8676114,1.5839295,30.193378,0.33119902,663.5583,0.2764858,1264.4573,0.18039173,-54.045727,-1.481872,1706.7277,0.16957468,912.5425,0.39487782,-62.356007,-1.1392965,2822.8804,0.09665552,797.12665,0.4667071,-69.43673,-0.9637167,-18.269817,-0.4461216,30.184818,0.2822943,0.07622324,0.44483286,-0.029281488,-0.49171084,0.11436209,0.7759951,30.439404,0.30816573,9.0296135,1.7519158,-1.768364,-8.445424,-17.125202,-0.7809093,-7.251684,15.332556,0.0050612963,-0.009963614,0.031023048,3.3928573,1.6082474,0.475641,0.436825,0.13527778,0.18671359,-38.925808
P_1999_F_01,m(f),/Users/neda/Documents/Corpus/Pertsch/persian/P_1999_F_01/P_1999_F_01_m(f).wav,eGeMAPSv02,Functionals,36.673805,0.111654975,34.163517,36.600937,39.70016,5.536644,117.09064,136.66235,59.871117,88.27244,0.3719305,0.58150184,0.17164169,0.33657473,0.5615098,0.38986808,5.904284,2.9402292,3.7657564,1.9488629,0.1276284,0.8117795,24.209885,0.58786845,6.7778435,2.2652578,0.6002492,22.25072,-17.891754,-0.90390503,0.022344083,2.5646033,0.93235564,0.9719077,10.0041685,0.46608895,3.8532457,2.841323,23.578232,0.4466121,698.9327,0.25039437,1203.6731,0.19644827,-49.175503,-1.5514526,1762.52,0.16582641,888.49335,0.42884713,-58.35771,-1.1457988,2844.3896,0.10416935,711.5826,0.5490158,-63.156685,-1.0176853,-18.091595,-0.41207564,27.681162,0.3158676,0.07005593,0.42301682,-0.03385507,-0.40420794,0.14812873,0.70211285,29.239618,0.3333702,5.170484,3.0386453,-1.0922527,-12.514693,-22.000448,-0.66510683,-7.4665804,14.50117,0.0050698277,-0.012806946,0.042890355,4.1704035,1.8100225,0.43578514,0.36013022,0.10657407,0.20251274,-37.223255
P_1999_F_01,m(i),/Users/neda/Documents/Corpus/Pertsch/persian/P_1999_F_01/P_1999_F_01_m(i).wav,eGeMAPSv02,Functionals,37.35732,0.13932283,34.672882,37.112045,40.877075,6.204193,172.24379,285.53574,94.86408,131.53065,0.4106653,0.6199092,0.16558303,0.3634228,0.64942825,0.48384523,6.2759514,3.2548609,4.188326,2.1827571,0.15120402,0.79911506,23.322718,0.562148,1.8203788,9.715408,1.4294119,9.387082,-17.077234,-1.0297503,0.019697415,2.548832,0.9077788,0.9538482,10.011243,0.50020486,5.211456,2.1496148,21.100752,0.5180266,688.8492,0.2598809,1214.751,0.19167031,-51.41998,-1.4985876,1755.8014,0.16056816,895.0768,0.48960268,-58.02737,-1.1907251,2833.1921,0.11805052,767.17346,0.63990784,-62.905563,-1.0549293,-16.625132,-0.5059972,26.25543,0.34202605,0.07466863,0.47697484,-0.02800995,-0.55876,0.18001704,0.6551349,27.9062,0.33197993,-0.17962982,-102.89678,0.37989667,37.03278,-21.77059,-0.7341851,-7.299038,14.892752,0.00066627027,-0.0100090625,0.03703513,3.9669423,1.6827586,0.46590164,0.44984648,0.13204081,0.21632344,-36.320522
P_1999_F_01,pic,/Users/neda/Documents/Corpus/Pertsch/persian/P_1999_F_01/P_1999_F_01_pic.wav,eGeMAPSv02,Functionals,35.375374,0.11408163,33.794014,35.541508,37.88789,4.093876,190.51176,366.30872,67.828064,109.253815,0.35757145,0.6915657,0.13064897,0.29854155,0.56238735,0.43173838,5.9245343,3.4969058,3.911386,2.3082442,0.11828205,0.9076751,22.493145,0.6107814,7.468603,2.207132,3.780928,3.5955274,-13.245494,-1.2367924,0.02156444,2.5543044,0.93629575,0.90151775,9.50277,0.4762166,5.887438,2.0478487,25.718819,0.4703908,637.6262,0.27542695,1223.5862,0.17002411,-56.238293,-1.4517395,1714.8815,0.1502099,875.4984,0.46657917,-64.16551,-1.141751,2802.049,0.10547537,800.70526,0.59490705,-69.45108,-1.0104094,-17.429768,-0.4538994,26.908901,0.33402565,0.0760166,0.42421922,-0.030527133,-0.46308717,0.14553687,0.74161786,28.119272,0.32996285,6.3840547,2.8021166,3.063924,4.879906,-18.267185,-0.81456965,-7.0997744,14.666144,0.0018654726,-0.008363434,0.029429818,3.4765682,1.5029223,0.4999074,0.43406886,0.15876289,0.36378947,-37.591724
P_1999_F_01,r(f),/Users/neda/Documents/Corpus/Pertsch/persian/P_1999_F_01/P_1999_F_01_r(f).wav,eGeMAPSv02,Functionals,35.40289,0.11068427,33.35927,35.535683,37.90876,4.549492,162.64273,294.78928,66.6926,108.44644,0.29453096,0.7072347,0.09576696,0.24750572,0.4747169,0.37894994,5.247024,2.662089,3.6617913,1.900625,0.09945326,0.9171947,18.603271,0.86550575,9.670984,1.4894873,3.5103889,3.4660056,-9.163761,-1.6760862,0.01848231,1.8315917,1.0585177,0.88568586,8.936346,0.51093733,6.58136,1.7300018,24.79669,0.41751537,702.07825,0.25283474,1191.0743,0.17605363,-78.025986,-1.1481174,1787.621,0.14692731,851.9263,0.44575208,-84.10067,-0.95731133,2874.0754,0.1003505,756.5915,0.410844,-88.24848,-0.87602824,-16.663536,-0.46729556,25.726824,0.33527532,0.065055124,0.47005647,-0.029920649,-0.46546552,0.1364505,0.65745664,27.506956,0.38898826,8.209582,1.9878074,1.9344324,7.027129,-16.066544,-0.84606993,-6.7523284,14.686525,-0.0074676014,-0.006231316,0.027299054,3.9274926,1.977579,0.3255414,0.251744,0.1801439,0.65684015,-39.383236
P_1999_F_01,r(i),/Users/neda/Documents/Corpus/Pertsch/persian/P_1999_F_01/P_1999_F_01_r(i).wav,eGeMAPSv02,Functionals,35.441605,0.17410827,32.6169,35.546875,39.95154,7.3346405,270.7221,431.37662,140.96043,260.35495,0.31839433,0.6867366,0.112714924,0.26528522,0.5170105,0.4042956,5.641211,3.0924861,4.0515103,2.205882,0.12364213,0.8906235,20.78823,0.7190187,9.032214,1.7166361,3.735698,3.6260548,-13.162579,-1.285695,0.028736632,2.1863925,1.1096013,0.87009066,8.291231,0.6504767,5.840757,2.2059367,23.735407,0.44525808,689.9745,0.25932708,1188.8955,0.1883795,-67.82236,-1.2699801,1785.0995,0.16372934,839.1735,0.46503916,-74.9926,-1.0280776,2853.1848,0.09610833,743.75085,0.44274077,-78.8039,-0.94343936,-17.454008,-0.4678184,26.536366,0.34454715,0.07054499,0.4586892,-0.03118369,-0.4847549,0.16030017,0.6791585,27.880943,0.3566089,7.152288,2.3819938,2.0218394,7.219804,-19.452576,-0.7795352,-7.8672757,15.556511,-0.0035483525,-0.008219826,0.033374343,4.144903,1.9224284,0.36157894,0.35660574,0.15076923,0.28123254,-38.43245
P_1999_F_01,str,/Users/neda/Documents/Corpus/Pertsch/persian/P_1999_F_01/P_1999_F_01_str.wav,eGeMAPSv02,Functionals,38.133747,0.15693493,34.23482,37.46084,42.273285,8.038464,221.50293,517.201,110.37061,304.7416,0.35505837,0.65096897,0.13739538,0.30690485,0.5525462,0.41515082,5.6817713,3.5196595,3.413194,1.9163201,0.12951206,0.93449414,22.953424,0.6119815,3.700521,4.8409524,-1.1168405,-12.906591,-15.556594,-1.0445753,0.022677481,2.5372674,0.93331456,0.9530689,10.216346,0.51712495,8.407601,1.3328284,26.743616,0.40636167,705.48175,0.26187,1227.8528,0.19135211,-58.047256,-1.409077,1758.9401,0.14877392,870.8647,0.4162757,-63.724266,-1.1298127,2849.7983,0.09775494,746.77454,0.4467046,-69.83116,-0.97782564,-17.025982,-0.5236183,27.565401,0.35622343,0.082033396,0.45939788,-0.028218888,-0.5560034,0.1585738,0.7743559,28.23491,0.366074,1.5579604,12.297852,-3.2420454,-4.6597924,-20.16513,-0.7398647,-7.718223,15.388683,0.0058932602,-0.011025097,0.031920187,3.588609,1.7851129,0.4229919,0.41951376,0.1311315,0.21600676,-37.176304
P_1999_F_06,con,/Users/neda/Documents/Corpus/Pertsch/persian/P_1999_F_06/P_1999_F_06_con.wav,eGeMAPSv02,Functionals,36.674004,0.10573387,34.95586,36.259464,39.66458,4.708721,129.35965,168.26044,121.92839,441.52786,0.19826233,0.6062748,0.07849681,0.18005942,0.2991094,0.22061259,2.4156303,1.6832396,1.6186173,1.0180008,0.051767852,0.949489,18.076302,0.81544274,10.338223,1.1863784,-1.5285722,-9.190754,-4.8471456,-2.7603629,0.020556312,2.6677852,0.7824279,0.98138165,10.463992,0.4312403,1.2634962,9.442715,25.925621,0.3958461,705.95917,0.24873708,1242.0424,0.18053332,-91.88618,-1.0026405,1759.5667,0.15609257,912.04926,0.3542784,-95.27852,-0.8719594,2932.5876,0.10155533,756.19226,0.47324708,-101.383736,-0.76750547,-19.352217,-0.42143667,32.01375,0.26072362,0.05130036,0.5907397,-0.02288856,-0.62530315,0.07269004,0.71239525,28.19283,0.2841485,10.242114,1.4083871,-6.356406,-2.4082983,-11.620451,-1.0261605,-7.724865,17.004913,-0.011432347,-0.00224767,0.019673096,2.7136097,1.615374,0.36525863,0.29861307,0.23504348,0.3850361,-43.800625
P_1999_F_06,m(f),/Users/neda/Documents/Corpus/Pertsch/persian/P_1999_F_06/P_1999_F_06_m(f).wav,eGeMAPSv02,Functionals,36.272835,0.10181846,35.46835,36.372486,38.297894,2.829544,230.46227,379.32272,161.41544,437.40665,0.18602777,0.48645705,0.093951076,0.17856449,0.26343292,0.16948184,2.2308383,1.3932537,1.3360854,0.90755457,0.045045275,0.8442004,19.761038,0.6807818,11.606356,1.0220317,-2.0992365,-7.039811,-6.0556164,-2.001977,0.02385513,2.592799,0.82614595,0.97687966,9.954658,0.4539121,3.4664707,3.1143224,29.061892,0.34173945,698.14075,0.26282638,1261.2131,0.17879684,-78.81414,-1.1407037,1752.3867,0.14898081,946.8791,0.3859401,-83.916336,-0.94823945,2893.519,0.103546165,808.3032,0.46101317,-90.57195,-0.82351786,-19.078445,-0.39272246,31.782734,0.26763153,0.058352895,0.49888575,-0.02590413,-0.5170397,0.056783587,0.69615954,27.280848,0.29937208,11.844692,1.0981951,-5.7765822,-2.7493536,-10.7423935,-1.0100621,-8.093628,17.088795,0.000666213,-0.006290813,0.02150344,3.3892322,2.067138,0.31264958,0.20880777,0.15394737,0.23392013,-45.839664
P_1999_F_06,m(i),/Users/neda/Documents/Corpus/Pertsch/persian/P_1999_F_06/P_1999_F_06_m(i).wav,eGeMAPSv02,Functionals,36.344234,0.13032031,35.349827,37.136135,39.11561,3.7657814,421.01865,560.0508,76.70401,136.23956,0.22976507,0.5949065,0.08989671,0.20416313,0.35860232,0.2687056,3.106474,2.2766213,2.0022848,1.2896433,0.060325623,0.94521725,20.017176,0.73415023,7.942126,1.70039,-5.65774,-2.833232,-8.620958,-1.6082841,0.025097802,2.672715,0.7899208,1.0132691,9.74748,0.57077444,3.373408,3.0800982,28.8366,0.3867049,690.50964,0.26788604,1277.3253,0.17928363,-81.83318,-1.140602,1708.4784,0.16053602,959.8383,0.38229373,-84.780846,-0.98206085,2862.3542,0.11566593,829.0591,0.45037162,-92.00314,-0.84407616,-17.443098,-0.45413005,31.183578,0.26371288,0.06624074,0.4481895,-0.025545709,-0.55424875,0.080138065,0.7494158,28.94492,0.29114875,6.3351045,2.42886,-11.189636,-1.5094019,-14.50984,-0.8698762,-7.456966,16.141432,-0.0002831245,-0.0070184637,0.024440382,2.9820054,1.9562421,0.31973684,0.26042458,0.18197183,0.2645145,-42.980698
P_1999_F_06,pic,/Users/neda/Documents/Corpus/Pertsch/persian/P_1999_F_06/P_1999_F_06_pic.wav,eGeMAPSv02,Functionals,37.12258,0.09289345,35.849495,36.892784,39.13732,3.2878265,145.96652,161.32352,177.85196,479.7605,0.18731306,0.5195983,0.08705305,0.17722163,0.27240434,0.18535128,1.9800794,1.1350535,1.3436557,0.8416753,0.045559738,0.86630446,18.2521,0.7710687,13.201543,0.8631787,1.7212452,7.3724732,-5.5732102,-2.2983012,0.01591493,2.3375082,0.75355214,1.011277,11.225364,0.36308822,3.4538345,3.6823757,26.699802,0.41107377,702.62225,0.26938766,1225.392,0.18753424,-90.44525,-0.9939617,1778.732,0.15032488,890.98,0.3803332,-92.24981,-0.86085975,2959.1887,0.09747599,733.56226,0.5058475,-97.60694,-0.768737,-20.729876,-0.38718575,32.73084,0.26884335,0.054226685,0.5729162,-0.023834849,-0.5296076,0.05947672,0.6920448,26.964886,0.31703064,13.837648,0.91855675,-1.2287525,-11.480917,-11.195745,-1.0381223,-7.5871887,16.139507,-0.0052697114,-0.0038118933,0.02118571,3.1466193,1.9537792,0.3153143,0.21883008,0.18341318,0.28697005,-43.86956
P_1999_F_06,r(f),/Users/neda/Documents/Corpus/Pertsch/persian/P_1999_F_06/P_1999_F_06_r(f).wav,eGeMAPSv02,Functionals,36.44291,0.09483746,34.700474,36.11426,39.033867,4.333393,168.80812,365.5522,98.39704,222.38585,0.2039846,0.54707277,0.08963525,0.19107386,0.30214706,0.21251181,2.6301227,1.5273211,1.8270315,1.1582246,0.06313701,0.8889512,18.903706,0.7706592,12.295896,1.0165026,-0.18868436,-69.52458,-7.779345,-1.7251968,0.020374482,1.9973913,0.93673456,0.8578765,9.490631,0.47219875,0.19575205,60.544987,24.842758,0.42474943,728.9464,0.2191899,1182.0438,0.17261447,-83.14932,-1.0691223,1836.6243,0.14207046,840.6117,0.3823316,-89.5545,-0.8833651,2925.1663,0.08665541,745.6853,0.44200063,-93.78439,-0.80677134,-19.398808,-0.4407916,30.392357,0.31770828,0.054067686,0.5544369,-0.031571325,-0.44371238,0.08481977,0.6740151,27.413376,0.33686405,12.25626,1.1457875,-3.300656,-4.3439946,-13.417396,-0.9059864,-7.530919,15.861135,-0.003281746,-0.0081065,0.023410829,3.10559,2.1649795,0.28939816,0.23975122,0.16142856,0.26826656,-43.156548
P_1999_F_06,r(i),/Users/neda/Documents/Corpus/Pertsch/persian/P_1999_F_06/P_1999_F_06_r(i).wav,eGeMAPSv02,Functionals,37.137558,0.12088605,35.33853,36.999172,40.188927,4.850395,196.03433,530.9355,108.31035,381.93802,0.2294447,0.5779287,0.092740186,0.21115862,0.34287873,0.25013855,3.0054376,1.691984,2.1988602,1.3835495,0.0788855,0.8779837,20.625927,0.69934475,10.871726,1.2081442,-1.7128499,-9.130283,-9.210567,-1.5918913,0.02113574,2.2598495,0.9054594,0.8328145,9.751554,0.5008752,4.621431,2.9050589,28.433012,0.45556572,702.5046,0.2434413,1215.758,0.18739946,-76.63768,-1.1556005,1785.1228,0.14801978,869.4067,0.39289132,-82.022606,-0.95675033,2909.4705,0.09643213,798.5906,0.44444653,-88.23597,-0.8370533,-19.586273,-0.42972517,31.287487,0.302947,0.061059583,0.50751686,-0.030799704,-0.45904988,0.10413046,0.66468453,28.251593,0.33827037,10.252323,1.440457,-5.4909115,-3.046751,-14.655616,-0.93173975,-8.400128,16.85781,-0.0009517519,-0.007884244,0.024921462,3.542651,1.9324343,0.34316546,0.28550363,0.1629771,0.22144805,-41.626278
P_1999_F_06,str,/Users/neda/Documents/Corpus/Pertsch/persian/P_1999_F_06/P_1999_F_06_str.wav,eGeMAPSv02,Functionals,36.70611,0.11055504,35.62517,36.939636,39.155613,3.5304413,176.36244,217.85097,93.05226,219.02542,0.19305718,0.5144301,0.10021726,0.17964122,0.26985404,0.16963679,2.296042,1.5967903,1.457108,0.94836664,0.05007476,0.8550042,20.217606,0.6567521,11.7885475,1.0437462,-1.7834953,-7.8683553,-6.669858,-1.8595405,0.02270181,2.474539,0.8091268,0.9692344,10.265184,0.45259959,5.357474,2.0907667,28.846336,0.3450181,688.9137,0.28338018,1288.504,0.18291114,-81.13476,-1.1011494,1734.672,0.16266645,973.4647,0.35991344,-83.455376,-0.9431554,2897.6345,0.10937186,806.81244,0.45368326,-90.05006,-0.818889,-19.480171,-0.39802843,32.761005,0.2555758,0.055856418,0.5424337,-0.023512762,-0.5831465,0.062477775,0.7233482,27.599392,0.2871132,11.773035,1.1458962,-5.5916133,-2.6438391,-10.913001,-1.0756879,-8.22709,16.970427,0.0031675326,-0.006171492,0.024514014,3.0717652,2.1394253,0.3040678,0.22603899,0.14246808,0.21432498,-44.871716
P_2000_F_15,con,/Users/neda/Documents/Corpus/Pertsch/persian/P_2000_F_15/P_2000_F_15_con.wav,eGeMAPSv02,Functionals,35.665874,0.12903649,34.53043,35.951122,39.085247,4.554817,373.58807,600.1358,65.140526,87.328674,1.0551338,0.6941179,0.31728354,0.93035156,1.6791334,1.3618499,17.431297,9.236389,11.418168,6.1720347,0.78591686,0.9648033,23.2593,0.6495679,11.119767,1.0629615,6.473484,1.8230023,-5.7306213,-2.4925094,0.02448903,2.1371558,0.9925609,0.8554021,9.472044,0.5205791,9.65942,1.2922922,28.740969,0.42267373,619.9101,0.31755564,1241.1398,0.18263903,-67.68298,-1.253918,1701.2179,0.1629592,928.9351,0.42407864,-72.48552,-1.0251828,2747.4268,0.110315844,824.80457,0.4727845,-77.17311,-0.92542565,-20.886614,-0.36081284,30.696194,0.26039857,0.048450384,0.8129265,-0.032592885,-0.432754,1.0136102,0.74618053,30.030558,0.36710608,11.420794,1.1534268,6.253285,2.0905125,-9.704386,-1.4299836,-8.106348,17.110983,-0.03274729,-0.0073536495,0.14675868,3.3660815,1.3539653,0.53678566,0.60270053,0.21585713,0.29716995,-19.892435
P_2000_F_15,m(f),/Users/neda/Documents/Corpus/Pertsch/persian/P_2000_F_15/P_2000_F_15_m(f).wav,eGeMAPSv02,Functionals,36.06964,0.09535415,35.04101,35.953247,38.315052,3.2740402,168.60454,305.10605,94.796745,245.33586,1.1631945,0.585017,0.47100317,1.1165112,1.7640637,1.2930605,15.864563,7.834222,10.886813,5.483817,0.81844145,0.8458409,27.220715,0.5407638,11.680535,1.1043929,3.653721,3.5226276,-12.014607,-1.1245903,0.021853384,2.305238,0.88684946,0.88077587,9.950757,0.44169024,6.5426335,1.5905929,27.904116,0.34362677,679.1116,0.26241615,1230.4089,0.1842841,-47.39902,-1.5382979,1769.7935,0.16264455,893.26514,0.38546187,-58.117123,-1.0753003,2800.5625,0.08752782,710.4807,0.46454492,-61.26371,-0.99369675,-21.810072,-0.31245115,30.15714,0.25816032,0.05155014,0.7721609,-0.03657479,-0.3657204,0.955153,0.71080273,31.81087,0.35903943,12.103546,1.1216366,2.9624634,4.640569,-14.609879,-0.87135917,-8.203985,16.23369,-0.0306075,-0.011732425,0.15251373,3.6052115,1.1075385,0.7419355,0.6099678,0.16283017,0.27987444,-20.092007
P_2000_F_15,m(i),/Users/neda/Documents/Corpus/Pertsch/persian/P_2000_F_15/P_2000_F_15_m(i).wav,eGeMAPSv02,Functionals,36.102047,0.10732147,34.76292,36.142956,39.04614,4.2832184,426.57135,586.33984,54.378654,87.421196,1.1870908,0.5816545,0.4970135,1.1484326,1.7765237,1.2795103,18.929937,11.029709,10.785275,5.8009424,0.87070036,0.8695632,27.989845,0.5334989,10.464518,1.2714949,2.0249362,6.3114514,-8.797295,-1.4184988,0.027274229,2.6909857,0.91556096,0.91145337,10.0207205,0.48413622,7.396395,1.3255379,29.022604,0.31991392,688.4388,0.2402572,1229.4043,0.16291708,-48.825558,-1.5166826,1781.7467,0.14534022,877.37537,0.37200573,-59.11459,-1.0877882,2818.7747,0.09132426,759.2832,0.43232146,-63.585503,-0.97606134,-22.188818,-0.33254018,30.563911,0.2745028,0.049186897,0.73970735,-0.03873975,-0.3302404,1.0279183,0.7265715,33.17614,0.32171848,10.411372,1.3648086,1.1585782,11.817722,-11.279033,-1.0319359,-7.706014,15.226084,-0.03059498,-0.012329858,0.15147226,3.9965622,1.1197244,0.72499996,0.73334455,0.17227271,0.29372114,-19.633507
P_2000_F_15,pic,/Users/neda/Documents/Corpus/Pertsch/persian/P_2000_F_15/P_2000_F_15_pic.wav,eGeMAPSv02,Functionals,36.196266,0.08718104,35.02571,36.17735,38.10505,3.079338,269.60007,468.9479,37.80035,70.69049,1.1358587,0.6301584,0.37486476,1.0877064,1.7978523,1.4229875,17.414799,9.649475,12.26389,6.432213,0.83399296,0.8908144,26.442484,0.5759421,10.917243,1.0308982,3.2942564,3.764243,-11.378451,-1.2422003,0.018976992,1.8512819,0.94534636,0.8987909,10.264892,0.40596443,6.876469,1.7194623,27.798359,0.4410687,671.3691,0.28155926,1244.8484,0.17078432,-57.60005,-1.3891934,1740.5332,0.1718927,924.58435,0.37342054,-65.50947,-1.057497,2779.5278,0.087774515,738.0134,0.46524462,-69.32533,-0.96815217,-21.467962,-0.3057279,30.317915,0.254249,0.052236494,0.76131964,-0.03611159,-0.36230785,1.0196146,0.7173786,32.33623,0.3456704,11.182514,1.0799078,2.4722452,5.407937,-14.955491,-0.8701053,-8.900004,17.63043,-0.035212923,-0.010096185,0.16922632,3.9959788,1.0820333,0.71697676,0.5223851,0.2335294,0.39640203,-19.841166
P_2000_F_15,r(f),/Users/neda/Documents/Corpus/Pertsch/persian/P_2000_F_15/P_2000_F_15_r(f).wav,eGeMAPSv02,Functionals,35.904358,0.10750906,34.473732,35.796436,38.84675,4.3730164,168.81973,412.0016,55.1154,87.74298,1.231623,0.6444868,0.43191287,1.1167057,1.9731363,1.5412234,19.615705,10.631503,14.011378,6.7566266,1.0620637,0.8449815,26.3393,0.5916664,11.98218,1.068452,-0.094478466,-165.77988,-13.80091,-1.0180919,0.028503576,2.1143057,1.0748596,0.8081297,8.763533,0.563271,6.6515183,1.7203705,28.316563,0.4217801,681.1372,0.27281022,1247.7432,0.16293235,-51.157196,-1.4768282,1730.5093,0.1734725,934.2127,0.3547243,-60.286068,-1.0841544,2822.3875,0.079875216,663.05457,0.48837218,-65.15663,-0.9612938,-19.854969,-0.39508402,30.869602,0.27856487,0.05019167,0.7923021,-0.03151348,-0.42644042,1.2647803,0.6890596,31.455044,0.38730744,12.1739435,1.1266519,-1.2990108,-12.89784,-16.607643,-0.78422,-7.5682116,15.997992,-0.028040748,-0.009664651,0.18509391,4.2109165,1.2974175,0.6182857,0.6268734,0.15590909,0.27438205,-19.02288
P_2000_F_15,r(i),/Users/neda/Documents/Corpus/Pertsch/persian/P_2000_F_15/P_2000_F_15_r(i).wav,eGeMAPSv02,Functionals,35.58625,0.1335279,34.20115,35.815163,39.24311,5.0419617,213.71814,400.6765,127.21727,334.9825,1.2766631,0.69362193,0.3824663,1.1029637,2.1348228,1.7523565,20.807741,11.532646,15.2699995,7.4723315,1.1386799,0.8835104,26.378702,0.5894605,11.532244,1.1408002,0.38925165,40.349846,-14.986115,-1.0248547,0.030502927,2.308463,1.0584509,0.80069155,8.915083,0.5530399,7.00626,1.8763857,28.968754,0.4461703,657.95465,0.28163424,1275.4785,0.16598979,-52.35517,-1.4935541,1699.1956,0.17908667,961.24133,0.348143,-61.86802,-1.0966654,2809.0183,0.079265736,662.013,0.49692956,-66.51663,-0.9795738,-20.516838,-0.37441105,31.015995,0.2698867,0.054708403,0.7021114,-0.032717153,-0.4064824,1.3893858,0.69984496,32.054333,0.3594611,11.846881,1.2049694,-0.6703347,-25.374073,-18.543459,-0.7695203,-7.5434127,16.29058,-0.029787362,-0.008560226,0.1443469,3.990307,1.0994341,0.7201471,0.5892805,0.19655173,0.30575264,-18.152586
P_2000_F_15,str,/Users/neda/Documents/Corpus/Pertsch/persian/P_2000_F_15/P_2000_F_15_str.wav,eGeMAPSv02,Functionals,36.21579,0.117410794,35.130367,36.401756,38.86992,3.7395515,362.38055,618.85425,74.81932,106.883354,1.1441014,0.63999504,0.3760735,1.0547949,1.8178897,1.4418162,17.631813,9.352621,11.748345,6.856957,0.8113387,0.87473536,25.873117,0.55391717,10.355322,1.2629036,5.1391597,2.5077946,-6.8025494,-1.9564973,0.02440409,2.6009362,0.9418046,0.9464001,10.151863,0.46264148,8.979349,1.3742326,28.761913,0.36202145,643.2968,0.2705562,1246.7648,0.16936801,-55.117874,-1.4348974,1733.1272,0.14341608,882.7021,0.42040592,-62.456635,-1.0926625,2764.7947,0.094473496,802.2977,0.44858146,-67.6356,-0.96668226,-21.272087,-0.32989123,30.43355,0.25624126,0.049206756,0.7960759,-0.03506394,-0.39386228,0.98075217,0.7094124,31.160051,0.341021,10.006766,1.4087468,4.7873983,2.9699278,-10.024835,-1.25211,-9.129187,17.55444,-0.03063471,-0.010182541,0.1556334,3.5432436,1.2250161,0.6410526,0.51126665,0.1821875,0.21690625,-19.936275
P_2000_M_02,con,/Users/neda/Documents/Corpus/Pertsch/persian/P_2000_M_02/P_2000_M_02_con.wav,eGeMAPSv02,Functionals,25.249414,0.12513202,24.384462,25.134418,26.72749,2.343027,142.85513,225.1958,67.82817,114.31206,0.259735,0.61584365,0.11184007,0.23154841,0.38336757,0.2715275,3.6142998,2.0219238,2.4866302,1.5135254,0.1056234,0.84206915,24.088041,0.6727962,18.976889,0.65091544,14.596724,0.9488865,2.543616,5.1402245,0.028329574,2.2725382,1.0510248,0.8642417,4.9768343,0.81759113,10.55644,1.1886966,33.7728,0.29353806,494.82275,0.34781185,1242.7778,0.17788662,-65.24616,-1.2912258,1549.5469,0.17526953,998.8632,0.3761905,-76.42897,-0.99707353,2632.5518,0.11226156,899.0583,0.5090351,-80.91742,-0.9037293,-23.08852,-0.34583265,32.282864,0.2644193,0.023393689,1.3256338,-0.028223764,-0.5091031,0.13683164,0.6228274,32.165714,0.3305766,22.12881,0.5503873,17.359024,0.81525165,0.8522246,16.769978,-6.7390466,15.612605,-0.014039892,-0.0030030967,0.026673572,3.1357884,1.4697406,0.47941175,0.4354192,0.19510639,0.26039147,-38.50493
P_2000_M_02,m(f),/Users/neda/Documents/Corpus/Pertsch/persian/P_2000_M_02/P_2000_M_02_m(f).wav,eGeMAPSv02,Functionals,25.392206,0.14590031,24.209711,25.287792,27.285332,3.0756207,149.44739,215.49258,89.47628,168.49026,0.24081175,0.63759553,0.08553491,0.21287557,0.3761389,0.290604,3.5468173,2.0326214,2.6468494,1.5178838,0.0963812,0.87606263,22.178135,0.77237284,17.744875,0.6267275,14.026711,0.9637408,3.156663,3.5853333,0.035120107,2.3343163,1.0982448,0.84490293,4.980173,0.81352526,8.998497,1.3438534,32.29855,0.35578576,478.08414,0.3302628,1242.4052,0.18339394,-74.790016,-1.1814178,1514.573,0.16787043,1020.08044,0.33837977,-85.64973,-0.93146557,2597.031,0.10549852,890.17346,0.46241286,-89.63285,-0.8564558,-22.289835,-0.36626756,31.695938,0.28994483,0.023891974,1.3656454,-0.027470056,-0.45409244,0.13331082,0.5966601,32.01975,0.35440984,20.735281,0.54239666,17.05646,0.8507766,1.3102869,9.702026,-7.8287997,16.679443,-0.0152083915,-0.0034721289,0.024116034,3.3197622,1.6768532,0.38476634,0.31749704,0.21177083,0.42081267,-38.95582
P_2000_M_02,m(i),/Users/neda/Documents/Corpus/Pertsch/persian/P_2000_M_02/P_2000_M_02_m(i).wav,eGeMAPSv02,Functionals,25.521849,0.13327591,24.501736,25.961214,27.820238,3.3185024,174.10974,280.7074,198.22902,508.9031,0.23033266,0.7195262,0.07078252,0.19004324,0.3785354,0.30775288,3.2948859,1.682459,2.659176,1.6728626,0.08957689,0.9915997,18.696201,0.960815,15.205985,0.7484766,12.132941,1.2028922,2.5019498,4.513464,0.027630497,2.6772974,1.1047367,0.8770775,5.0380993,0.8628063,9.028597,1.6214902,31.648563,0.3079559,474.05536,0.2834459,1251.0791,0.15926488,-94.47607,-0.98225456,1518.0804,0.15714315,1012.4714,0.35556713,-103.47271,-0.81286615,2599.6528,0.0905735,856.0615,0.47962096,-107.00589,-0.7557734,-22.172457,-0.3676412,31.313633,0.28052673,0.021402882,1.5897404,-0.029284496,-0.41452345,0.1429799,0.58755296,32.26735,0.3429699,19.89307,0.5956298,16.976233,0.97970253,-0.19235569,-68.492455,-6.4750347,15.226045,-0.017418182,-0.0024417387,0.021696502,2.7899346,1.5359298,0.35714287,0.29842272,0.29346153,0.5310869,-38.911182
P_2000_M_02,pic,/Users/neda/Documents/Corpus/Pertsch/persian/P_2000_M_02/P_2000_M_02_pic.wav,eGeMAPSv02,Functionals,24.970194,0.16351686,24.175585,25.25941,26.709122,2.533537,244.63618,273.1515,113.37875,314.7389,0.21002492,0.63778764,0.07585642,0.18257034,0.3302617,0.2544053,2.7615907,1.8622895,2.1872425,1.3843834,0.07908197,0.9244455,19.374207,0.8912419,20.158588,0.5689327,15.963809,0.8522471,1.43612,8.29324,0.033184186,2.3973868,1.0387743,0.89889646,5.1566825,0.800971,9.563887,1.3026998,33.538345,0.36237404,515.4583,0.31526273,1268.1061,0.17332782,-86.77282,-1.0573403,1615.8843,0.18641677,1075.9556,0.45470446,-97.99411,-0.8344685,2673.4934,0.10791528,824.63226,0.4901926,-99.80876,-0.8033171,-24.857847,-0.31400505,32.144154,0.28298673,0.021904388,1.519207,-0.033530038,-0.41264924,0.118138626,0.58077186,31.078989,0.34874317,25.9522,0.38014638,21.38018,0.63993245,-1.0334084,-13.194056,-6.854111,15.034812,-0.017999822,-0.0037384653,0.019825516,2.8884609,1.3193003,0.44853932,0.4371063,0.30258822,0.5533283,-39.93746
P_2000_M_02,r(f),/Users/neda/Documents/Corpus/Pertsch/persian/P_2000_M_02/P_2000_M_02_r(f).wav,eGeMAPSv02,Functionals,24.388851,0.13860515,23.843676,24.762587,25.855509,2.0118332,168.64548,257.4625,146.69633,264.2111,0.23848337,0.5641974,0.117990345,0.21526383,0.3419693,0.22397897,3.39782,1.9867578,2.3695266,1.3840562,0.100435175,0.7920021,23.306683,0.6953878,19.679798,0.55776983,14.592928,0.9540344,-0.25716692,-44.222733,0.03710879,2.0743685,1.1727813,0.77297586,3.9461803,1.0469141,10.746196,1.1236246,31.908504,0.37176907,505.73102,0.32482654,1259.0459,0.18435735,-68.165054,-1.2403847,1549.4486,0.18882926,1049.9022,0.35810897,-80.525925,-0.940951,2606.9014,0.11586144,793.28796,0.4439654,-82.480675,-0.90059817,-23.143156,-0.33377525,30.591473,0.29995704,0.018627318,1.5031667,-0.03403326,-0.37065196,0.12888993,0.58991426,31.638624,0.34084427,22.261612,0.47592297,16.66674,0.8684504,-1.9404762,-6.285816,-7.554572,14.811659,-0.0072559486,-0.008698334,0.034244537,3.628447,2.1520994,0.31533742,0.26415807,0.13647059,0.26852164,-39.973072
P_2000_M_02,r(i),/Users/neda/Documents/Corpus/Pertsch/persian/P_2000_M_02/P_2000_M_02_r(i).wav,eGeMAPSv02,Functionals,24.930185,0.17883289,24.058874,25.292816,26.723383,2.6645088,246.8722,294.0654,98.62092,194.00676,0.26236328,0.6129457,0.11325914,0.22956105,0.39779478,0.28453565,3.5876672,1.8294419,3.0746026,1.7213176,0.11818839,0.8091869,25.117182,0.65171957,19.916134,0.5629092,16.004427,0.9081315,-1.6786028,-8.463015,0.034956876,2.071145,1.1719943,0.78315735,4.4550786,0.944739,9.013957,1.5985233,32.015408,0.35739765,485.34338,0.2813239,1283.9985,0.17773326,-63.20682,-1.3385476,1514.868,0.19460833,1081.5265,0.3704592,-76.55774,-0.9865008,2596.94,0.1076864,783.16327,0.45798114,-79.010925,-0.9324783,-24.03093,-0.31314728,31.405834,0.28220454,0.028651161,1.0875261,-0.0353478,-0.3828444,0.1526553,0.5871905,33.25875,0.31539327,22.852371,0.46958667,18.524895,0.8082621,-3.523066,-4.353372,-7.5194063,14.9111805,-0.0075488137,-0.00877802,0.030011836,3.6662452,1.5498972,0.45520407,0.41294914,0.18142857,0.3263032,-38.128384
P_2000_M_02,str,/Users/neda/Documents/Corpus/Pertsch/persian/P_2000_M_02/P_2000_M_02_str.wav,eGeMAPSv02,Functionals,24.805508,0.15651995,23.761532,24.913929,26.587666,2.8261337,158.2234,196.9047,131.71509,291.55228,0.26497206,0.56748396,0.1285527,0.23579864,0.38998097,0.26142827,3.6637092,2.25463,2.4690864,1.4552727,0.10670324,0.82356054,25.37902,0.63256115,18.42639,0.65843296,12.979921,1.1032985,0.6272566,20.729822,0.038387243,2.179887,1.0702311,0.8689962,4.5911245,0.89150375,7.791284,1.543501,33.010174,0.33222428,486.48972,0.33980483,1250.454,0.18568556,-58.966755,-1.3837081,1514.7761,0.18083546,1031.1951,0.35853907,-71.046646,-1.0335277,2622.6196,0.10644038,904.23865,0.49471238,-76.53543,-0.913387,-22.303734,-0.37975472,32.393738,0.27973482,0.025273869,1.3587937,-0.026900137,-0.50122184,0.13203591,0.65491366,32.496223,0.3451938,21.009365,0.55988157,14.856465,0.9844052,-1.1452415,-12.127476,-6.9467745,15.541751,-0.0057998784,-0.003296044,0.03349024,3.5803137,1.9696969,0.36763737,0.27916956,0.13054217,0.18862298,-38.62791
P_2001_M_30,con,/Users/neda/Documents/Corpus/Pertsch/persian/P_2001_M_30/P_2001_M_30_con.WAV,eGeMAPSv02,Functionals,22.649748,0.123223685,21.34426,22.738338,24.298786,2.954527,215.87506,320.4377,86.38535,205.96745,1.2804524,0.83918005,0.2347748,1.0077666,2.2689672,2.0341923,26.117037,18.916368,19.603745,12.6435,0.861745,1.0865731,24.03091,0.7631508,2.9634254,4.8698144,15.335901,0.8890058,7.0454836,1.8375736,0.024946101,2.0132413,1.4580905,0.8992385,3.310145,1.2384579,4.800505,2.717931,23.205557,0.46192992,490.26715,0.44461486,1266.2092,0.17778574,-74.75507,-1.2071242,1496.7131,0.18054196,942.8131,0.30801356,-81.90284,-1.0256208,2489.6294,0.118185215,863.0601,0.33354625,-85.30718,-0.95439345,-14.643449,-0.48419917,23.635532,0.3040295,0.015500484,2.3254266,-0.01596003,-0.8284492,1.1907612,0.8108714,34.5976,0.34893355,0.43012872,37.44006,19.939587,0.6503841,7.027397,2.1212215,-5.676532,14.746325,-0.02418608,-0.0021584607,0.24889986,3.3557048,2.047839,0.3082377,0.3242541,0.17026316,0.22835204,-19.86126
P_2001_M_30,m(f),/Users/neda/Documents/Corpus/Pertsch/persian/P_2001_M_30/P_2001_M_30_m(f).WAV,eGeMAPSv02,Functionals,22.83393,0.12899397,21.473831,22.751226,24.340107,2.8662758,277.51645,580.92365,50.962666,78.040886,1.3341966,0.8021262,0.2500919,1.1158438,2.4254274,2.1753354,21.814419,14.287522,17.008852,10.698423,0.7633488,1.0404981,24.727718,0.76246035,1.9031152,7.735767,17.173288,0.8403524,7.768218,1.6594211,0.019748257,1.8906205,1.1509459,1.0273839,4.1602535,0.899855,5.363509,2.05442,23.576082,0.45017293,467.667,0.42415875,1249.4917,0.18982366,-72.81442,-1.2437714,1483.2153,0.15940656,934.6507,0.3075854,-80.5766,-1.04518,2459.5757,0.10782957,891.4756,0.32808056,-83.74546,-0.9760174,-14.77255,-0.50970286,24.084259,0.3056217,0.015084336,2.3325114,-0.01641624,-0.7165323,1.0359373,0.7822527,35.753883,0.3260067,-0.6755233,-24.299133,22.37581,0.6095622,7.9369254,1.8913816,-4.90856,13.913277,-0.023790454,-0.0017625208,0.23780896,3.078959,1.6328332,0.39432433,0.3404206,0.20874286,0.2803745,-19.479252
P_2001_M_30,m(i),/Users/neda/Documents/Corpus/Pertsch/persian/P_2001_M_30/P_2001_M_30_m(i).WAV,eGeMAPSv02,Functionals,22.626553,0.12789601,21.058893,22.483,24.355484,3.2965908,156.18542,264.2467,113.236435,275.30743,1.3508214,0.78636146,0.29322433,1.1249797,2.3612227,2.0679984,24.460648,16.105335,18.178944,11.964679,0.8169639,1.0458161,25.499205,0.7463181,1.4012902,10.603049,15.433306,0.88403857,6.550801,2.0175622,0.022239089,2.1600213,1.2958359,0.9676151,3.836036,0.98115814,4.6250286,2.4113321,23.210579,0.44286725,464.69998,0.40952438,1251.0962,0.17193556,-68.14985,-1.3051307,1462.382,0.16928187,946.67615,0.29719758,-75.9468,-1.0947342,2453.415,0.11252602,865.4796,0.3168535,-79.9916,-1.0023022,-14.447935,-0.5092365,23.854284,0.30174315,0.016415352,2.156096,-0.017115222,-0.7082646,1.0817752,0.8041274,36.097034,0.3167363,-0.8824238,-18.506943,19.349478,0.67507493,6.567195,2.308557,-3.959589,12.436389,-0.01934175,-0.0022724713,0.2504058,3.2467053,1.6497275,0.40267855,0.35355327,0.19331752,0.2582192,-19.872972
P_2001_M_30,pic,/Users/neda/Documents/Corpus/Pertsch/persian/P_2001_M_30/P_2001_M_30_pic.WAV,eGeMAPSv02,Functionals,22.38216,0.14112644,21.172367,22.421,23.705143,2.5327759,181.4085,261.32312,91.61376,182.73157,1.1408896,0.80317754,0.25182897,0.89223737,1.9605265,1.7086976,19.571722,13.255305,14.65505,9.943979,0.71654576,1.1207489,21.961916,0.86708367,6.634766,1.8459558,15.389194,0.89115673,9.388146,1.2145604,0.024583502,1.8954376,1.3064985,0.9990182,3.8975372,1.0235026,4.591018,2.9175315,26.130285,0.4367432,458.18042,0.41737983,1237.3098,0.19653678,-83.16802,-1.0994309,1468.5149,0.16337126,927.40814,0.30601966,-91.040085,-0.9285305,2466.9773,0.10642713,885.37054,0.35921672,-94.91854,-0.8562203,-17.075994,-0.41888773,27.30114,0.2497761,-0.0022277448,-15.822273,-0.015822392,-0.78300154,1.0150275,0.82960135,34.24575,0.35630897,6.084405,2.3682942,20.624607,0.6456832,10.505895,1.2681817,-5.0846562,14.128215,-0.029729046,-0.0010227114,0.24197575,2.9134698,1.8460941,0.32263157,0.32682595,0.21271187,0.28591314,-19.828161
P_2001_M_30,r(f),/Users/neda/Documents/Corpus/Pertsch/persian/P_2001_M_30/P_2001_M_30_r(f).WAV,eGeMAPSv02,Functionals,23.71279,0.1330879,22.016624,23.609425,25.62743,3.6108055,163.49428,281.2336,93.23851,139.88902,1.3700718,0.7995485,0.31208378,1.0854243,2.3913255,2.0792418,28.838152,15.978855,23.58553,12.482873,1.0130513,0.9672397,23.837595,0.7623764,0.8321575,18.30205,16.377398,0.8653195,5.462814,2.4989805,0.030543437,1.95351,1.5788227,0.8383123,2.9059737,1.3389497,3.7741497,2.468822,21.526627,0.49911085,470.11078,0.41410187,1218.5767,0.17096178,-72.34368,-1.2408082,1487.2441,0.15837267,883.18115,0.30783486,-79.644,-1.0516138,2468.1646,0.10553849,879.0805,0.31336808,-82.66026,-0.9845202,-13.016754,-0.52097017,22.66305,0.30595958,0.025765091,1.3720381,-0.01779964,-0.6801318,1.3858281,0.6980544,34.021767,0.3471477,-2.401069,-6.8780146,20.733746,0.6696576,4.690873,3.3515167,-4.860854,13.537238,-0.017982746,-0.0031485844,0.29374257,4.12767,2.257716,0.28212765,0.24824007,0.14802259,0.2970591,-20.039875
P_2001_M_30,r(i),/Users/neda/Documents/Corpus/Pertsch/persian/P_2001_M_30/P_2001_M_30_r(i).WAV,eGeMAPSv02,Functionals,23.896643,0.12773494,22.128994,23.71493,25.726845,3.5978508,167.0851,237.4955,48.473732,61.194168,1.340893,0.8476484,0.26075965,0.98620003,2.4342008,2.1734412,30.053549,16.313646,24.73295,12.843341,1.0163908,0.957539,26.071104,0.6462493,-0.09270449,-166.6081,17.282177,0.78126645,5.6288633,2.706506,0.029270878,1.5763074,1.7607697,0.76998883,2.8804886,1.2830048,4.4001145,2.508634,21.513191,0.5046563,506.19138,0.47726062,1230.0837,0.18010631,-64.54558,-1.3519391,1521.3048,0.18526742,902.3486,0.2751345,-70.7827,-1.1522282,2516.8062,0.12006095,864.4729,0.3159091,-74.34122,-1.0652213,-13.201081,-0.5262519,22.90996,0.31734383,0.02842571,1.3019955,-0.015556763,-0.8590342,1.3575405,0.7023875,34.458855,0.3194261,-3.0716553,-5.336098,20.993279,0.6063985,4.8114457,3.6189587,-6.3346086,15.824577,-0.01964033,-0.002795575,0.216329,4.495159,1.9726597,0.34649125,0.35595188,0.15558824,0.21496265,-20.099627
P_2001_M_30,str,/Users/neda/Documents/Corpus/Pertsch/persian/P_2001_M_30/P_2001_M_30_str.WAV,eGeMAPSv02,Functionals,22.967564,0.10531073,21.550331,22.865187,24.528936,2.9786053,170.64311,310.5255,77.18958,121.03542,1.2692239,0.794516,0.2852786,1.0047626,2.2362986,1.95102,24.839544,16.790257,17.921783,10.507577,0.81230855,1.0458329,25.108084,0.7318,3.908027,3.7027166,15.896686,0.83023274,6.855913,1.8954067,0.02063299,1.7447121,1.3264652,0.95255864,4.0918345,0.9240683,4.6160746,2.5181713,25.019358,0.4444963,466.87054,0.41835532,1263.8761,0.17164576,-72.560295,-1.2424191,1476.8475,0.17530115,949.1702,0.30860755,-80.99118,-1.0292796,2470.786,0.11614323,857.18396,0.32246596,-84.72528,-0.9507166,-15.961085,-0.45846978,25.186214,0.28337735,0.01565462,2.2465796,-0.016846724,-0.7506056,1.104201,0.7833122,35.833843,0.31219703,2.5369203,6.489744,20.48662,0.6022495,7.1754885,2.0872173,-4.9865513,13.705806,-0.023219015,-0.0020625668,0.2437288,3.322072,1.7703388,0.36390907,0.30914724,0.19681592,0.29100755,-19.757679
P_2002_M_17,con,/Users/neda/Documents/Corpus/Pertsch/persian/P_2002_M_17/P_2002_M_17_con.wav,eGeMAPSv02,Functionals,25.73429,0.15464753,24.559147,26.128326,28.630533,4.0713863,163.16353,216.10274,80.71739,132.40652,1.1001697,0.61890185,0.46008188,0.9910717,1.7022619,1.2421801,15.33673,8.431471,12.387672,7.851568,0.96145,0.82753235,29.693615,0.5805889,16.441664,0.7591401,6.2509007,2.151168,4.008752,2.742577,0.035454832,2.3170617,1.3391858,0.7828974,4.7125278,0.9787024,0.27104476,37.743076,30.648252,0.30000532,483.1118,0.2954682,1286.4941,0.15029001,-51.930588,-1.5657101,1492.0192,0.177037,1036.5364,0.31835875,-65.549965,-1.1168052,2531.9905,0.1158904,906.9726,0.36128286,-72.99311,-0.94414717,-21.992481,-0.332272,32.427906,0.23974562,0.03547265,0.8718193,-0.03285459,-0.42829433,1.1966845,0.6333699,36.930573,0.32202345,19.263136,0.60984135,6.9593277,2.056484,3.9642403,3.010402,-6.112836,14.76835,-0.011382173,-0.008572203,0.19943643,3.7667072,1.3041557,0.5773729,0.581677,0.18726416,0.2617342,-19.419867
P_2002_M_17,m(f),/Users/neda/Documents/Corpus/Pertsch/persian/P_2002_M_17/P_2002_M_17_m(f).wav,eGeMAPSv02,Functionals,24.396257,0.13113335,23.722662,24.682888,26.270168,2.5475063,198.33287,209.6468,105.28823,254.36288,0.7474542,0.5256703,0.38176593,0.7000788,1.0669307,0.6851647,9.56322,6.2867217,7.382718,4.56854,0.5392927,0.8387386,24.001598,0.7034281,19.068861,0.61180824,9.162466,1.3942575,5.253594,1.905483,0.03524666,2.0355287,1.2794132,0.83131814,3.9185994,1.1528956,0.99778575,10.384409,29.21164,0.35522485,488.1842,0.31912178,1273.1844,0.17212203,-65.37172,-1.3101592,1520.9055,0.18427211,1055.1272,0.33576906,-79.01472,-0.9656198,2540.7993,0.11967164,898.0953,0.39924583,-83.39595,-0.87925845,-22.591623,-0.32409418,30.547895,0.25894925,0.018238993,1.3907166,-0.034527745,-0.41479594,0.6928334,0.6468136,32.539204,0.35473204,23.079653,0.44234437,10.475413,1.3044982,5.991697,1.8178993,-6.1151133,13.879648,-0.012634869,-0.009663272,0.17671467,4.0354075,2.0072992,0.34103897,0.28785178,0.1580303,0.29740912,-24.759823
P_2002_M_17,m(i),/Users/neda/Documents/Corpus/Pertsch/persian/P_2002_M_17/P_2002_M_17_m(i).wav,eGeMAPSv02,Functionals,24.968678,0.18923251,24.165262,26.18299,28.119366,3.9541035,140.67183,132.10435,86.985664,126.03958,1.039056,0.58318573,0.51239556,0.9337443,1.5184585,1.006063,13.069054,7.3175783,10.393284,6.2171664,0.88770556,0.80845916,29.314783,0.5758041,17.10673,0.70140034,7.6955233,1.778403,5.7548256,1.8429157,0.048430126,2.1391346,1.335637,0.7610953,4.5013447,1.0585803,1.878844,7.153613,29.339333,0.34131458,482.06625,0.2827549,1306.8856,0.15073475,-53.02001,-1.5342872,1499.3721,0.17588529,1040.1329,0.30638763,-67.02725,-1.0884553,2530.2166,0.1169462,856.07324,0.37048125,-72.47627,-0.96306807,-22.528881,-0.297735,30.57295,0.24058431,0.028490292,1.0413034,-0.035837915,-0.3474741,1.099295,0.62164974,36.753155,0.29247165,20.008137,0.5522897,8.966216,1.6275724,6.882699,1.6318965,-5.9933586,13.325136,-0.009670515,-0.011110811,0.20998016,3.842265,1.3324338,0.56341773,0.6181473,0.17972602,0.36355543,-20.344437
P_2002_M_17,pic,/Users/neda/Documents/Corpus/Pertsch/persian/P_2002_M_17/P_2002_M_17_pic.wav,eGeMAPSv02,Functionals,25.332214,0.14580092,24.217709,25.750345,27.737255,3.5195465,158.3093,189.01381,106.90696,299.17075,0.95931405,0.6161314,0.42811733,0.8592514,1.4112253,0.983108,12.598284,7.5794845,9.524028,5.254327,0.7639503,0.816719,27.33364,0.6380073,17.902683,0.69991153,9.303951,1.5445911,6.6436305,1.6956211,0.03911693,2.269061,1.2928864,0.8395416,4.78567,0.94602484,1.8560692,5.932936,31.042038,0.32383814,481.08765,0.31802383,1271.6237,0.16281022,-56.227486,-1.4730663,1510.485,0.1771764,1016.80426,0.3242006,-70.078,-1.0551891,2537.459,0.11471735,894.33,0.37549797,-75.86342,-0.92845064,-22.645697,-0.32227492,31.817987,0.24937683,0.02650075,1.0771443,-0.031440184,-0.43349293,0.9593888,0.62118566,35.13893,0.33296373,21.313215,0.5345507,11.017575,1.3730519,7.47097,1.6340002,-5.5839314,13.921513,-0.012098817,-0.007928408,0.18082695,3.705954,1.325228,0.55669725,0.5112568,0.20041665,0.35570037,-20.824505
P_2002_M_17,r(f),/Users/neda/Documents/Corpus/Pertsch/persian/P_2002_M_17/P_2002_M_17_r(f).wav,eGeMAPSv02,Functionals,26.082188,0.120892465,24.58894,26.136795,28.266893,3.6779537,129.62747,192.40617,87.44215,174.87581,1.1644257,0.6320668,0.4201971,1.0589911,1.8071656,1.3869685,17.384464,9.489823,13.237494,6.905921,1.0600713,0.8710754,27.46732,0.6732529,15.543934,0.79397815,6.9964747,2.103181,4.2265897,2.564233,0.03470596,2.3282216,1.3199728,0.7566625,4.5721297,0.89658517,0.40902805,26.133629,28.081352,0.34669945,483.28473,0.30857408,1261.337,0.16872719,-56.56841,-1.4773598,1510.3209,0.17394648,1005.29803,0.34168157,-69.73737,-1.077892,2512.0225,0.11683767,923.29675,0.39499462,-75.45369,-0.94925106,-20.678984,-0.36500213,29.851551,0.28244516,0.034641102,0.8618118,-0.034513745,-0.3740737,1.3549217,0.6565005,35.714035,0.37110138,17.603975,0.7276449,7.897887,2.0246854,4.5770807,2.576445,-6.120749,14.351764,-0.007793707,-0.011041938,0.22544423,3.9754572,1.5860834,0.45766127,0.43945,0.17847617,0.24953973,-19.330345
P_2002_M_17,r(i),/Users/neda/Documents/Corpus/Pertsch/persian/P_2002_M_17/P_2002_M_17_r(i).wav,eGeMAPSv02,Functionals,25.790516,0.14578293,24.299105,25.952852,28.236996,3.937891,177.27852,211.15894,91.95084,185.54488,1.1348935,0.6816859,0.39049625,0.9607575,1.8507801,1.4602839,17.128649,9.720936,13.846134,7.1018205,1.0390598,0.88862115,27.952608,0.6334559,14.858906,0.8419011,7.3432364,2.024101,5.440028,2.293621,0.032990564,2.0517526,1.3892477,0.74734133,4.3182716,1.0155216,0.37602487,31.59734,28.95418,0.3994653,468.01102,0.3125585,1254.6062,0.16124658,-57.535397,-1.4695016,1485.9854,0.16855298,990.7163,0.3101081,-70.14347,-1.0870029,2515.396,0.1053255,911.19727,0.3689581,-76.83261,-0.93740165,-20.68808,-0.37442437,31.503523,0.26515314,0.034990665,0.9133974,-0.029920835,-0.47382334,1.3290446,0.6773229,35.87643,0.35283953,16.87955,0.7672628,8.118521,1.9886795,6.0697937,2.2542777,-6.6060104,15.2412405,-0.0047384105,-0.009995018,0.23484147,4.130468,1.5863332,0.45471153,0.5363802,0.16760416,0.21218474,-19.076372
P_2002_M_17,str,/Users/neda/Documents/Corpus/Pertsch/persian/P_2002_M_17/P_2002_M_17_str.wav,eGeMAPSv02,Functionals,24.703094,0.19767445,21.410208,26.205978,28.25087,6.840662,161.56381,198.84344,89.5528,146.66791,0.9880207,0.60918224,0.4443966,0.8809617,1.4558876,1.011491,13.769367,7.8315454,9.605903,6.260452,0.8761363,0.86119246,28.191107,0.61984324,17.040113,0.7301933,7.5353255,1.6162949,5.039916,1.9873838,0.04694463,2.2107296,1.3772193,0.8029941,4.1596365,1.1864524,2.0117757,6.0629187,30.33593,0.35298926,492.2168,0.31166238,1304.1838,0.15145406,-57.532246,-1.4524323,1502.1501,0.18778606,1032.1212,0.31187627,-70.53553,-1.0650237,2550.9897,0.125908,853.45856,0.38059446,-76.383224,-0.9373178,-22.727362,-0.31989762,31.277855,0.2460982,0.026777329,1.1475586,-0.035276048,-0.3943261,1.1174763,0.6525341,36.094315,0.33459416,20.573502,0.5526954,9.019222,1.4299247,5.326177,2.0146108,-5.8721347,13.546414,-0.010003004,-0.010733157,0.18512599,3.3200643,1.4150144,0.51520956,0.4804075,0.19715278,0.29385042,-20.482063
P_2002_M_28,con,/Users/neda/Documents/Corpus/Pertsch/persian/P_2002_M_28/P_2002_M_28_con.wav,eGeMAPSv02,Functionals,24.34625,0.14897163,22.457228,24.174498,26.83865,4.381422,270.62787,393.1741,79.234314,119.294685,1.1834049,0.7160228,0.43056926,0.9351819,1.909752,1.4791827,19.273193,11.930461,13.938479,7.657248,0.79612744,0.88731784,25.523582,0.6612694,7.6964817,1.7003621,7.8258343,1.630064,4.9842916,2.2612185,0.03418684,2.0177004,1.336354,0.88373214,3.9108844,1.1018804,6.6065083,2.3171628,24.842539,0.39867374,453.4518,0.33778244,1211.9242,0.14955156,-59.703915,-1.3768965,1430.4603,0.14628403,926.98486,0.23563917,-67.174484,-1.1475539,2477.2502,0.082958646,817.6286,0.35083356,-74.44183,-0.9741155,-15.6826515,-0.4190269,27.190025,0.24728003,0.0054643154,6.7370286,-0.01929202,-0.6028681,0.9946098,0.7145288,32.913464,0.36961597,7.8084025,1.8006119,8.173493,1.7015073,4.986807,2.4421222,-5.7034497,14.626825,-0.026221674,-0.005084028,0.24906033,3.581536,2.001562,0.35790244,0.3339227,0.13640884,0.1905758,-21.124441
P_2002_M_28,m(f),/Users/neda/Documents/Corpus/Pertsch/persian/P_2002_M_28/P_2002_M_28_m(f).wav,eGeMAPSv02,Functionals,24.010601,0.114721894,22.609291,24.03264,25.73641,3.127119,155.38748,308.70532,100.538315,181.40245,1.1295055,0.64628756,0.51585644,0.9273346,1.7335641,1.2177076,16.602043,9.492928,12.668014,6.8847065,0.7371413,0.8204422,25.27606,0.67974246,9.952334,1.2718964,11.029308,1.1955626,7.417829,1.392948,0.03650195,2.1404834,1.3058105,0.8924356,4.098492,0.9329627,7.9758835,1.3785456,27.319145,0.29395115,449.30362,0.33533123,1221.9362,0.16268916,-55.70842,-1.4176329,1446.1089,0.13647904,954.98975,0.31876045,-64.65377,-1.1398139,2476.4912,0.08625961,937.7877,0.39249972,-71.93466,-0.9640888,-16.732616,-0.4160056,28.504457,0.25032917,-0.0017465485,-18.213255,-0.019741923,-0.59025466,0.8859114,0.6822338,32.631214,0.350132,10.188962,1.2825509,11.290338,1.2510931,8.066995,1.3703429,-3.784294,11.566804,-0.023535086,-0.00432948,0.27205363,3.877506,1.8085575,0.4109756,0.38405916,0.13547945,0.1729046,-21.814804
P_2002_M_28,m(i),/Users/neda/Documents/Corpus/Pertsch/persian/P_2002_M_28/P_2002_M_28_m(i).wav,eGeMAPSv02,Functionals,25.238216,0.15131012,22.909756,24.751213,28.39584,5.486084,135.30293,196.49916,87.39913,120.18122,1.0928639,0.7282071,0.3723102,0.86949986,1.7396388,1.3673286,16.83991,10.80113,12.214878,7.890286,0.68413323,0.95319015,24.219969,0.7543319,9.259293,1.3614198,7.639665,1.7267317,6.3205237,1.8629028,0.028848335,2.143791,1.1360779,0.97973794,4.952249,0.85301,5.6825113,2.1400807,26.414188,0.37446672,453.56415,0.33667046,1242.4656,0.1537943,-69.50121,-1.2442777,1433.3192,0.1485492,984.68634,0.28932175,-76.96906,-1.0521852,2451.097,0.100379944,922.2437,0.39833975,-84.11186,-0.9025305,-16.829544,-0.42142347,29.267323,0.24110344,0.006880317,5.6168747,-0.019587543,-0.61381054,0.8980989,0.7381359,34.100086,0.33672774,9.447496,1.433915,7.9749002,1.8553227,6.522846,2.0110698,-5.224784,14.013903,-0.028600637,-0.0027236075,0.21314359,3.3072407,1.8021548,0.3722826,0.4175553,0.18759492,0.287698,-21.500116
P_2002_M_28,pic,/Users/neda/Documents/Corpus/Pertsch/persian/P_2002_M_28/P_2002_M_28_pic.wav,eGeMAPSv02,Functionals,24.388765,0.15109605,22.479103,24.14259,26.387114,3.9080105,144.88014,193.87889,97.845116,161.8791,1.1014384,0.67650235,0.43749848,0.9199461,1.7256548,1.2881564,15.959912,10.231774,12.727403,7.639647,0.6877098,0.87876296,23.366898,0.7707767,9.848146,1.2861562,11.38443,1.1948819,7.2774596,1.5244453,0.03005561,1.9996238,1.185281,0.9236227,4.4337535,0.88416713,5.9031496,1.860389,25.682234,0.357469,465.29254,0.37656245,1202.8082,0.17181355,-62.67724,-1.314933,1468.3451,0.15304735,933.37225,0.32484213,-71.00545,-1.0809346,2495.0417,0.09291056,877.0228,0.36335814,-76.86483,-0.9469001,-16.754465,-0.42665017,28.08157,0.28169918,-0.0015544476,-24.40216,-0.021316936,-0.5481987,0.8582221,0.7075806,31.739775,0.39576924,10.353364,1.2881876,12.444266,1.1728945,7.8601475,1.5080876,-3.7012708,11.913277,-0.028880777,-0.004804233,0.23197296,3.5415752,1.7497525,0.40704402,0.3585603,0.16837035,0.23715347,-21.68896
P_2002_M_28,r(f),/Users/neda/Documents/Corpus/Pertsch/persian/P_2002_M_28/P_2002_M_28_r(f).wav,eGeMAPSv02,Functionals,26.133759,0.14281712,23.48184,25.749725,29.153679,5.6718388,159.56743,252.23589,87.40647,149.26085,1.4185535,0.6798716,0.56844485,1.1387713,2.3450186,1.7765738,26.099075,13.965911,18.771637,9.632678,1.163254,0.8399345,25.583641,0.6828091,6.306673,2.2819355,8.59475,1.5865283,5.5458083,2.0544171,0.034777876,2.0068746,1.4597707,0.80728054,4.196158,0.9640644,4.758942,2.533531,23.193653,0.3907709,450.32797,0.3307636,1199.9945,0.1619975,-56.843334,-1.4133369,1442.6317,0.14207804,904.43005,0.29082605,-64.29528,-1.1698451,2477.8254,0.08448379,843.65375,0.38040224,-70.66774,-1.0090243,-15.098082,-0.46074057,26.322104,0.28011528,0.015349599,2.5046453,-0.023652585,-0.5017155,1.4398173,0.6600954,33.0462,0.3680175,5.7587147,2.6178603,8.59202,1.7090688,5.491648,2.2482786,-4.01477,12.363653,-0.023325235,-0.0069961157,0.33514163,4.340278,2.164907,0.33722222,0.33839533,0.120215826,0.17722261,-19.272375
P_2002_M_28,r(i),/Users/neda/Documents/Corpus/Pertsch/persian/P_2002_M_28/P_2002_M_28_r(i).wav,eGeMAPSv02,Functionals,25.555132,0.17413011,22.973984,25.373007,28.617275,5.6432915,245.10103,386.20813,100.01441,126.79552,1.3218493,0.74198663,0.42300075,1.0115815,2.275721,1.8527203,24.458435,12.698307,18.24344,9.19801,1.0933547,0.9106395,25.229626,0.7004139,6.3247023,2.2150538,10.335217,1.303835,5.3734493,2.4052074,0.036071554,2.0855334,1.533078,0.7897414,3.7005615,1.167516,5.1671557,2.46507,23.563644,0.38782358,443.3133,0.3437203,1185.4724,0.1570909,-57.77951,-1.4255462,1429.7947,0.14295983,903.658,0.3014495,-65.472855,-1.175072,2459.54,0.08510618,835.81024,0.36867943,-71.750465,-1.0166659,-15.134295,-0.47567073,26.262554,0.2927014,0.018300597,2.1693397,-0.021321632,-0.57955575,1.388917,0.70780665,32.91597,0.3876246,5.753766,2.600186,11.090519,1.3100538,5.1865487,2.7536368,-4.497752,13.2559,-0.021250725,-0.006077311,0.25168765,4.2604117,1.9961674,0.362,0.33177346,0.13252252,0.1844762,-19.434128
P_2002_M_28,str,/Users/neda/Documents/Corpus/Pertsch/persian/P_2002_M_28/P_2002_M_28_str.wav,eGeMAPSv02,Functionals,24.082888,0.14080913,22.485214,24.080284,26.137566,3.6523514,173.47433,268.66592,140.87032,292.56128,1.1036086,0.69488955,0.39746386,0.90379274,1.7603306,1.3628666,17.619648,10.378008,13.848441,8.17183,0.72055864,0.86638623,24.698317,0.6939287,8.7164135,1.4473515,8.999569,1.4367654,5.4997363,2.0134785,0.03432608,2.2039685,1.300131,0.90760636,4.0774446,1.009343,7.009606,1.9020461,26.142912,0.43485162,460.6599,0.3466243,1235.5704,0.156101,-64.120125,-1.3139577,1445.4884,0.15180719,954.2048,0.28127107,-72.03931,-1.0912459,2492.2935,0.089788206,856.6638,0.3847229,-78.86087,-0.9396525,-16.575504,-0.42180356,28.099003,0.25340554,0.00042273317,83.676895,-0.019347783,-0.62445164,0.91363484,0.67441887,32.99352,0.35181573,9.40721,1.4352217,9.986048,1.4173409,5.6930733,2.114186,-4.874582,13.8780155,-0.025137959,-0.0039130766,0.2367775,3.773141,1.797065,0.38851526,0.3438839,0.1686432,0.29539284,-21.806501
P_2002_M_29,con,/Users/neda/Documents/Corpus/Pertsch/persian/P_2002_M_29/P_2002_M_29_con.WAV,eGeMAPSv02,Functionals,22.680502,0.14353985,21.281,22.366669,24.44009,3.15909,206.88013,283.59598,121.511955,280.8066,1.300903,0.7676436,0.29669437,1.0777283,2.2815754,1.984881,21.710012,14.866409,18.084448,11.787386,0.9171288,1.0464739,26.249508,0.7044179,7.6219616,1.6983498,9.282173,1.4080709,-1.5418108,-8.4824095,0.030418364,2.420984,1.3677574,0.9385732,3.2660158,1.3221328,3.4647672,3.496102,25.799253,0.418926,456.64917,0.28828058,1192.9188,0.15535106,-67.37046,-1.3153802,1439.2039,0.15169989,917.4309,0.26721022,-76.93376,-1.0643672,2521.6328,0.09093723,857.42377,0.47671774,-83.461395,-0.9253792,-16.973148,-0.42247555,27.706224,0.27111623,0.019714186,1.7789931,-0.027066968,-0.5278881,1.2154691,0.8042864,35.894962,0.35275155,7.195592,1.9776539,11.239359,1.2610571,-4.251966,-3.313406,-7.109518,15.847464,-0.023521643,-0.007210893,0.28266928,2.9309886,2.0130649,0.32834437,0.2737414,0.15472221,0.22715005,-19.40914
P_2002_M_29,m(f),/Users/neda/Documents/Corpus/Pertsch/persian/P_2002_M_29/P_2002_M_29_m(f).WAV,eGeMAPSv02,Functionals,22.904327,0.15462449,21.534258,22.64655,24.590881,3.0566235,193.41234,322.5812,196.75383,576.0,1.4007587,0.66247874,0.4916038,1.255239,2.3084028,1.8167989,24.593332,14.610988,18.267673,13.380596,1.2341186,0.8958438,28.568583,0.628083,7.2742558,1.8237922,12.45912,1.0812507,-2.7566385,-4.603208,0.038991388,2.0250587,1.5381645,0.8713312,2.4702656,1.7763575,2.051173,5.6576,24.638103,0.45419043,455.84927,0.28455228,1209.3914,0.16320467,-57.890823,-1.447454,1434.4148,0.15953232,947.9806,0.28032303,-68.84105,-1.1125089,2506.846,0.09405708,797.07635,0.3992563,-74.27939,-0.98409027,-17.789522,-0.40901908,27.052656,0.2719156,0.01997058,1.6073238,-0.028040104,-0.49486667,1.5027777,0.70503235,36.50399,0.3233054,7.5375686,1.8271576,14.446674,0.94566405,-4.3881135,-3.065359,-5.3010535,13.49738,-0.0133678345,-0.007206837,0.5035469,4.1839147,2.2192633,0.32,0.2453297,0.12330826,0.16141629,-18.818632
P_2002_M_29,m(i),/Users/neda/Documents/Corpus/Pertsch/persian/P_2002_M_29/P_2002_M_29_m(i).WAV,eGeMAPSv02,Functionals,23.439207,0.16245534,21.483816,22.965263,25.72029,4.236473,182.69698,288.8902,91.29444,188.47838,1.4040171,0.660466,0.49906328,1.2323426,2.2822926,1.7832294,25.104137,13.879831,17.45315,10.287013,1.0908742,0.90882367,29.759914,0.591173,6.783228,2.105339,10.54216,1.4415543,-2.4381347,-5.2776546,0.030788288,1.991713,1.4243159,0.9546779,3.3283799,1.3260162,1.9544545,7.9357276,24.844095,0.61207044,468.07425,0.2760451,1237.0577,0.16457646,-54.462067,-1.5033857,1462.3584,0.15827541,956.8971,0.3089897,-65.85966,-1.1374184,2531.3633,0.09356771,895.80817,0.4663907,-71.992905,-0.9866162,-17.494642,-0.4489595,27.825401,0.28496334,0.023674157,1.4660717,-0.028889194,-0.4804837,1.3061665,0.753161,37.1307,0.32269073,6.735724,2.2019355,12.40551,1.2884097,-3.9401011,-3.4306552,-5.7242703,13.84061,-0.012080905,-0.009350237,0.46137464,3.903983,2.4828315,0.2905319,0.24804927,0.10759494,0.12478046,-19.154991
P_2002_M_29,pic,/Users/neda/Documents/Corpus/Pertsch/persian/P_2002_M_29/P_2002_M_29_pic.WAV,eGeMAPSv02,Functionals,23.280552,0.13756824,21.700996,22.959862,25.040339,3.339342,217.17548,308.12845,88.4682,150.93103,1.402171,0.68786275,0.38421777,1.2402738,2.4120274,2.0278096,22.856993,15.314116,15.92738,9.284563,0.99625033,0.9793508,27.79391,0.67576945,6.9245453,1.8334005,9.913577,1.2726631,-0.547259,-23.12832,0.029004432,2.6574507,1.2840942,0.9907127,3.978851,1.0079384,3.4437115,3.1195862,26.067694,0.398477,449.12573,0.26735145,1212.9215,0.15036117,-65.31922,-1.3552645,1425.13,0.15176426,966.3867,0.3112117,-75.592125,-1.0767715,2487.8728,0.097357735,870.0092,0.46703875,-81.82398,-0.94101256,-18.114296,-0.41471222,28.229073,0.2684738,0.02378905,1.4482958,-0.029060096,-0.49724153,1.3048705,0.7465459,37.862034,0.30229682,7.2145615,1.9200636,12.29398,1.0426681,-2.4441817,-5.629058,-5.080639,13.442447,-0.019641794,-0.006602716,0.31255373,3.3456526,1.9080997,0.35204083,0.25909165,0.15946236,0.20839044,-18.376926
P_2002_M_29,r(f),/Users/neda/Documents/Corpus/Pertsch/persian/P_2002_M_29/P_2002_M_29_r(f).WAV,eGeMAPSv02,Functionals,23.47813,0.1495929,21.404205,23.086084,25.72875,4.324545,190.54584,315.2353,81.33883,142.00032,1.3246126,0.7023006,0.4830025,1.1388075,2.0844493,1.6014467,28.937666,16.082779,20.906258,11.824386,1.2605803,0.89202994,26.599377,0.6746504,7.911837,1.7754115,10.89818,1.2443048,-4.125091,-3.2715573,0.037093192,1.8053131,1.6540663,0.7910921,2.169544,1.8623322,2.5332456,5.009097,25.033272,0.4539711,461.5295,0.29979092,1202.5376,0.16873793,-65.25003,-1.3101346,1444.0596,0.1649049,950.5695,0.37407464,-75.48982,-1.0417112,2499.6384,0.0987112,833.47595,0.4381941,-81.0143,-0.9222982,-17.084072,-0.46563113,27.019863,0.2931858,0.018465335,1.9241836,-0.02939109,-0.51191896,1.5545254,0.70878184,34.79974,0.36652216,7.7142153,1.8982192,12.243914,1.1718805,-6.6210446,-2.1293836,-6.6058097,14.572624,-0.014071758,-0.010564706,0.5954465,4.4713626,2.9781504,0.22316583,0.19380488,0.10122222,0.15324873,-19.79734
P_2002_M_29,r(i),/Users/neda/Documents/Corpus/Pertsch/persian/P_2002_M_29/P_2002_M_29_r(i).WAV,eGeMAPSv02,Functionals,23.724165,0.16310444,21.40462,23.258884,26.54674,5.1421204,182.15436,298.75375,125.258255,264.36087,1.2369235,0.7775709,0.31600785,1.0044826,2.0747228,1.7587149,27.603039,15.675269,21.41826,12.465903,1.1907113,0.94185376,26.47049,0.66321427,8.977457,1.449017,11.198843,1.2215432,-2.2362468,-6.3327446,0.04102637,1.5545077,1.6956868,0.7909534,2.4232116,1.6884247,2.3511443,5.933497,26.232119,0.4792787,450.28262,0.25961766,1211.2415,0.15303463,-71.025505,-1.2568425,1440.6956,0.15100628,953.51556,0.29308468,-81.37115,-1.0014502,2495.1895,0.08940956,877.5139,0.44056192,-86.86777,-0.89086246,-18.024218,-0.4320391,28.21676,0.27867648,0.021491114,1.717775,-0.027793922,-0.53176636,1.6185007,0.67887104,35.83162,0.3333658,8.938369,1.5777937,13.190635,1.1122085,-4.4094057,-3.5323253,-7.747578,16.057531,-0.017595408,-0.009047023,0.3503583,4.272498,2.3905725,0.26795775,0.22705255,0.141,0.20031843,-19.370502
P_2002_M_29,str,/Users/neda/Documents/Corpus/Pertsch/persian/P_2002_M_29/P_2002_M_29_str.WAV,eGeMAPSv02,Functionals,23.02155,0.13527282,21.33058,22.807566,25.173313,3.8427334,203.29231,309.27896,129.45763,316.3065,1.2885472,0.7380089,0.31722438,1.0964605,2.1858287,1.8686043,22.596394,14.254015,16.364264,9.899038,1.0632992,0.9636856,27.20294,0.6668852,7.914631,1.6344184,10.33939,1.2572211,-3.395118,-4.12756,0.035336927,2.0516229,1.4225886,0.8902628,2.861226,1.5201105,1.6145217,7.6752877,25.53304,0.4263699,458.26978,0.29123434,1225.9685,0.15826301,-68.480644,-1.3036188,1427.9846,0.16884008,956.2927,0.3177758,-78.54627,-1.043321,2517.8054,0.09478387,834.89966,0.46518087,-84.617325,-0.9162817,-17.95186,-0.4230299,28.1432,0.26534423,0.024437573,1.4206104,-0.030024912,-0.5134566,1.4034275,0.7112763,36.985332,0.31240857,7.94197,1.7758605,12.540228,1.1000546,-6.73259,-2.2324104,-6.778951,15.460287,-0.01884763,-0.007028722,0.36282435,3.3739314,2.1265326,0.30715302,0.28221488,0.15758893,0.2854996,-19.34358
