File_Name,file,Speaker,Task,Language,Year_of_Birth,Age,Gender,ID,percent_V,deltaV,deltaC,nPVI_v,rPVI_c,V:C_ratio,varco_c,cv_rate,v_rate,c_rate,mean_c,mean_v,std_f0_peak,std_f0_mean,nPVI_f0_mean,rPVI_f0_mean,nPVI_f0_peak,rPVI_f0_peak,varcoM_f0,varcoP_f0,std_int_peak,std_int_mean,nPVI_int_mean,rPVI_int_mean,nPVI_int_peak,rPVI_int_peak,varcoM_int,varcoP_int
P_1984_F_22_mf.Table,/data/fburkhardt/papers/ICPHS-2027/data/persian/P_1984_F_22/P_1984_F_22_m(f).WAV,P22,m(f),Persian,1984,40,Female,P_1984_F_22,34.91146719,0.065862906,0.053216311,50.1569601,0.062987903,0.814287364,51.00212234,7.986930477,3.877951781,4.108978696,0.104341365,0.090025532,3.990534455,2.994676176,2.330350279,2.060148669,2.817624338,2.648548141,3.330818323,4.331199383,3.252073275,3.273839034,3.616496982,2.477725006,3.122346366,2.248257386,4.740672064,4.500870711
P_1984_F_22_mi.Table,/data/fburkhardt/papers/ICPHS-2027/data/persian/P_1984_F_22/P_1984_F_22_m(i).WAV,P22,m(i),Persian,1984,40,Female,P_1984_F_22,41.64779162,0.091661581,0.05188594,54.06292143,0.05538009,1.005854951,49.22722628,7.697480180999999,3.769110985,3.928369196,0.105400901,0.110497653,3.714210624,2.780096246,2.201257814,1.974600968,2.581619547,2.432973411,3.072453621,4.020044347,3.714772332,3.848120831,4.18572481,2.87493817,3.217597559,2.311940772,5.531084454,5.117501001
P_1984_F_22_rf.Table,/data/fburkhardt/papers/ICPHS-2027/data/persian/P_1984_F_22/P_1984_F_22_r(f).WAV,P22,r(f),Persian,1984,40,Female,P_1984_F_22,35.85348737,0.031060353,0.045780236,43.40992162,0.050628297,0.704257462,50.729385,10.918268192,5.276938026,5.641330166,0.090244019,0.067943734,4.070705432,3.319978704,2.596603366,2.370299792,3.00177965,2.841607226,3.647513317,4.377586219,3.228572046,3.494775654,4.532858944,3.137795772,3.498563944,2.569650241,4.997392157,4.392098139
P_1984_F_22_ri.Table,/data/fburkhardt/papers/ICPHS-2027/data/persian/P_1984_F_22/P_1984_F_22_r(i).WAV,P22,r(i),Persian,1984,40,Female,P_1984_F_22,38.04657874,0.037567429,0.042571127,37.45555915,0.046554517,0.82176639,49.67891404,10.335917313,4.933051445,5.402865868,0.085692547,0.07712585,4.215399567,3.622267845,3.072225428,2.788326782,3.333935149,3.125470484,3.963286821,4.517738902,4.368130782,4.437187887,5.06360405,3.541302794,4.451029339,3.275941952,6.235603959,5.839005172
P_1984_F_22_sc.Table,/data/fburkhardt/papers/ICPHS-2027/data/persian/P_1984_F_22/P_1984_F_22_con.WAV,P22,con,Persian,1984,40,Female,P_1984_F_22,35.49298595,0.062758245,0.045874733,46.23923012,0.046402062,0.860320884,48.11991671,8.454684006,4.127220745,4.327463261,0.09533419,0.085997305,4.247941626,3.77155788,3.216782196,2.870866185,3.039508776,2.817794528,4.193059183,4.619761579,4.30776232,4.239625054,4.387420536,3.031324894,3.739540083,2.703944945,6.07520065,5.890475034
P_1984_F_22_sp.Table,/data/fburkhardt/papers/ICPHS-2027/data/persian/P_1984_F_22/P_1984_F_22_pic.WAV,P22,pic,Persian,1984,40,Female,P_1984_F_22,37.4313444,0.071220713,0.057635451,45.44180591,0.060386905,0.965429813,58.56789801,7.614530021,3.674634877,3.939895144,0.098407921,0.101864119,4.443996477,3.52357966,2.833044809,2.48492381,3.130280473,2.934696641,3.963989993,4.866706683,2.675337726,3.017404479,3.755650727,2.557440558,2.907343867,2.088296592,4.402097387,3.7284815
P_1984_F_22_st.Table,/data/fburkhardt/papers/ICPHS-2027/data/persian/P_1984_F_22/P_1984_F_22_str.WAV,P22,str,Persian,1984,40,Female,P_1984_F_22,38.17201716,0.05862107,0.052496086,45.89729349,0.052706629,0.911961063,53.51283,8.311198182999998,4.044422543,4.26677564,0.0981,0.094381872,3.523876891,2.98641005,2.254713199,1.983683193,2.376779746,2.18873417,3.34210464,3.860003775,3.24728022,3.3866921,3.865876903,2.665215548,3.191437137,2.320511007,4.900550879,4.487061738
P_1984_M_12_mf.Table,/data/fburkhardt/papers/ICPHS-2027/data/persian/P_1984_M_12/P_1984_M_12_m(f).wav,P12,m(f),Persian,1984,40,Male,P_1984_M_12,29.11786194,0.063477118,0.068629539,50.91234946,0.070407713,0.699940515,70.76212247,8.260469939,3.971153166,4.289316773,0.096986264,0.073323442,2.153348185,1.871305845,1.403379679,1.136434072,1.717650836,1.414075499,2.31897302,2.624910977,3.450322536,3.844625975,4.662254064,3.401117112,3.007845435,2.291058009,5.197188481,4.482844735
P_1984_M_12_mi.Table,/data/fburkhardt/papers/ICPHS-2027/data/persian/P_1984_M_12/P_1984_M_12_m(i).wav,P12,m(i),Persian,1984,40,Male,P_1984_M_12,35.4261796,0.089760683,0.061928899,59.94897491,0.062044643,0.878757846,65.76054721,8.333333333999999,4.052511416,4.280821918,0.094173333,0.08741784,2.617732827,2.379278269,2.077548678,1.694206569,2.381393073,1.975450958,2.924305974,3.162392178,3.464028063,3.621261664,4.674561986,3.455373482,3.374697332,2.609245371,4.855790782,4.462426844
P_1984_M_12_rf.Table,/data/fburkhardt/papers/ICPHS-2027/data/persian/P_1984_M_12/P_1984_M_12_r(f).wav,P12,r(f),Persian,1984,40,Male,P_1984_M_12,34.53367124,0.028775925,0.052221623,45.01537716,0.062022779,0.668644109,56.09470779,10.855997276,5.308217019,5.547780257,0.093095455,0.065057007,6.431457775,4.462076525,3.506763667,3.007348436,4.384915771,3.932224538,5.433677555,7.623212032,3.534989265,4.03607993,5.218822363,3.81457193,3.461585834,2.659318244,5.463183616,4.55929196
P_1984_M_12_ri.Table,/data/fburkhardt/papers/ICPHS-2027/data/persian/P_1984_M_12/P_1984_M_12_r(i).wav,P12,r(i),Persian,1984,40,Male,P_1984_M_12,35.40220363,0.031524438,0.048746996,44.85375811,0.055326019,0.729772192,53.27722463,10.189710877,4.887747494,5.301963383,0.091496875,0.072430508,6.31594096,4.471089623,3.691263325,3.153185367,4.628153424,4.138371623,5.412664914,7.439258767,4.05863799,4.374897899,5.197107199,3.834385393,4.116892964,3.170278595,5.848881606,5.183034308
P_1984_M_12_sc.Table,/data/fburkhardt/papers/ICPHS-2027/data/persian/P_1984_M_12/P_1984_M_12_con.wav,P12,con,Persian,1984,40,Male,P_1984_M_12,28.60581663,0.070333996,0.057205513,54.68237895,0.059511482,0.808822505,63.78463252,7.681564246000001,3.738087414,3.943476832,0.089685417,0.076525275,4.562170801,3.555430448,2.638067473,2.209645858,2.961752291,2.562396736,4.343230743,5.45040152,4.03430855,4.190241232,4.517782724,3.315679401,3.341061706,2.554273737,5.649064863,5.233436336
P_1984_M_12_sp.Table,/data/fburkhardt/papers/ICPHS-2027/data/persian/P_1984_M_12/P_1984_M_12_pic.wav,P12,pic,Persian,1984,40,Male,P_1984_M_12,28.37858509,0.087164853,0.077540484,57.08271927,0.08263109,0.762300976,68.81867287,6.455066921,3.151051625,3.304015296,0.112673611,0.09006068,4.371223399,2.652130612,2.016228606,1.670357235,2.784959389,2.432319383,3.259836238,5.262429709,4.063291237,4.289386182,4.526807747,3.244972302,3.017124506,2.268742284,5.931933038,5.399982641
P_1984_M_12_st.Table,/data/fburkhardt/papers/ICPHS-2027/data/persian/P_1984_M_12/P_1984_M_12_str.wav,P12,str,Persian,1984,40,Male,P_1984_M_12,30.56831816,0.067996247,0.0601306,55.10252406,0.063209431,0.808812558,63.51111544,7.746023321,3.754139782,3.991883539,0.094677285,0.081425626,4.124635878,3.283113292,2.452262054,2.049541734,2.883180302,2.495195241,4.049387599,4.985143465,3.872107708,4.247008575,5.006293719,3.667338241,3.659983044,2.790467086,5.72964462,5.019070134
P_1985_F_13_mf.Table,/data/fburkhardt/papers/ICPHS-2027/data/persian/P_1985_F_13/P_1985_F_13_m(f).wav,P13,m(f),Persian,1985,39,Female,P_1985_F_13,30.32686084,0.05049001,0.057275499,55.0957131,0.061947368,0.716985463,67.04782989,9.546925567,4.595469256,4.951456311,0.085424837,0.065992958,2.719493476,1.958467054,1.437886287,1.249681885,1.849457024,1.672994226,2.241899008,3.053668983,2.913401137,3.736858081,5.155627805,3.592953155,2.751044893,2.021105904,5.262013544,3.937157792
P_1985_F_13_mi.Table,/data/fburkhardt/papers/ICPHS-2027/data/persian/P_1985_F_13/P_1985_F_13_m(i).wav,P13,m(i),Persian,1985,39,Female,P_1985_F_13,40.24429967,0.06241088,0.047047004,62.54840767,0.056842105,0.950140989,57.88916192,10.152008686,4.940282302,5.211726384,0.081270833,0.081461538,2.922210591,1.830004739,1.306667217,1.153261201,1.86821699,1.709918749,2.082578115,3.264305232,2.860885698,3.135543936,4.591836316,3.237893521,3.048885153,2.262497028,4.400121035,3.850959357
P_1985_F_13_rf.Table,/data/fburkhardt/papers/ICPHS-2027/data/persian/P_1985_F_13/P_1985_F_13_r(f).wav,P13,r(f),Persian,1985,39,Female,P_1985_F_13,32.82229756,0.027901718,0.049451099,48.36938033,0.057823529,0.621873579,57.48493457,12.030842159,5.895412679,6.13542948,0.08602445,0.0556743,3.063853064,1.800976593,1.635978732,1.432575341,2.118261631,1.936091523,2.062181822,3.439409254,2.882245871,3.594283731,5.491439072,3.79206509,3.291089151,2.396875689,5.145374267,3.930536722
P_1985_F_13_ri.Table,/data/fburkhardt/papers/ICPHS-2027/data/persian/P_1985_F_13/P_1985_F_13_r(i).wav,P13,r(i),Persian,1985,39,Female,P_1985_F_13,33.99240105,0.039178998,0.050666405,50.34382641,0.055135048,0.701747706,60.1908324,11.177099857,5.422553396,5.754546461,0.084176282,0.062687075,3.600430489,2.662202977,2.123389076,1.884350032,2.722332484,2.486555329,3.030699738,4.026308738,4.027829779,4.45136188,5.584167989,3.882004782,4.163977528,3.040085603,6.274753501,5.423847266
P_1985_F_13_sc.Table,/data/fburkhardt/papers/ICPHS-2027/data/persian/P_1985_F_13/P_1985_F_13_con.wav,P13,con,Persian,1985,39,Female,P_1985_F_13,33.60742146,0.069462032,0.048143654,58.79564118,0.053534137,0.852530753,58.52051103,9.276829011,4.485078489,4.791750522,0.082268,0.074931624,3.208915699,2.954462047,2.173543017,1.951157425,2.076639888,1.928068729,3.290383838,3.504360532,4.021794558,4.109047388,4.969555043,3.525407529,4.019106652,3.0093796,5.704580473,5.338506256
P_1985_F_13_sp.Table,/data/fburkhardt/papers/ICPHS-2027/data/persian/P_1985_F_13/P_1985_F_13_pic.wav,P13,pic,Persian,1985,39,Female,P_1985_F_13,31.63732929,0.062011967,0.050954721,53.79292737,0.057206452,0.797925676,60.64877451,9.226100152,4.506828528,4.719271624,0.084016077,0.070198653,3.098353466,2.661906421,1.683830195,1.497889121,1.811977012,1.669552889,3.000305015,3.424695865,4.303730944,4.81572602,5.797193996,3.86678505,3.851585705,2.679102447,7.009532305,5.984037792
P_1985_F_13_st.Table,/data/fburkhardt/papers/ICPHS-2027/data/persian/P_1985_F_13/P_1985_F_13_str.wav,P13,str,Persian,1985,39,Female,P_1985_F_13,31.80836073,0.042174013,0.04836485,51.45200683,0.055288591,0.732801299,58.61613089,10.251291686,4.990605918,5.260685768,0.082511161,0.063736471,3.832794952,3.01286795,2.094834091,1.854669573,2.563985236,2.359542807,3.384578608,4.222246646,4.097412924,4.319156195,5.017459602,3.545838799,3.709203387,2.741794661,6.034170657,5.484921482
P_1985_F_16_mf.Table,/data/fburkhardt/papers/ICPHS-2027/data/persian/P_1985_F_16/P_1985_F_16_m(f).wav,P16,m(f),Persian,1985,39,Female,P_1985_F_16,35.78576779,0.079302865,0.059009401,56.38794439,0.061116667,1.071550332,63.79537757,7.056179775,3.445692884,3.610486891,0.092497925,0.103856522,3.771430198,4.227241362,3.480102704,3.128474433,2.782391831,2.556246959,4.578483536,3.986342086,3.094855602,3.236297005,4.373251444,3.102008458,3.684031939,2.725267487,4.534049587,4.157616345
P_1985_F_16_mi.Table,/data/fburkhardt/papers/ICPHS-2027/data/persian/P_1985_F_16/P_1985_F_16_m(i).wav,P16,m(i),Persian,1985,39,Female,P_1985_F_16,36.15454737,0.076234713,0.054461316,59.94729558,0.057472222,0.967778264,61.67489318,8.157445714,3.926793352,4.230652362,0.088303867,0.092071429,3.106217469,3.972078771,3.067105158,2.747319566,1.981638299,1.814910251,4.320829774,3.299997742,3.507726301,4.052225365,5.659343058,4.005949571,4.168317542,3.077191685,5.633611643,4.667362826
P_1985_F_16_rf.Table,/data/fburkhardt/papers/ICPHS-2027/data/persian/P_1985_F_16/P_1985_F_16_r(f).wav,P16,r(f),Persian,1985,39,Female,P_1985_F_16,38.26923077,0.035667261,0.049405185,51.2493725,0.055005291,0.7886237,55.79263214,10.627530365,5.147484095,5.48004627,0.088551451,0.074345506,3.033478513,3.460346212,2.562147102,2.368414817,1.916978279,1.8199237,3.693228356,3.172289124,3.908088948,4.146376481,5.651151086,3.990227078,4.586173548,3.397106885,5.792615406,5.20241843
P_1985_F_16_ri.Table,/data/fburkhardt/papers/ICPHS-2027/data/persian/P_1985_F_16/P_1985_F_16_r(i).wav,P16,r(i),Persian,1985,39,Female,P_1985_F_16,40.75633005,0.038426806,0.045662952,43.87305947,0.048753846,0.960551202,57.45984653,10.154279537,4.815093845,5.339185692,0.079469325,0.084642857,3.945043927,3.925271571,3.178107418,2.936340077,2.890579391,2.760820108,4.165622616,4.095541028,5.292047345,5.295322518,6.023594739,4.285788,5.376795944,4.019591363,7.257761297,6.908042185
P_1985_F_16_sc.Table,/data/fburkhardt/papers/ICPHS-2027/data/persian/P_1985_F_16/P_1985_F_16_con.wav,P16,con,Persian,1985,39,Female,P_1985_F_16,34.65337535,0.080089867,0.047511028,62.82478276,0.052163188,1.009599894,55.36120437,7.733911041000001,3.734395831,3.99951521,0.085820076,0.092795132,3.31833112,3.568530968,2.892028961,2.659623247,2.175862891,2.087047815,3.819784297,3.465860347,4.13302875,4.364959987,5.783113917,4.084825262,4.522685854,3.348692842,6.086803494,5.508092502
P_1985_F_16_sp.Table,/data/fburkhardt/papers/ICPHS-2027/data/persian/P_1985_F_16/P_1985_F_16_pic.wav,P16,pic,Persian,1985,39,Female,P_1985_F_16,33.40190019,0.101236682,0.059929914,66.92467452,0.058492582,1.108522623,62.0103811,6.087999262,2.970205701,3.117793561,0.09664497,0.112456522,2.971642299,3.573810144,3.017433928,2.73338311,1.983502811,1.848690922,3.84978167,3.131810216,3.176642782,3.607432532,4.928131417,3.5240004,3.747951009,2.80392271,4.99089287,4.211356728
P_1985_F_16_st.Table,/data/fburkhardt/papers/ICPHS-2027/data/persian/P_1985_F_16/P_1985_F_16_str.wav,P16,str,Persian,1985,39,Female,P_1985_F_16,34.25757982,0.069203246,0.051790933,62.1498227,0.054538755,0.928810452,59.37737193,8.124496915,3.895894822,4.228602093,0.08722335,0.087932507,2.964166299,3.331256411,2.811907482,2.561875533,1.969395437,1.855564613,3.58286407,3.118236342,3.374678448,3.765684772,5.102949482,3.604926785,3.870521308,2.860852944,5.267050462,4.516724415
P_1985_M_23_mf.Table,/data/fburkhardt/papers/ICPHS-2027/data/persian/P_1985_M_23/P_1985_M_23_m(f).wav,P23,m(f),Persian,1985,39,Male,P_1985_M_23,29.69482814,0.051058728,0.046098451,50.05566584,0.051149254,0.799170053,53.60284974,8.33601028,4.01541921,4.32059107,0.086,0.073952,2.940993878,2.120798391,1.774948836,1.477656812,2.269947143,1.94418228,2.563104505,3.500043038,3.265348098,3.60134139,4.609111824,3.093918468,3.063583922,2.153192961,5.340513372,4.639531931
P_1985_M_23_mi.Table,/data/fburkhardt/papers/ICPHS-2027/data/persian/P_1985_M_23/P_1985_M_23_m(i).wav,P23,m(i),Persian,1985,39,Male,P_1985_M_23,33.08886302,0.049273947,0.042998346,58.21826516,0.047819672,0.906549011,56.2279035,9.351959643,4.578967792,4.772991851,0.076471545,0.072262712,3.127138363,2.016035563,1.843545676,1.543431551,2.306522034,2.012312534,2.421286734,3.698757563,3.241370343,3.388589972,4.243778614,2.915188112,3.230412013,2.307004952,4.910223167,4.520091212
P_1985_M_23_rf.Table,/data/fburkhardt/papers/ICPHS-2027/data/persian/P_1985_M_23/P_1985_M_23_r(f).wav,P23,r(f),Persian,1985,39,Male,P_1985_M_23,31.02693422,0.031848967,0.042980673,43.92843792,0.04896368,0.81184894,49.96209108,8.648996674,4.206459921,4.442536753,0.08602657,0.073760204,3.497217998,2.661753619,2.580712625,2.200969995,2.807778863,2.456870949,3.13993052,4.057481324,3.101000604,3.311852652,4.720342978,3.294975586,3.442059253,2.538696449,4.709483925,4.199374
P_1985_M_23_ri.Table,/data/fburkhardt/papers/ICPHS-2027/data/persian/P_1985_M_23/P_1985_M_23_r(i).wav,P23,r(i),Persian,1985,39,Male,P_1985_M_23,27.73817075,0.031348691,0.042559757,41.47243943,0.048110769,0.832895288,52.84912479,7.915768109,3.780286693,4.135481416,0.080530675,0.073375839,2.926702094,2.669370144,2.63161189,2.236935804,2.696618502,2.333230011,3.144751497,3.394582306,3.519313436,3.740719976,4.407763503,3.109300416,3.793131159,2.808484399,5.251975073,4.722084378
P_1985_M_23_sc.Table,/data/fburkhardt/papers/ICPHS-2027/data/persian/P_1985_M_23/P_1985_M_23_con.wav,P23,con,Persian,1985,39,Male,P_1985_M_23,29.8168951,0.056357055,0.045145234,46.88623229,0.047674667,0.882774289,53.56286614,7.833649521,3.826231535,4.007417986,0.084284574,0.077927577,3.753729416,3.20874651,2.524038531,2.178145514,2.788597681,2.47258384,3.733815868,4.285496589,4.501010449,4.496435623,4.774571791,3.412454499,3.790843652,2.834018798,6.22091036,5.967991708
P_1985_M_23_sp.Table,/data/fburkhardt/papers/ICPHS-2027/data/persian/P_1985_M_23/P_1985_M_23_pic.wav,P23,pic,Persian,1985,39,Male,P_1985_M_23,34.48772679,0.054264864,0.037844805,50.04680878,0.04370318,0.846311654,46.91368262,9.960868019,4.909284952,5.051583067,0.080669014,0.07025,3.733635803,3.054597194,2.408167584,2.043089885,2.597919774,2.282969336,3.596769739,4.323027768,3.765300752,3.879954053,4.486653234,3.206866478,3.563093907,2.658615986,5.363314557,5.000471184
P_1985_M_23_st.Table,/data/fburkhardt/papers/ICPHS-2027/data/persian/P_1985_M_23/P_1985_M_23_str.wav,P23,str,Persian,1985,39,Male,P_1985_M_23,31.48518842,0.060302715,0.04484937,52.34314204,0.05,0.86961039,47.76166656,7.523342513,3.667629475,3.855713038,0.093902439,0.085846154,3.024453033,2.541864706,1.738120712,1.473640509,2.148902147,1.859429857,3.049787449,3.566925555,3.077282057,3.421206902,3.984610917,2.715328853,2.827893691,2.018733793,4.982374369,4.295947643
P_1988_M_09_mf.Table,/data/fburkhardt/papers/ICPHS-2027/data/persian/P_1988_M_09/P_1988_M_09_m(f).wav,P09,m(f),Persian,1988,36,Male,P_1988_M_09,28.45659164,0.049406626,0.060375628,56.62508096,0.065146718,0.704079245,61.21856047,7.754870437000001,3.656768174,4.098102263,0.098623077,0.077818966,4.119753212,2.076419859,1.676467212,1.395715257,3.435415441,3.008509526,2.520965983,4.839432251,3.144471546,3.695447268,5.849058786,2.948171171,3.050122621,1.630644158,7.1762064,5.780458456
P_1988_M_09_mi.Table,/data/fburkhardt/papers/ICPHS-2027/data/persian/P_1988_M_09/P_1988_M_09_m(i).wav,P09,m(i),Persian,1988,36,Male,P_1988_M_09,35.96268463,0.069372111,0.060104701,57.51644382,0.061006289,0.897265145,62.1759372,7.955428868,3.809277015,4.146151853,0.09666875,0.094408163,3.701136466,2.443668885,2.228529322,1.870472092,3.103097759,2.737050883,2.917085015,4.295273211,3.326226124,3.587411886,5.879443039,3.141264853,3.477643896,1.945152627,6.651306867,5.856578278
P_1988_M_09_rf.Table,/data/fburkhardt/papers/ICPHS-2027/data/persian/P_1988_M_09/P_1988_M_09_r(f).wav,P09,r(f),Persian,1988,36,Male,P_1988_M_09,36.83431953,0.035103262,0.054890602,49.11213047,0.061688034,0.785135135,57.98128868,9.551986475,4.596365173,4.955621302,0.09466951,0.080137931,3.39668685,2.111476172,1.80280406,1.505061234,2.832865076,2.461126503,2.545601175,3.990595393,2.705693258,3.251162463,5.987250224,3.150427412,3.7026943,2.090702814,6.083383204,4.748813642
P_1988_M_09_ri.Table,/data/fburkhardt/papers/ICPHS-2027/data/persian/P_1988_M_09/P_1988_M_09_r(i).wav,P09,r(i),Persian,1988,36,Male,P_1988_M_09,36.09587968,0.032928104,0.052475272,42.82590656,0.058181818,0.828478964,62.4570844,9.775967413,4.590318032,5.185649381,0.084018127,0.078634812,3.591839093,2.636272518,2.436623715,2.049294564,3.291609754,2.857776158,3.173844072,4.205893387,2.918031565,3.318993835,5.107694668,2.706956618,3.714630424,2.088222945,6.136383821,5.104850475
P_1988_M_09_sc.Table,/data/fburkhardt/papers/ICPHS-2027/data/persian/P_1988_M_09/P_1988_M_09_con.wav,P09,con,Persian,1988,36,Male,P_1988_M_09,28.52681602,0.071306685,0.060322715,54.80147535,0.060326531,0.913627222,64.59517827,6.466395112000001,3.122878479,3.343516633,0.093385787,0.091347826,3.124286461,2.665921527,2.103789242,1.779787027,2.479189999,2.13672341,3.177757437,3.640427098,4.131444507,4.233887682,6.179840293,3.07702808,4.466072674,2.324580912,8.151142273,7.545238801
P_1988_M_09_sp.Table,/data/fburkhardt/papers/ICPHS-2027/data/persian/P_1988_M_09/P_1988_M_09_pic.wav,P09,pic,Persian,1988,36,Male,P_1988_M_09,30.67088905,0.062156965,0.0541338,58.41413307,0.058391437,0.917672656,62.31010065,7.43607788,3.589021816,3.847056064,0.086878049,0.085457516,3.229116077,2.046587372,1.650372518,1.365544416,2.905795451,2.482183652,2.494367062,3.838184018,2.795652126,3.350692104,5.917861103,2.989588476,3.422109806,1.834802329,6.511296433,5.161118901
P_1988_M_09_st.Table,/data/fburkhardt/papers/ICPHS-2027/data/persian/P_1988_M_09/P_1988_M_09_str.wav,P09,str,Persian,1988,36,Male,P_1988_M_09,28.75714076,0.062641936,0.053683895,56.76636753,0.059253104,0.818199815,58.6177418,7.298227625,3.460524388,3.837703237,0.091583015,0.083100529,3.209579769,2.249841442,1.78178346,1.496807387,2.759494193,2.389446371,2.70161363,3.753322866,3.140476813,3.53968163,6.259736898,3.192010245,3.867212558,2.098448621,6.798919946,5.710503438
P_1989_M_27_mf.Table,/data/fburkhardt/papers/ICPHS-2027/data/persian/P_1989_M_27/P_1989_M_27_m(f).wav,P27,m(f),Persian,1989,35,Male,P_1989_M_27,32.06865527,0.072299772,0.047397784,54.82492906,0.053561873,0.883027785,54.19573612,8.000553671999999,3.848017164,4.152536508,0.087456667,0.083338129,3.194725324,1.96399614,1.802959122,1.491338035,2.66928669,2.287790591,2.3955547,3.808244671,2.806782039,3.354129852,4.445173676,3.321098596,3.087591136,2.401861541,4.438036619,3.57693157
P_1989_M_27_mi.Table,/data/fburkhardt/papers/ICPHS-2027/data/persian/P_1989_M_27/P_1989_M_27_m(i).wav,P27,m(i),Persian,1989,35,Male,P_1989_M_27,32.89059174,0.073650669,0.046319371,58.96685462,0.046824742,1.056836058,61.77605711,8.024691358,3.873988931,4.150702427,0.074979487,0.084901099,3.783409173,2.061991534,1.560050382,1.298391874,2.451373062,2.131670539,2.487055635,4.46884018,2.747561942,3.273736183,4.31925114,3.229531099,2.92591562,2.278248658,4.312011655,3.488596341
P_1989_M_27_rf.Table,/data/fburkhardt/papers/ICPHS-2027/data/persian/P_1989_M_27/P_1989_M_27_r(f).wav,P27,r(f),Persian,1989,35,Male,P_1989_M_27,36.7133369,0.036453671,0.046382848,47.13473651,0.054527845,0.832844922,56.84071634,10.504064616,5.101974242,5.402090374,0.081601449,0.071959079,2.974689464,2.314238554,2.234714249,1.862969297,2.553782009,2.175801447,2.802153544,3.532832692,2.52763552,3.039173156,3.96525857,2.977320035,2.688490641,2.117475083,4.008378526,3.194652257
P_1989_M_27_ri.Table,/data/fburkhardt/papers/ICPHS-2027/data/persian/P_1989_M_27/P_1989_M_27_r(i).wav,P27,r(i),Persian,1989,35,Male,P_1989_M_27,35.00597372,0.040514062,0.043209693,45.21535042,0.049371875,0.870340116,51.50123018,9.229390681,4.435483871,4.79390681,0.083900312,0.078922559,4.193622042,2.833427181,2.456505291,2.080156745,3.393158471,2.993529561,3.411504445,4.939155079,3.519947154,3.845708896,4.314397777,3.21563451,3.48710252,2.709615621,5.076834823,4.4499612
P_1989_M_27_sc.Table,/data/fburkhardt/papers/ICPHS-2027/data/persian/P_1989_M_27/P_1989_M_27_con.wav,P27,con,Persian,1989,35,Male,P_1989_M_27,33.19629057,0.091061391,0.048973342,54.33033632,0.050252874,1.049909566,62.72188247,7.913446677,3.863987635,4.049459042,0.078080153,0.085912,3.864613968,2.058870429,1.595731724,1.323799022,2.42924834,2.112502721,2.510057133,4.608279311,3.119639301,3.55136112,4.037217469,3.005169007,2.747615572,2.129106039,4.709399137,3.988797664
P_1989_M_27_sp.Table,/data/fburkhardt/papers/ICPHS-2027/data/persian/P_1989_M_27/P_1989_M_27_pic.wav,P27,pic,Persian,1989,35,Male,P_1989_M_27,32.6566594,0.08846363,0.05795438,59.31866687,0.063672474,1.011183986,63.27808908,6.868770968,3.342556995,3.526213973,0.091586806,0.097699634,4.824816733,2.233954311,1.845057529,1.543203552,3.402192714,3.043635588,2.711476148,5.712509636,3.170085574,3.777326447,4.357834859,3.216808475,2.884380825,2.213611422,4.989287423,4.036590813
P_1989_M_27_st.Table,/data/fburkhardt/papers/ICPHS-2027/data/persian/P_1989_M_27/P_1989_M_27_str.wav,P27,str,Persian,1989,35,Male,P_1989_M_27,28.99499389,0.074955558,0.048609146,54.0769896,0.055366743,0.938703429,60.92065753,7.495974872,3.62481414,3.871160732,0.079790909,0.079990291,3.434582073,2.522111794,1.778987548,1.490530153,2.476510057,2.134122084,3.075353883,4.106904461,3.617224964,3.887971982,4.069466646,2.986129261,3.157768307,2.413613952,5.188808699,4.649111082
P_1990_M_18_mf.Table,/data/fburkhardt/papers/ICPHS-2027/data/persian/P_1990_M_18/P_1990_M_18_m(f).wav,P18,m(f),Persian,1990,34,Male,P_1990_M_18,25.69407087,0.062810905,0.064630031,54.67824125,0.069877256,0.766154061,62.6535159,6.1864109460000005,2.935329201,3.251081745,0.103154676,0.087533865,4.53314053,3.021897372,1.915659945,1.582152227,3.011316539,2.597570159,3.825215277,5.620208439,3.053359853,3.522719608,4.076271751,2.88565691,2.830413019,2.103171253,4.926546637,4.08423842
P_1990_M_18_mi.Table,/data/fburkhardt/papers/ICPHS-2027/data/persian/P_1990_M_18/P_1990_M_18_m(i).wav,P18,m(i),Persian,1990,34,Male,P_1990_M_18,27.89569436,0.051576959,0.054284363,57.30770031,0.060764228,0.754098361,55.17427022,7.307459066,3.547604609,3.759854457,0.098387097,0.078632479,5.256519951,3.472041572,2.194275754,1.832981863,3.176154688,2.736618609,4.357463593,6.451448841,3.032600212,3.164220912,3.806594592,2.803152579,2.673779911,2.061457405,4.275400315,3.921947047
P_1990_M_18_rf.Table,/data/fburkhardt/papers/ICPHS-2027/data/persian/P_1990_M_18/P_1990_M_18_r(f).wav,P18,r(f),Persian,1990,34,Male,P_1990_M_18,32.61463225,0.038890849,0.053264961,47.71654829,0.05916307,0.706482192,55.10668434,9.255133171,4.479027411,4.77610576,0.096657895,0.072816327,7.34111323,4.206579068,3.501347756,2.929045467,4.96951791,4.422174599,5.29095366,8.930181907,2.820610076,3.218330141,4.636780246,3.435730057,3.29350547,2.568160591,4.304945799,3.5957889
P_1990_M_18_ri.Table,/data/fburkhardt/papers/ICPHS-2027/data/persian/P_1990_M_18/P_1990_M_18_r(i).wav,P18,r(i),Persian,1990,34,Male,P_1990_M_18,32.25053961,0.047683663,0.045654901,49.46609194,0.049485981,0.818036522,49.99108401,8.271775415,3.954900725,4.31687469,0.091326087,0.081545763,6.278986747,2.653238229,2.48594823,2.025982013,3.918432585,3.478408763,3.321625862,7.639257921,3.536955265,3.700522722,4.506913119,3.316236818,3.874423409,2.986191896,4.945785644,4.509793637
P_1990_M_18_sc.Table,/data/fburkhardt/papers/ICPHS-2027/data/persian/P_1990_M_18/P_1990_M_18_con.wav,P18,con,Persian,1990,34,Male,P_1990_M_18,28.08037456,0.076535614,0.051087986,53.74560409,0.056177378,0.815917014,56.47001288,7.354662504,3.550526726,3.804135778,0.090469231,0.079087912,4.2411709,2.705834048,2.088691935,1.686326708,3.046053391,2.585593086,3.418079868,5.247036634,3.130082822,3.484696521,4.475769215,3.229677505,3.413782672,2.587870036,4.788037026,4.108101196
P_1990_M_18_sp.Table,/data/fburkhardt/papers/ICPHS-2027/data/persian/P_1990_M_18/P_1990_M_18_pic.wav,P18,pic,Persian,1990,34,Male,P_1990_M_18,25.47542921,0.072286582,0.058072635,59.33385281,0.064911392,0.904722185,61.87747443,5.826375525,2.826057309,3.000318216,0.09385101,0.090144772,5.981222168,4.286502619,2.833613421,2.373413941,3.748895162,3.270893148,5.426651036,7.408265551,3.393927996,3.621146204,4.329781895,3.053378544,2.892899045,2.140569856,5.067238778,4.5503774
P_1990_M_18_st.Table,/data/fburkhardt/papers/ICPHS-2027/data/persian/P_1990_M_18/P_1990_M_18_str.wav,P18,str,Persian,1990,34,Male,P_1990_M_18,26.5710409,0.074687342,0.060924699,60.67039074,0.065748892,0.781316348,58.85941105,6.328745881,3.043225431,3.28552045,0.10350885,0.087312102,4.008577661,2.336953676,1.806553299,1.461809463,2.816877251,2.38261301,2.958096917,4.968804884,3.482971495,3.796144717,4.681364762,3.344075748,3.313387854,2.485137908,5.235646681,4.581421115
P_1991_F_11_mf.Table,/data/fburkhardt/papers/ICPHS-2027/data/persian/P_1991_F_11/P_1991_F_11_m(f).wav,P11,m(f),Persian,1991,33,Female,P_1991_F_11,33.8439524,0.089398539,0.060388722,57.26031766,0.062974874,1.120257267,60.21710341,5.904503691,2.892001808,3.012501883,0.100285,0.117026042,3.168039337,3.736413678,2.845985332,2.602737078,2.245786978,2.103178161,3.993327094,3.312747675,2.922458277,3.137614824,3.315651822,2.417464229,2.663842415,2.036835225,4.271210335,3.816046795
P_1991_F_11_mi.Table,/data/fburkhardt/papers/ICPHS-2027/data/persian/P_1991_F_11/P_1991_F_11_m(i).wav,P11,m(i),Persian,1991,33,Female,P_1991_F_11,43.90335908,0.106092416,0.049646894,60.82608941,0.055276382,1.322564935,53.73040461,6.987605533,3.395006287,3.592599246,0.0924,0.12931746,3.419611655,3.747230731,2.779471766,2.591747583,2.268923045,2.20791268,3.98671308,3.553711464,2.853782768,3.05687741,3.878144275,2.800175345,3.096594832,2.34189066,4.199033871,3.766441283
P_1991_F_11_rf.Table,/data/fburkhardt/papers/ICPHS-2027/data/persian/P_1991_F_11/P_1991_F_11_r(f).wav,P11,r(f),Persian,1991,33,Female,P_1991_F_11,40.32991226,0.04463795,0.05070543,51.20297731,0.051836245,0.858095038,54.23988569,9.7374503,4.709902845,5.027547455,0.09348366,0.085627907,3.610104045,3.700274111,2.994314007,2.770850235,2.574650587,2.445852813,3.94653472,3.763558319,2.825927323,3.152898501,4.305079009,3.139533452,3.246040371,2.489905032,4.294953161,3.673134833
P_1991_F_11_ri.Table,/data/fburkhardt/papers/ICPHS-2027/data/persian/P_1991_F_11/P_1991_F_11_r(i).wav,P11,r(i),Persian,1991,33,Female,P_1991_F_11,42.86956522,0.042960211,0.043696289,45.35287204,0.04792381,0.930051047,51.07652349,10.434782609,5.046888321,5.387894288,0.085550633,0.084942568,4.251668435,4.351709379,3.573984678,3.288771892,3.348718265,3.204951942,4.654257522,4.427743267,3.156755927,3.468023535,4.198494935,3.092975861,3.365014885,2.608596632,4.644638663,4.032361443
P_1991_F_11_sc.Table,/data/fburkhardt/papers/ICPHS-2027/data/persian/P_1991_F_11/P_1991_F_11_con.wav,P11,con,Persian,1991,33,Female,P_1991_F_11,37.57567225,0.070555435,0.048800722,55.39413714,0.048154412,1.033334624,51.57999558,7.475714486999999,3.632268056,3.843446431,0.094611722,0.103449612,3.152942508,2.880546763,1.913843632,1.775468379,2.088315442,1.995207973,3.055633364,3.284706218,2.863425795,2.907282988,3.99607026,2.958071834,3.184762447,2.473973123,3.89027577,3.668760363
P_1991_F_11_sp.Table,/data/fburkhardt/papers/ICPHS-2027/data/persian/P_1991_F_11/P_1991_F_11_pic.wav,P11,pic,Persian,1991,33,Female,P_1991_F_11,35.65405405,0.080431318,0.053367033,62.29409941,0.052371795,1.107826671,56.28904353,6.551351352,3.156756757,3.394594595,0.094808917,0.112945205,2.596421305,2.455887974,1.336711751,1.234153061,1.473876073,1.39816517,2.633670696,2.736463785,3.259705719,3.240575687,3.814404801,2.737430147,2.988399118,2.23787976,4.469466278,4.318834267
P_1991_F_11_st.Table,/data/fburkhardt/papers/ICPHS-2027/data/persian/P_1991_F_11/P_1991_F_11_str.wav,P11,str,Persian,1991,33,Female,P_1991_F_11,35.21973599,0.085606794,0.045175152,56.25950465,0.05104328,1.093132479,49.65666617,6.785254347,3.243721829,3.541532518,0.090975,0.108578164,2.751449309,3.031037789,2.232887088,2.032601001,1.863661837,1.756049416,3.258177271,2.897079631,2.421023182,2.831214196,3.686619408,2.691658719,2.563648261,1.960816344,3.846608807,3.164151034
P_1991_M_10_mf.Table,/data/fburkhardt/papers/ICPHS-2027/data/persian/P_1991_M_10/P_1991_M_10_m(f).wav,P10,m(f),Persian,1991,33,Male,P_1991_M_10,31.91740413,0.054667851,0.067427977,50.89382006,0.063018868,0.692923471,69.090466,9.174041298,4.454277286,4.719764012,0.09759375,0.071655629,3.818490829,2.728326916,1.750290138,1.411220536,2.855849106,2.385500745,3.413978537,4.657695647,3.075852361,3.63015057,4.746944185,3.429910676,3.271242119,2.476389009,4.937053142,3.997103193
P_1991_M_10_mi.Table,/data/fburkhardt/papers/ICPHS-2027/data/persian/P_1991_M_10/P_1991_M_10_m(i).wav,P10,m(i),Persian,1991,33,Male,P_1991_M_10,37.66315789,0.060923491,0.049974393,48.19957912,0.055982143,0.949071618,59.9162483,9.347368421,4.589473684,4.757894737,0.08340708,0.08206422,3.599398963,3.275916261,1.917077788,1.559409915,2.517072616,2.081133181,4.069467048,4.377686453,2.979267974,3.248257798,3.871562787,2.822554302,2.602168247,1.978880414,4.429022195,3.918281281
P_1991_M_10_rf.Table,/data/fburkhardt/papers/ICPHS-2027/data/persian/P_1991_M_10/P_1991_M_10_r(f).wav,P10,r(f),Persian,1991,33,Male,P_1991_M_10,34.37734479,0.036591817,0.046022414,51.46431973,0.052914286,0.748195754,51.03365172,9.887450078,4.792448263,5.095001815,0.090180523,0.071732323,3.206188809,2.447502178,1.99323422,1.597291025,2.722028747,2.239040872,3.085899576,3.940909861,2.632877167,3.205925954,4.502935596,3.245267771,2.790403453,2.110878628,4.402266467,3.459571016
P_1991_M_10_ri.Table,/data/fburkhardt/papers/ICPHS-2027/data/persian/P_1991_M_10/P_1991_M_10_r(i).wav,P10,r(i),Persian,1991,33,Male,P_1991_M_10,34.31907795,0.038501946,0.045617418,45.76915917,0.048715596,0.803593622,53.13203756,9.417652411,4.443433424,4.974218987,0.085856707,0.077235495,3.809916187,2.749861473,2.504368685,2.023498531,3.245521535,2.728544476,3.443304805,4.653096613,2.95849803,3.230924605,3.901035062,2.837986015,3.058812452,2.325690843,4.404103479,3.856901468
P_1991_M_10_sc.Table,/data/fburkhardt/papers/ICPHS-2027/data/persian/P_1991_M_10/P_1991_M_10_con.wav,P10,con,Persian,1991,33,Male,P_1991_M_10,33.26136798,0.057873883,0.080545775,54.94330558,0.072545455,0.699746774,82.2325128,9.41918227,4.566297287,4.852884983,0.097948819,0.072841004,3.472858708,2.975988574,2.064316651,1.687060928,2.429842503,2.031791255,3.686318735,4.208167093,3.642090468,3.970208262,4.555121214,3.247940174,3.245182929,2.413765116,5.467055409,4.808531487
P_1991_M_10_sp.Table,/data/fburkhardt/papers/ICPHS-2027/data/persian/P_1991_M_10/P_1991_M_10_pic.wav,P10,pic,Persian,1991,33,Male,P_1991_M_10,32.55533086,0.076157032,0.066988237,56.69015862,0.063823729,0.798003442,68.25651665,8.117065499,3.960229188,4.156836311,0.098141892,0.082205674,3.568538021,2.885463707,1.761188479,1.421565594,2.699279264,2.260920542,3.592770697,4.328377294,3.667478722,4.028993685,4.597835812,3.266390035,3.100878254,2.298898616,5.600951423,4.875472657
P_1991_M_10_st.Table,/data/fburkhardt/papers/ICPHS-2027/data/persian/P_1991_M_10/P_1991_M_10_str.wav,P10,str,Persian,1991,33,Male,P_1991_M_10,31.43496831,0.057609751,0.052084224,53.37186984,0.054164516,0.800249031,56.72349324,8.280518049000001,4.002480022,4.278038027,0.091821256,0.078538726,3.953184334,2.963175854,1.788133915,1.455621196,2.683208828,2.268151288,3.672836499,4.780409843,2.966094567,3.307514495,3.93033158,2.879670257,2.906101845,2.23412921,4.470249036,3.839221016
P_1992_F_19_mf.Table,/data/fburkhardt/papers/ICPHS-2027/data/persian/P_1992_F_19/P_1992_F_19_m(f).wav,P19,m(f),Persian,1992,32,Female,P_1992_F_19,38.82315823,0.07598667,0.042858247,58.48936304,0.046820809,1.061726347,49.35390387,8.191051731,3.980244397,4.210807334,0.086838617,0.097539634,4.187805424,3.672077444,2.328084669,2.168245533,2.42992467,2.329278878,3.921893597,4.397573711,3.239245286,3.28474032,5.000979693,3.079458777,4.140021705,2.68673822,5.284367876,4.9546028
P_1992_F_19_mi.Table,/data/fburkhardt/papers/ICPHS-2027/data/persian/P_1992_F_19/P_1992_F_19_m(i).wav,P19,m(i),Persian,1992,32,Female,P_1992_F_19,42.30306158,0.063292835,0.045360849,57.22949815,0.048818182,1.045616869,55.34632987,9.717922257,4.781561748,4.936360509,0.081958188,0.088471223,4.073617212,3.783875899,2.609955575,2.440456183,2.509549644,2.398630875,4.026813754,4.261672753,3.062225095,3.018901198,4.638685825,2.831702856,4.132387293,2.660856904,4.908640138,4.732398804
P_1992_F_19_rf.Table,/data/fburkhardt/papers/ICPHS-2027/data/persian/P_1992_F_19/P_1992_F_19_r(f).wav,P19,r(f),Persian,1992,32,Female,P_1992_F_19,43.34509705,0.038669064,0.04640759,47.44492503,0.053572482,0.939309516,51.71609496,10.095790269,4.953365263,5.142425006,0.089735294,0.087506361,4.164041558,3.865227479,3.00202259,2.786101449,2.779016606,2.644151776,4.136630386,4.370441177,2.767922896,3.060243522,4.844237774,2.957990659,3.590465177,2.320273911,4.966670399,4.24762796
P_1992_F_19_ri.Table,/data/fburkhardt/papers/ICPHS-2027/data/persian/P_1992_F_19/P_1992_F_19_r(i).wav,P19,r(i),Persian,1992,32,Female,P_1992_F_19,44.43837377,0.043399558,0.045933805,43.83088298,0.050503185,1.01920171,53.32675534,9.850554395,4.788687128,5.061867267,0.086136508,0.092798658,4.751854418,4.394101025,3.657070341,3.396087158,3.558331636,3.384760738,4.71117979,4.979067849,3.263686809,3.608008182,5.24702407,3.16445868,4.138789226,2.651379137,5.85516587,5.009225113
P_1992_F_19_sc.Table,/data/fburkhardt/papers/ICPHS-2027/data/persian/P_1992_F_19/P_1992_F_19_con.wav,P19,con,Persian,1992,32,Female,P_1992_F_19,42.95618681,0.072610579,0.042484063,60.72317707,0.045922581,1.110557893,49.28570077,8.781896966,4.294655753,4.487241213,0.086199571,0.100022422,4.446143422,4.067576723,2.72911624,2.521026006,2.854449603,2.724186726,4.363639564,4.673265773,3.36635552,3.377320984,5.018465847,3.054849927,4.407727856,2.844453387,5.479949051,5.161846113
P_1992_F_19_sp.Table,/data/fburkhardt/papers/ICPHS-2027/data/persian/P_1992_F_19/P_1992_F_19_pic.wav,P19,pic,Persian,1992,32,Female,P_1992_F_19,33.33073165,0.09280164,0.053961488,62.41002575,0.055696172,1.092229782,57.82869598,6.439175161,3.168854685,3.270320476,0.093312649,0.105182266,4.597944949,4.339531783,3.263834574,2.91910686,2.990173822,2.756627509,4.741421271,4.91570824,3.150974241,3.349182447,5.405311871,3.328201541,4.368759433,2.840262386,5.386633701,4.813204431
P_1992_F_19_st.Table,/data/fburkhardt/papers/ICPHS-2027/data/persian/P_1992_F_19/P_1992_F_19_str.wav,P19,str,Persian,1992,32,Female,P_1992_F_19,42.78629163,0.066609065,0.043820178,55.09880296,0.048356546,1.063639286,50.64572946,9.104429357,4.455221468,4.649207889,0.086522949,0.096036284,4.480842166,4.542601747,3.159844165,2.877446146,2.7064957,2.531916819,4.929027205,4.762886367,3.619295996,3.650397938,5.16389337,3.134944163,4.646196521,2.988430885,5.935743724,5.575420284
P_1992_M_20_mf.Table,/data/fburkhardt/papers/ICPHS-2027/data/persian/P_1992_M_20/P_1992_M_20_m(f).wav,P20,m(f),Persian,1992,32,Male,P_1992_M_20,28.9734686,0.062680217,0.060516327,57.81835726,0.06206006,0.803373085,63.59917341,7.353441819,3.563241869,3.79019995,0.095152695,0.081312102,7.123795736,4.547287847,3.377666413,3.026193501,4.849986212,4.503364443,5.34269352,8.150771726,3.992024375,3.790426587,5.361773633,3.216574475,4.670708229,2.960828934,6.251811331,6.224775586
P_1992_M_20_mi.Table,/data/fburkhardt/papers/ICPHS-2027/data/persian/P_1992_M_20/P_1992_M_20_m(i).wav,P20,m(i),Persian,1992,32,Male,P_1992_M_20,29.99165353,0.075685888,0.052764224,60.77532586,0.058502646,0.925163062,57.35898068,6.751367894,3.227302235,3.524065659,0.091989474,0.092931034,4.814896868,2.734217631,1.874709859,1.621121867,2.810327719,2.575077169,3.205520909,5.54282853,4.288844741,4.212681465,6.412723672,3.80361768,5.405899609,3.389836784,6.936814621,6.663489833
P_1992_M_20_rf.Table,/data/fburkhardt/papers/ICPHS-2027/data/persian/P_1992_M_20/P_1992_M_20_r(f).wav,P20,r(f),Persian,1992,32,Male,P_1992_M_20,35.0586528,0.035837683,0.050262011,51.21945411,0.055870968,0.731811986,55.1925449,10.218889829,4.958277905,5.260611924,0.091066667,0.070707317,5.816776626,4.137767245,3.605588888,3.147757191,4.508928061,4.082593731,4.755674728,6.514454799,3.612653977,3.689774188,5.749705301,3.397999566,4.820233477,3.028167417,6.161250658,5.685296306
P_1992_M_20_ri.Table,/data/fburkhardt/papers/ICPHS-2027/data/persian/P_1992_M_20/P_1992_M_20_r(i).wav,P20,r(i),Persian,1992,32,Male,P_1992_M_20,36.0516325,0.043444552,0.051245141,50.89406061,0.056781538,0.834974676,58.7574427,9.476082003999998,4.525436598,4.950645406,0.087214724,0.07966443,4.968027354,3.441660381,3.285746827,2.910772009,4.136472078,3.813786876,3.903031766,5.49617406,4.793941678,4.820744454,6.17658659,3.630649629,5.477999621,3.420308372,7.960136288,7.463404521
P_1992_M_20_sc.Table,/data/fburkhardt/papers/ICPHS-2027/data/persian/P_1992_M_20/P_1992_M_20_con.wav,P20,con,Persian,1992,32,Male,P_1992_M_20,33.00597341,0.077399254,0.06145336,63.03098989,0.064186667,0.922732722,62.36338784,7.048506043,3.41855563,3.629950413,0.098540765,0.09654947,6.008096656,4.194412632,3.531709584,3.14065495,4.5309965,4.178211887,4.869119597,6.814439017,4.279363015,4.134284121,5.848145868,3.463054351,5.408444475,3.384385439,6.833439275,6.674355378
P_1992_M_20_sp.Table,/data/fburkhardt/papers/ICPHS-2027/data/persian/P_1992_M_20/P_1992_M_20_pic.wav,P20,pic,Persian,1992,32,Male,P_1992_M_20,28.92232897,0.069557133,0.067403485,62.25895834,0.073548387,0.795909916,60.11842065,6.273874291,3.032758421,3.24111587,0.112117857,0.095366412,5.170594098,3.065054348,2.679253062,2.294772838,3.991841272,3.586101868,3.609261232,5.944857685,3.537274478,3.552101828,5.394985848,3.215589418,4.79903875,3.044889801,5.889944097,5.529197304
P_1992_M_20_st.Table,/data/fburkhardt/papers/ICPHS-2027/data/persian/P_1992_M_20/P_1992_M_20_str.wav,P20,str,Persian,1992,32,Male,P_1992_M_20,30.99944404,0.077184599,0.053564583,62.79612507,0.058183797,0.924083069,56.54118974,6.816918274000001,3.275884189,3.541034085,0.094735507,0.094629243,6.570435211,3.720725295,3.038673491,2.679383092,4.666830038,4.331061303,4.357943864,7.481891369,4.071200701,4.044391331,6.287230658,3.73345171,5.570744107,3.503853286,6.69821272,6.364793944
P_1993_F_03_mf.Table,/data/fburkhardt/papers/ICPHS-2027/data/persian/P_1993_F_03/P_1993_F_03_m(f).wav,P03,m(f),Persian,1993,31,Female,P_1993_F_03,29.62817304,0.06547817,0.041944966,57.52966251,0.047862385,1.005215915,55.71292784,7.597425813,3.682516982,3.914908831,0.075287671,0.080456311,2.508798382,2.826019819,1.500138863,1.423566209,1.346839177,1.320374599,2.936947749,2.573278429,3.678213953,3.776771579,6.105332881,3.371279661,5.056165937,2.947123602,6.671161919,6.178260802
P_1993_F_03_mi.Table,/data/fburkhardt/papers/ICPHS-2027/data/persian/P_1993_F_03/P_1993_F_03_m(i).wav,P03,m(i),Persian,1993,31,Female,P_1993_F_03,38.22170901,0.066048918,0.046362175,60.75201415,0.049,1.140068886,59.08382805,8.237105466,3.964588145,4.272517321,0.078468468,0.096407767,2.837289358,2.772492459,1.554868038,1.495480051,1.62322745,1.579566154,2.872249658,2.900242978,3.61106647,3.537501179,5.415319966,3.063589837,4.364384103,2.583273316,6.07855449,5.880522799
P_1993_F_03_rf.Table,/data/fburkhardt/papers/ICPHS-2027/data/persian/P_1993_F_03/P_1993_F_03_r(f).wav,P03,r(f),Persian,1993,31,Female,P_1993_F_03,41.70848268,0.042408257,0.046855024,51.6585749,0.053831325,0.934171796,52.15865699,9.641577061,4.671445639,4.970131422,0.089831731,0.089283887,2.950393145,2.408924421,1.73843252,1.639331936,2.11043119,2.042842134,2.550746426,3.074161409,2.807971787,3.145503886,5.716703438,3.211628166,4.317549113,2.585536886,5.54394116,4.664667904
P_1993_F_03_ri.Table,/data/fburkhardt/papers/ICPHS-2027/data/persian/P_1993_F_03/P_1993_F_03_r(i).wav,P03,r(i),Persian,1993,31,Female,P_1993_F_03,43.54271741,0.047688827,0.050240737,50.76012483,0.053375,1.021879484,57.84532449,9.44520862,4.539202201,4.906006419,0.086853583,0.095925926,3.480559667,3.087790793,2.367427778,2.23102403,2.662443608,2.567961433,3.26053188,3.60965737,3.628661286,3.700332554,6.199320866,3.500256687,5.364074559,3.20877573,6.441978899,5.948796226
P_1993_F_03_sc.Table,/data/fburkhardt/papers/ICPHS-2027/data/persian/P_1993_F_03/P_1993_F_03_con.wav,P03,con,Persian,1993,31,Female,P_1993_F_03,36.20586475,0.065867195,0.041292175,59.6967949,0.043541667,1.016379672,50.11943988,8.333333333999999,4.009575105,4.323758229,0.082387543,0.090298507,2.597811557,2.654383484,1.553499268,1.456841243,1.457664343,1.400959139,2.818699035,2.717825102,2.909602851,3.122645642,5.124074011,2.871959457,4.087058545,2.436615206,5.515649296,4.870368339
P_1993_F_03_sp.Table,/data/fburkhardt/papers/ICPHS-2027/data/persian/P_1993_F_03/P_1993_F_03_pic.wav,P03,pic,Persian,1993,31,Female,P_1993_F_03,34.11584266,0.070731897,0.047164937,59.33755803,0.05184917,1.018074452,56.21121775,7.837122579000001,3.843377842,3.993744737,0.083906627,0.088765258,2.21524321,1.999658191,1.222741727,1.1715644,1.221808795,1.189052911,2.089321449,2.287411505,3.366266013,3.532114345,5.650731192,3.164555381,4.449345578,2.622850883,6.161860719,5.569993153
P_1993_F_03_st.Table,/data/fburkhardt/papers/ICPHS-2027/data/persian/P_1993_F_03/P_1993_F_03_str.wav,P03,str,Persian,1993,31,Female,P_1993_F_03,34.09152334,0.052758339,0.044335115,50.01113959,0.046186107,0.918206634,56.03776604,9.084766585,4.391891892,4.692874693,0.079116492,0.077623776,3.24137568,3.057064626,1.881453106,1.75478271,1.860895766,1.77701042,3.23253042,3.377978175,3.633453078,3.728929474,5.634068742,3.132696014,4.326405466,2.539607692,6.606463089,6.10684203
P_1993_F_05_mf.Table,/data/fburkhardt/papers/ICPHS-2027/data/persian/P_1993_F_05/P_1993_F_05_m(f).wav,P05,m(f),Persian,1993,31,Female,P_1993_F_05,28.34865421,0.087174416,0.061249399,63.67909893,0.06577533,0.882015934,62.50498179,6.387294462,3.107332441,3.279962021,0.097991228,0.091231481,3.240520749,2.854375826,2.358126829,2.187348852,2.476697098,2.368280914,3.063397913,3.396452269,4.130453807,4.34214735,5.671379449,3.115135401,4.40164688,2.522014872,7.659567142,6.918780156
P_1993_F_05_mi.Table,/data/fburkhardt/papers/ICPHS-2027/data/persian/P_1993_F_05/P_1993_F_05_m(i).wav,P05,m(i),Persian,1993,31,Female,P_1993_F_05,34.20008814,0.067291944,0.057493522,56.58362198,0.061457286,0.840281538,62.25611434,8.550022036000001,4.142794182,4.407227854,0.09235,0.082553191,3.106638548,3.065597034,2.395694787,2.223514577,2.227131796,2.136132266,3.288763633,3.253732206,2.726400305,3.323951872,5.835093449,3.251575416,4.066102221,2.386467211,5.89634484,4.583782433
P_1993_F_05_rf.Table,/data/fburkhardt/papers/ICPHS-2027/data/persian/P_1993_F_05/P_1993_F_05_r(f).wav,P05,r(f),Persian,1993,31,Female,P_1993_F_05,36.21112029,0.031336037,0.048874407,49.21455874,0.058755556,0.716452456,54.03281051,10.982658959,5.394990366,5.587668593,0.090453202,0.067119898,2.809923504,2.753143014,2.173614838,1.96837253,2.090455018,1.949411705,3.004999091,2.992617416,3.167666596,3.518707736,6.064058472,3.445871654,4.201197171,2.538344469,6.137024331,5.20513343
P_1993_F_05_ri.Table,/data/fburkhardt/papers/ICPHS-2027/data/persian/P_1993_F_05/P_1993_F_05_r(i).wav,P05,r(i),Persian,1993,31,Female,P_1993_F_05,39.22728066,0.035761395,0.048191974,43.36278145,0.051730769,0.808113838,54.20276608,10.622710622,5.163090877,5.459619745,0.088910543,0.075976351,3.035838631,2.683335688,2.103074097,1.915108168,2.290358478,2.143119205,2.923878271,3.23352285,3.213568063,3.698531513,5.969389662,3.401113626,4.417846699,2.66811151,6.410843287,5.238001293
P_1993_F_05_sc.Table,/data/fburkhardt/papers/ICPHS-2027/data/persian/P_1993_F_05/P_1993_F_05_con.wav,P05,con,Persian,1993,31,Female,P_1993_F_05,33.69721344,0.069640185,0.053252691,57.65158407,0.058573113,0.89612598,55.77503539,7.543253237,3.604822493,3.938430744,0.095477647,0.093478149,3.749266024,3.368923219,2.49447107,2.303741966,2.635023579,2.520782957,3.600648129,3.912385309,3.66289051,3.860608542,5.1769236,2.895607071,4.141508965,2.441622393,6.795212663,6.10393125
P_1993_F_05_sp.Table,/data/fburkhardt/papers/ICPHS-2027/data/persian/P_1993_F_05/P_1993_F_05_pic.wav,P05,pic,Persian,1993,31,Female,P_1993_F_05,29.06363867,0.081470724,0.053396811,58.46937274,0.05601,0.979271357,61.28802572,6.67740022,3.270909245,3.406490975,0.087124378,0.088854922,4.678726804,4.722249609,2.535823532,2.316576981,2.70248522,2.493765214,5.137790733,4.977875338,3.397674167,3.738612205,5.601767413,3.117993944,4.392832406,2.59572972,6.640552662,5.710293717
P_1993_F_05_st.Table,/data/fburkhardt/papers/ICPHS-2027/data/persian/P_1993_F_05/P_1993_F_05_str.wav,P05,str,Persian,1993,31,Female,P_1993_F_05,31.93422314,0.07560605,0.05425353,57.14383951,0.056311195,0.926966052,61.3165462,7.587935993,3.694417816,3.893518177,0.088481061,0.086439122,3.838062053,3.784279349,2.514971251,2.27335226,2.498368447,2.331682158,4.123507586,4.078949602,3.245827772,3.50208126,5.803735905,3.24602294,4.360491973,2.574690967,6.189396718,5.452288112
P_1993_F_25_mf.Table,/data/fburkhardt/papers/ICPHS-2027/data/persian/P_1993_F_25/P_1993_F_25_m(f).WAV,P25,m(f),Persian,1993,31,Female,P_1993_F_25,40.01272179,0.094591456,0.051632337,64.18078971,0.055076087,1.181182581,57.1400609,7.362394944,3.613528401,3.748866543,0.090361011,0.110730337,3.88631124,3.741195128,3.446026214,3.023352192,3.001025715,2.763507082,4.184961918,4.222514825,2.468327682,2.772240157,3.438468321,2.426102656,2.409952946,1.764863964,3.902294917,3.360110923
P_1993_F_25_mi.Table,/data/fburkhardt/papers/ICPHS-2027/data/persian/P_1993_F_25/P_1993_F_25_m(i).WAV,P25,m(i),Persian,1993,31,Female,P_1993_F_25,37.33050155,0.10657535,0.060469967,60.23780379,0.056636816,1.210467765,64.70802239,6.469531121999999,3.169416762,3.30011436,0.093450495,0.117783505,4.975782885,5.086733174,3.732226381,3.215798732,3.024320653,2.67240445,5.777435375,5.4898406,2.773380179,2.874990705,3.846701647,2.710346228,3.032199172,2.228320144,4.05659779,3.778366508
P_1993_F_25_rf.Table,/data/fburkhardt/papers/ICPHS-2027/data/persian/P_1993_F_25/P_1993_F_25_r(f).WAV,P25,r(f),Persian,1993,31,Female,P_1993_F_25,43.84466645,0.040571284,0.047125809,46.57627713,0.054399015,0.946612075,51.32788574,9.891172315,4.846426535,5.04474578,0.091813268,0.090468031,2.978014885,2.898329868,2.455061721,2.176936214,2.329371178,2.140574886,3.225534684,3.23423516,2.349440849,2.672950663,3.715813256,2.701283234,2.53482461,1.924841177,3.662140856,3.098120814
P_1993_F_25_ri.Table,/data/fburkhardt/papers/ICPHS-2027/data/persian/P_1993_F_25/P_1993_F_25_r(i).WAV,P25,r(i),Persian,1993,31,Female,P_1993_F_25,44.58309619,0.051788985,0.050448588,45.24267838,0.05269375,1.039444002,53.72212252,8.736482641,4.169038133,4.567444508,0.093906542,0.106938567,3.666549297,3.70860393,3.561854326,3.139565692,3.261033283,2.967429609,4.138831494,3.979151999,2.746384915,2.942757725,3.317425488,2.424128826,2.782545304,2.13033265,3.993743207,3.573150393
P_1993_F_25_sc.Table,/data/fburkhardt/papers/ICPHS-2027/data/persian/P_1993_F_25/P_1993_F_25_con.WAV,P25,con,Persian,1993,31,Female,P_1993_F_25,33.15765934,0.09267443,0.062067847,56.645939,0.061513189,1.039615762,60.63749873,5.978382407,2.862467387,3.11591502,0.102358852,0.115835938,3.838773881,3.991036824,3.558951914,3.105233602,3.032724037,2.798941543,4.472722591,4.154020844,2.645127837,2.908818646,3.308223657,2.292538404,2.48547362,1.794737364,4.176624316,3.656544343
P_1993_F_25_sp.Table,/data/fburkhardt/papers/ICPHS-2027/data/persian/P_1993_F_25/P_1993_F_25_pic.WAV,P25,pic,Persian,1993,31,Female,P_1993_F_25,35.33862636,0.098919108,0.055620906,58.3344129,0.059310518,1.234911668,55.77801367,5.605509853,2.735794911,2.869714942,0.099718333,0.129171329,3.580312448,3.770208429,3.276449495,2.825810496,2.672204273,2.414868382,4.265377192,3.91658784,2.48329918,2.694840301,3.43526786,2.434371052,2.41699134,1.787202706,3.786447651,3.36680775
P_1993_F_25_st.Table,/data/fburkhardt/papers/ICPHS-2027/data/persian/P_1993_F_25/P_1993_F_25_str.WAV,P25,str,Persian,1993,31,Female,P_1993_F_25,38.64412024,0.084509998,0.052270215,54.84487846,0.057575673,1.179757304,54.31011879,6.595335592,3.191902481,3.403433111,0.09624397,0.121069238,3.547472128,3.610314671,2.884108278,2.508714858,2.628883112,2.383807489,4.05994691,3.873533254,2.457493683,2.755181302,3.340970824,2.35930546,2.546811936,1.875937025,3.884207019,3.346284723
P_1994_M_21_mf.Table,/data/fburkhardt/papers/ICPHS-2027/data/persian/P_1994_M_21/P_1994_M_21_m(f).wav,P21,m(f),Persian,1994,30,Male,P_1994_M_21,38.19546075,0.072695236,0.053548945,71.71369705,0.059021407,1.036412586,59.10837611,7.863078258,3.795113481,4.067964777,0.090594512,0.100643791,8.314663544,4.568848525,3.63963775,3.112333513,6.528438308,5.935329199,5.593077216,9.813601019,4.685432726,4.725254035,7.156919537,4.22975727,6.553144687,4.126128068,7.80496798,7.297836947
P_1994_M_21_mi.Table,/data/fburkhardt/papers/ICPHS-2027/data/persian/P_1994_M_21/P_1994_M_21_m(i).wav,P21,m(i),Persian,1994,30,Male,P_1994_M_21,41.48468977,0.079867751,0.046826093,62.75371179,0.051408163,1.29719685,58.10860064,7.695406930000001,3.726833199,3.968573731,0.080583756,0.111313514,6.637086537,3.912468193,2.538041755,2.130506953,5.077651784,4.556531752,4.788996331,7.889306812,5.21680063,5.00567251,7.892625859,4.628342354,7.529451863,4.689160311,8.361586965,8.222050521
P_1994_M_21_rf.Table,/data/fburkhardt/papers/ICPHS-2027/data/persian/P_1994_M_21/P_1994_M_21_r(f).wav,P21,r(f),Persian,1994,30,Male,P_1994_M_21,41.08435717,0.049635493,0.054134064,53.89508658,0.061107759,0.997292799,55.85784933,8.2090098,3.958241919,4.250767881,0.096913978,0.103794457,10.18165416,4.923461305,4.432222146,3.809368259,8.223986981,7.620410766,6.00018509,11.80727135,4.156993144,4.260283011,7.685563106,4.474477766,6.738145593,4.204654203,7.172370676,6.549534394
P_1994_M_21_ri.Table,/data/fburkhardt/papers/ICPHS-2027/data/persian/P_1994_M_21/P_1994_M_21_r(i).wav,P21,r(i),Persian,1994,30,Male,P_1994_M_21,43.83050581,0.048454615,0.053039626,49.20717739,0.059529052,1.119533235,58.16837393,8.181484972,3.887841659,4.293643313,0.091182927,0.112737374,8.930073588,4.607625091,4.218457789,3.617901183,7.113119387,6.50505094,5.564331939,10.29184828,4.933171006,4.942641853,7.511302781,4.352284303,7.044560131,4.365896514,8.223251149,7.693222171
P_1994_M_21_sc.Table,/data/fburkhardt/papers/ICPHS-2027/data/persian/P_1994_M_21/P_1994_M_21_con.wav,P21,con,Persian,1994,30,Male,P_1994_M_21,34.09949917,0.070853776,0.052440297,62.72130733,0.058308668,1.138677668,55.4280318,6.063439065,2.898163606,3.165275459,0.094609705,0.117658986,8.858203419,5.878635382,4.624688275,4.040373332,6.719661641,6.146099566,7.117307607,10.36000987,4.341497033,4.383717531,6.975229491,4.117625538,6.575610848,4.137765996,7.24178153,6.725199879
P_1994_M_21_sp.Table,/data/fburkhardt/papers/ICPHS-2027/data/persian/P_1994_M_21/P_1994_M_21_pic.wav,P21,pic,Persian,1994,30,Male,P_1994_M_21,36.82717026,0.079757234,0.055039484,66.54768887,0.057141975,1.263123983,60.66139536,6.278425944,3.065058335,3.213367609,0.090732308,0.120151613,9.897005287,4.334668336,3.460165665,2.92577802,7.179517068,6.574980608,5.307147189,11.46828222,4.46005483,4.144598912,5.94556568,3.534950485,5.841982121,3.694481043,6.851447763,6.945896363
P_1994_M_21_st.Table,/data/fburkhardt/papers/ICPHS-2027/data/persian/P_1994_M_21/P_1994_M_21_str.wav,P21,str,Persian,1994,30,Male,P_1994_M_21,34.6929251,0.076077952,0.051496274,68.59319666,0.05549369,1.143518832,58.67281174,6.687693926,3.231017771,3.456676155,0.087768546,0.107374603,9.809470089,5.730105049,4.562789268,3.944370207,7.903102671,7.240196609,7.050190634,11.57897777,4.690070123,4.807426695,7.091584358,4.159196066,6.370461648,3.982709745,7.935584007,7.284267268
P_1995_M_04_mf.Table,/data/fburkhardt/papers/ICPHS-2027/data/persian/P_1995_M_04/P_1995_M_04_m(f).wav,P04,m(f),Persian,1995,29,Male,P_1995_M_04,29.78357545,0.071070756,0.059164378,55.80392401,0.057438202,0.912029051,71.97482253,7.648977172,3.676252594,3.972724578,0.082201493,0.081016129,2.719881595,1.649708751,1.73507918,1.47787329,2.378039127,2.103328899,1.932726117,3.111608086,3.884751559,3.941496511,6.177436438,3.214691588,5.207540091,2.840226861,7.394585469,6.938854524
P_1995_M_04_mi.Table,/data/fburkhardt/papers/ICPHS-2027/data/persian/P_1995_M_04/P_1995_M_04_m(i).wav,P04,m(i),Persian,1995,29,Male,P_1995_M_04,27.86147128,0.057906629,0.052129328,59.61794904,0.052791304,0.914851045,67.21878702,7.650902197,3.72389045,3.927011747,0.077551724,0.074818182,2.721560821,2.622225273,1.654760163,1.462995476,1.702386356,1.529009541,2.969370742,3.023525883,4.022614522,4.075222945,6.310711612,3.46502581,5.371749838,3.099053456,7.265633281,6.82154869
P_1995_M_04_rf.Table,/data/fburkhardt/papers/ICPHS-2027/data/persian/P_1995_M_04/P_1995_M_04_r(f).wav,P04,r(f),Persian,1995,29,Male,P_1995_M_04,36.21679608,0.046523926,0.057750212,57.68113643,0.055512931,0.907157663,68.72034375,9.174499387,4.423784226,4.750715161,0.084036559,0.08186836,2.560061686,1.579193545,1.471151984,1.265272392,2.300391145,2.042539577,1.836119266,2.907695181,3.231770341,3.464107999,5.59716672,2.930640356,4.322256415,2.392223609,6.470339623,5.718757779
P_1995_M_04_ri.Table,/data/fburkhardt/papers/ICPHS-2027/data/persian/P_1995_M_04/P_1995_M_04_r(i).wav,P04,r(i),Persian,1995,29,Male,P_1995_M_04,39.06089275,0.056718481,0.054241314,54.65227962,0.054096273,0.99073972,64.38079017,8.968025150999999,4.288425597,4.679599554,0.084250774,0.091084459,2.758893043,2.020871271,1.857155642,1.613887086,2.388021552,2.145775129,2.334474785,3.106303619,3.91989828,4.035495285,5.565963818,2.980926318,4.826947168,2.74286044,7.340158446,6.76038946
P_1995_M_04_sc.Table,/data/fburkhardt/papers/ICPHS-2027/data/persian/P_1995_M_04/P_1995_M_04_con.wav,P04,con,Persian,1995,29,Male,P_1995_M_04,30.85556485,0.08408719,0.050910385,62.00995719,0.059970803,1.03037225,59.22316343,6.751792455,3.268222239,3.483570216,0.085963636,0.094410853,2.953712839,2.564489764,1.933148055,1.691960349,2.363848931,2.121741511,2.935191964,3.304925772,3.64736155,3.731232545,5.58867461,3.02853217,4.464091764,2.541115934,6.703818926,6.23128547
P_1995_M_04_sp.Table,/data/fburkhardt/papers/ICPHS-2027/data/persian/P_1995_M_04/P_1995_M_04_pic.wav,P04,pic,Persian,1995,29,Male,P_1995_M_04,32.26844232,0.081682026,0.049276345,68.25225978,0.055112971,1.047200505,57.42884822,6.957953015,3.366751459,3.591201556,0.085804167,0.095844444,2.439423253,2.065758054,1.661415086,1.440920647,2.072242304,1.840318728,2.379011044,2.750193297,3.498520341,3.509543767,5.125838143,2.78196916,4.494127742,2.575673623,6.356885777,6.044084318
P_1995_M_04_st.Table,/data/fburkhardt/papers/ICPHS-2027/data/persian/P_1995_M_04/P_1995_M_04_str.wav,P04,str,Persian,1995,29,Male,P_1995_M_04,30.11734653,0.068701393,0.048058281,59.71487798,0.050109162,0.926386092,60.6540211,7.902929672,3.799792448,4.103137224,0.079233463,0.079260504,2.938866085,2.481100633,1.677130676,1.4627236,2.004839043,1.795333586,2.854892338,3.310795206,4.106724853,4.005824824,5.238859859,2.767441654,4.407414732,2.429275168,7.406833624,7.246841337
P_1995_M_07_mf.Table,/data/fburkhardt/papers/ICPHS-2027/data/persian/P_1995_M_07/P_1995_M_07_m(f).wav,P07,m(f),Persian,1995,29,Male,P_1995_M_07,31.16770724,0.070100963,0.061777521,59.06679407,0.061318182,0.791026043,64.45254356,7.881560239000001,3.770785683,4.110774556,0.095849624,0.082655738,3.495783081,2.480128588,2.141564259,1.857493073,2.996241922,2.695709033,2.875509611,3.954642995,2.978321022,3.269560254,4.84859927,2.708974267,3.340471937,1.957758739,5.859147795,5.08160405
P_1995_M_07_mi.Table,/data/fburkhardt/papers/ICPHS-2027/data/persian/P_1995_M_07/P_1995_M_07_m(i).wav,P07,m(i),Persian,1995,29,Male,P_1995_M_07,36.16869192,0.075215192,0.053976617,51.9094906,0.052269504,0.89084507,67.47077119,9.828448892,4.753395282,5.07505361,0.08,0.076090226,2.919579436,2.230629946,1.554212402,1.344660519,2.01408162,1.797990467,2.583309897,3.32060078,3.156651985,3.515221801,5.74602949,3.239839637,3.946170637,2.343634563,6.152956461,5.267643566
P_1995_M_07_rf.Table,/data/fburkhardt/papers/ICPHS-2027/data/persian/P_1995_M_07/P_1995_M_07_r(f).wav,P07,r(f),Persian,1995,29,Male,P_1995_M_07,33.43828032,0.039082042,0.05229143,48.3181801,0.06,0.749027237,57.35271184,9.477798285,4.581478667,4.896319618,0.091175166,0.072985782,3.224184565,3.136522666,2.388099715,2.093751826,2.365747677,2.105485741,3.608896499,3.626821718,3.067901458,3.429588516,5.590756681,3.168393818,3.835934421,2.308551255,5.987880721,5.066578611
P_1995_M_07_ri.Table,/data/fburkhardt/papers/ICPHS-2027/data/persian/P_1995_M_07/P_1995_M_07_r(i).wav,P07,r(i),Persian,1995,29,Male,P_1995_M_07,33.13005436,0.038312262,0.054962375,43.35875975,0.054707692,0.854066986,61.23627569,8.312342569,3.990454726,4.321887843,0.089754601,0.083023256,2.944478812,2.850575972,2.165674791,1.892742913,2.346630252,2.090243777,3.276762536,3.313629709,2.994989555,3.089427926,5.111612777,2.954861626,4.184234533,2.546196963,5.284879463,4.860171719
P_1995_M_07_sc.Table,/data/fburkhardt/papers/ICPHS-2027/data/persian/P_1995_M_07/P_1995_M_07_con.wav,P07,con,Persian,1995,29,Male,P_1995_M_07,36.33404711,0.071801017,0.052700581,53.32175785,0.057102857,1.020355393,55.61773922,7.237687366999999,3.479657388,3.758029979,0.094754986,0.104418462,3.062555215,2.747913664,2.061768367,1.804909369,2.383960986,2.13412936,3.170573656,3.449122205,3.305337663,3.580473011,5.571743194,3.169175509,4.209168473,2.537762534,6.168639705,5.393597404
P_1995_M_07_sp.Table,/data/fburkhardt/papers/ICPHS-2027/data/persian/P_1995_M_07/P_1995_M_07_pic.wav,P07,pic,Persian,1995,29,Male,P_1995_M_07,36.09669489,0.050416635,0.048529739,62.63857616,0.054885714,0.881,56.77979419,9.409997268,4.616225075,4.793772193,0.085470085,0.078195266,3.66103441,3.13479891,2.182654954,1.899338387,2.498443019,2.232268553,3.614823523,4.132396062,3.231698391,3.559022835,5.592501723,3.180612176,4.328125125,2.595419749,6.17292943,5.327604327
P_1995_M_07_st.Table,/data/fburkhardt/papers/ICPHS-2027/data/persian/P_1995_M_07/P_1995_M_07_str.wav,P07,str,Persian,1995,29,Male,P_1995_M_07,39.7790245,0.059889745,0.048741764,58.05417098,0.056425249,0.924692262,58.63670849,10.087016258,4.911838791,5.175177467,0.083125,0.080986014,3.484743231,3.41955605,2.522772823,2.20996902,2.356621659,2.11039414,3.912586874,3.898037738,3.533948904,3.900481113,6.259958959,3.556984122,4.590525237,2.764097947,6.741435702,5.787889874
P_1996_F_14_mf.Table,/data/fburkhardt/papers/ICPHS-2027/data/persian/P_1996_F_14/P_1996_F_14_m(f).wav,P14,m(f),Persian,1996,28,Female,P_1996_F_14,28.71428571,0.066139186,0.059539956,52.45094485,0.064267606,0.782451426,58.45696395,6.927939317,3.324905183,3.603034134,0.101852632,0.086361217,2.379673898,3.141438728,2.33783619,2.108504752,1.627784619,1.50731696,3.388332367,2.515029748,2.622981891,3.057009963,3.886289432,2.728346175,2.667029611,1.958988623,4.309251985,3.553715325
P_1996_F_14_mi.Table,/data/fburkhardt/papers/ICPHS-2027/data/persian/P_1996_F_14/P_1996_F_14_m(i).wav,P14,m(i),Persian,1996,28,Female,P_1996_F_14,34.99146394,0.080881623,0.052155751,58.83935533,0.060133333,0.931912475,53.65269054,7.533077252,3.670507896,3.862569356,0.097209945,0.095331395,3.109486409,3.116897261,1.971286483,1.778888571,1.967435137,1.80486871,3.350061581,3.291790493,2.999356622,3.400061641,4.132516789,2.813556684,2.712633265,1.938219152,4.907825114,4.157080738
P_1996_F_14_rf.Table,/data/fburkhardt/papers/ICPHS-2027/data/persian/P_1996_F_14/P_1996_F_14_r(f).wav,P14,r(f),Persian,1996,28,Female,P_1996_F_14,35.35620681,0.032904164,0.047870616,47.13542888,0.056897561,0.754742892,50.03515386,9.578270193,4.681915654,4.896354539,0.095673966,0.075516539,2.433433603,2.800588989,1.972184129,1.79877232,1.730734963,1.618383093,3.017141649,2.575690202,2.609559567,3.116652287,4.316150847,3.050865704,2.830411106,2.097732923,4.383458757,3.51744883
P_1996_F_14_ri.Table,/data/fburkhardt/papers/ICPHS-2027/data/persian/P_1996_F_14/P_1996_F_14_r(i).wav,P14,r(i),Persian,1996,28,Female,P_1996_F_14,33.8384668,0.036984857,0.051568888,43.3912376,0.053088608,0.861229183,56.95539538,8.418891171,4.079397673,4.339493498,0.090542587,0.082949664,3.316704792,3.452607338,2.87097139,2.602828511,2.643087018,2.456050191,3.72954661,3.511569607,3.019819465,3.469296995,4.167843416,2.969591055,2.917736967,2.174163275,4.829079918,4.025128993
P_1996_F_14_sc.Table,/data/fburkhardt/papers/ICPHS-2027/data/persian/P_1996_F_14/P_1996_F_14_con.wav,P14,con,Persian,1996,28,Female,P_1996_F_14,29.33966469,0.060616936,0.059007561,55.30422001,0.070661538,0.80488149,54.38996364,6.479925943,3.119964343,3.3599616,0.108489796,0.094038462,3.376552819,3.115003546,1.891476072,1.747034172,2.073049425,1.959817443,3.338205823,3.554498433,3.874161134,4.036097917,4.486880547,3.066741689,3.314639854,2.370286955,5.82965099,5.345973411
P_1996_F_14_sp.Table,/data/fburkhardt/papers/ICPHS-2027/data/persian/P_1996_F_14/P_1996_F_14_pic.wav,P14,pic,Persian,1996,28,Female,P_1996_F_14,25.67839196,0.079790301,0.077052817,57.35453112,0.0780625,0.818218209,66.14417001,5.192629816,2.498604132,2.694025684,0.116492228,0.10277095,3.283327966,3.183281811,2.026272808,1.862155074,2.125468042,2.012229445,3.39546096,3.433339548,2.925909253,2.946622513,4.152222803,2.830766315,3.293265092,2.345685183,4.290319428,4.080483359
P_1996_F_14_st.Table,/data/fburkhardt/papers/ICPHS-2027/data/persian/P_1996_F_14/P_1996_F_14_str.wav,P14,str,Persian,1996,28,Female,P_1996_F_14,32.70310047,0.081204365,0.055409201,56.52074317,0.063262857,0.889704508,51.91423374,6.681711146,3.237833595,3.443877551,0.106732194,0.10100303,4.132221476,4.176195724,2.656419284,2.381622539,2.569132563,2.358234993,4.542941211,4.4077244,2.762634714,3.138886784,4.055717973,2.78717722,2.833490293,2.034892417,4.55720447,3.833556399
P_1996_F_24_mf.Table,/data/fburkhardt/papers/ICPHS-2027/data/persian/P_1996_F_24/P_1996_F_24_m(f).WAV,P24,m(f),Persian,1996,28,Female,P_1996_F_24,39.85446621,0.053430596,0.046602482,52.00515989,0.048213178,0.915731593,53.95879453,9.844932584,4.805727961,5.039204623,0.086366795,0.082931174,2.616256993,2.031993912,1.514726099,1.415831898,1.710096331,1.645081283,2.177572914,2.754739831,2.66793571,2.916255845,3.89633769,2.766626768,2.919479636,2.160948281,4.077235839,3.581401622
P_1996_F_24_mi.Table,/data/fburkhardt/papers/ICPHS-2027/data/persian/P_1996_F_24/P_1996_F_24_m(i).WAV,P24,m(i),Persian,1996,28,Female,P_1996_F_24,41.26954346,0.059721016,0.043585876,57.12129927,0.051803922,0.990617729,50.38073187,9.38086304,4.565353346,4.815509694,0.086512987,0.09039726,2.931104061,2.568662863,1.912795695,1.78991902,1.96236566,1.911751248,2.731199973,3.053500151,2.539012202,2.971869296,3.938516758,2.840361885,2.801828856,2.110143106,4.078311881,3.343913692
P_1996_F_24_rf.Table,/data/fburkhardt/papers/ICPHS-2027/data/persian/P_1996_F_24/P_1996_F_24_r(f).WAV,P24,r(f),Persian,1996,28,Female,P_1996_F_24,41.38326834,0.029951088,0.04214647,45.20414333,0.0507825,0.832553733,50.03473969,11.66948716,5.768523287,5.900963873,0.084234414,0.071739796,1.913385573,1.93876701,1.424841437,1.327697227,1.138080148,1.081472043,2.078524642,2.021024449,2.522620345,3.033442426,4.341790608,3.123820929,2.914105784,2.201745921,4.169482946,3.318097426
P_1996_F_24_ri.Table,/data/fburkhardt/papers/ICPHS-2027/data/persian/P_1996_F_24/P_1996_F_24_r(i).WAV,P24,r(i),Persian,1996,28,Female,P_1996_F_24,41.9507683,0.030593975,0.044340649,40.52277954,0.048480519,0.883758848,54.48683937,11.401819761,5.568769585,5.833050176,0.081378641,0.075332203,3.052913671,2.997967688,2.24742997,2.080552611,2.207960939,2.091422575,3.210934725,3.207153685,3.43185646,3.795460487,4.278421462,3.056361914,3.233333154,2.422404454,5.228711992,4.517262708
P_1996_F_24_sc.Table,/data/fburkhardt/papers/ICPHS-2027/data/persian/P_1996_F_24/P_1996_F_24_con.WAV,P24,con,Persian,1996,28,Female,P_1996_F_24,39.74105461,0.076705092,0.052523999,50.60857503,0.055173184,1.019198261,57.07751624,8.262711865,4.025423729,4.237288136,0.092022222,0.098725146,2.907339711,2.626156041,1.755177869,1.62108808,1.815140583,1.735843251,2.816450634,3.058472418,2.454157254,2.844773693,3.79191951,2.69781954,2.58125495,1.935246227,3.958684459,3.273990831
P_1996_F_24_sp.Table,/data/fburkhardt/papers/ICPHS-2027/data/persian/P_1996_F_24/P_1996_F_24_pic.WAV,P24,pic,Persian,1996,28,Female,P_1996_F_24,39.98866213,0.07867889,0.056608414,56.68837937,0.059619512,1.021672723,61.26838945,8.36940837,4.133168419,4.236239951,0.092394161,0.096750623,2.348593024,2.102453201,1.568031508,1.462617648,1.441587139,1.387500911,2.240922828,2.467903564,3.127391758,3.371019405,4.13421529,2.958820139,3.177291831,2.370397144,4.635167518,4.134045144
P_1996_F_24_st.Table,/data/fburkhardt/papers/ICPHS-2027/data/persian/P_1996_F_24/P_1996_F_24_str.WAV,P24,str,Persian,1996,28,Female,P_1996_F_24,34.88624692,0.085642295,0.051936453,55.14075871,0.05832459,1.009152693,54.27599631,7.024710452000001,3.41200222,3.612708232,0.095689542,0.102245675,3.049052931,2.520324088,1.803473121,1.692255512,1.979684168,1.923427728,2.692403715,3.198506878,2.927289248,3.272807387,4.338787295,3.130896437,2.978896971,2.237525199,4.509133407,3.87733842
P_1997_F_08_mf.Table,/data/fburkhardt/papers/ICPHS-2027/data/persian/P_1997_F_08/P_1997_F_08_m(f).wav,P08,m(f),Persian,1997,27,Female,P_1997_F_08,39.17154274,0.060828674,0.051155383,53.45023147,0.058561753,0.91495479,53.71539073,8.687740831,4.192236335,4.495504496,0.095234127,0.093438298,2.654440407,3.009776601,2.450391016,2.28764161,1.901855113,1.832712512,3.176781778,2.734039639,3.402627251,3.608925886,6.682123165,3.432400979,5.146159847,2.82734953,6.93678576,6.148979851
P_1997_F_08_mi.Table,/data/fburkhardt/papers/ICPHS-2027/data/persian/P_1997_F_08/P_1997_F_08_m(i).wav,P08,m(i),Persian,1997,27,Female,P_1997_F_08,42.28663362,0.066816919,0.047091101,55.25951365,0.052884615,0.934457251,49.41608736,9.160028025,4.411344941,4.748683084,0.095295082,0.095858824,3.27698555,3.370440752,2.46519284,2.301197184,2.133069321,2.037937052,3.54574977,3.378542031,3.2702059,3.501038987,6.328652996,3.391822718,4.784533889,2.736467796,6.480975782,5.711681561
P_1997_F_08_rf.Table,/data/fburkhardt/papers/ICPHS-2027/data/persian/P_1997_F_08/P_1997_F_08_r(f).wav,P08,r(f),Persian,1997,27,Female,P_1997_F_08,34.51695224,0.035493476,0.048719213,51.18517697,0.055397619,0.746236503,53.88642136,9.831085186,4.715032203,5.116052983,0.090410926,0.073206186,2.622918918,3.000847801,2.19700315,2.093724161,1.837678371,1.803593612,3.129709638,2.676528748,4.201130972,4.269708681,7.059004211,3.594900141,5.743758222,3.139409755,8.208479486,7.5853325
P_1997_F_08_ri.Table,/data/fburkhardt/papers/ICPHS-2027/data/persian/P_1997_F_08/P_1997_F_08_r(i).wav,P08,r(i),Persian,1997,27,Female,P_1997_F_08,37.27308484,0.038346441,0.050399764,44.36417408,0.05385,0.916084176,60.15141403,9.19762798,4.341643471,4.855984509,0.083788162,0.085850174,3.26526833,3.837109766,3.028862372,2.89519917,2.513609773,2.505294446,3.978807152,3.29879997,5.147770416,5.183645929,8.004970299,3.971215948,7.029082556,3.683117769,9.95970735,9.266343
P_1997_F_08_sc.Table,/data/fburkhardt/papers/ICPHS-2027/data/persian/P_1997_F_08/P_1997_F_08_con.wav,P08,con,Persian,1997,27,Female,P_1997_F_08,34.71720818,0.036889642,0.044149724,53.76849198,0.047502868,0.789754118,56.54410596,10.87330239,5.243252536,5.630049854,0.078080153,0.066213115,3.301541657,3.640008632,2.293807787,2.198516919,1.789549684,1.7674312,3.770597521,3.354724612,4.618634709,4.746508473,7.272971731,3.769835725,5.797741973,3.188108666,8.946238679,8.191111348
P_1997_F_08_sp.Table,/data/fburkhardt/papers/ICPHS-2027/data/persian/P_1997_F_08/P_1997_F_08_pic.wav,P08,pic,Persian,1997,27,Female,P_1997_F_08,33.24612737,0.045524503,0.051772069,52.06528426,0.054416667,0.843640811,61.65495111,9.202524383,4.509466437,4.693057946,0.08397066,0.073725191,3.476931891,3.858698751,2.577527091,2.429747671,2.101857009,2.036214303,4.036465649,3.563693369,3.916651217,4.047289359,6.460059167,3.466336057,5.091372362,2.881055842,7.390103004,6.766424124
P_1997_F_08_st.Table,/data/fburkhardt/papers/ICPHS-2027/data/persian/P_1997_F_08/P_1997_F_08_str.wav,P08,str,Persian,1997,27,Female,P_1997_F_08,34.81373055,0.060656139,0.045033771,56.62587891,0.050195255,0.888298791,53.3755184,8.977146773000001,4.332044437,4.645102336,0.084371585,0.080363281,2.551065504,2.901831312,1.988277454,1.874206448,1.715768194,1.657359019,3.042028239,2.625429277,3.703930486,3.816400678,5.642523349,3.015424588,4.805460477,2.731991573,7.014947485,6.444515659
P_1998_F_26_mf.Table,/data/fburkhardt/papers/ICPHS-2027/data/persian/P_1998_F_26/P_1998_F_26_m(f).WAV,P26,m(f),Persian,1998,26,Female,P_1998_F_26,42.36505789,0.038767988,0.039303617,43.59231212,0.046275,0.99709827,50.20915681,10.599909788,5.172154563,5.427755225,0.078279778,0.081909884,4.300215637,4.328048412,2.859013879,2.539822389,2.550332909,2.323309746,4.774679889,4.652733644,3.172894627,3.291292159,3.845828042,2.866588242,3.253211818,2.532572625,4.37254192,4.047229279
P_1998_F_26_mi.Table,/data/fburkhardt/papers/ICPHS-2027/data/persian/P_1998_F_26/P_1998_F_26_m(i).WAV,P26,m(i),Persian,1998,26,Female,P_1998_F_26,42.21428682,0.056012021,0.039244803,54.06908577,0.042864048,1.049581059,50.07792568,10.078993337,4.946745196,5.132248141,0.07836747,0.0853375,5.187192971,5.182183371,3.039265692,2.754842843,2.960461956,2.73543524,5.618199146,5.51154337,3.438233225,3.741602274,4.909395485,3.616256571,4.129164384,3.19460608,5.040845085,4.432357688
P_1998_F_26_rf.Table,/data/fburkhardt/papers/ICPHS-2027/data/persian/P_1998_F_26/P_1998_F_26_r(f).WAV,P26,r(f),Persian,1998,26,Female,P_1998_F_26,42.39062906,0.034066766,0.047380575,41.87041596,0.053296875,0.917375574,52.00419986,9.928949836,4.857165449,5.071784387,0.091109131,0.087274419,5.389345034,5.256821001,4.335285077,3.877790755,3.927096154,3.61811968,5.773108496,5.763572277,2.947214152,3.373920636,4.400649416,3.230976892,3.333741739,2.576446391,4.518100097,3.766917275
P_1998_F_26_ri.Table,/data/fburkhardt/papers/ICPHS-2027/data/persian/P_1998_F_26/P_1998_F_26_r(i).WAV,P26,r(i),Persian,1998,26,Female,P_1998_F_26,42.86104637,0.036702086,0.046484013,42.79063418,0.050660317,0.956524858,52.69010737,9.836856064,4.75769509,5.079160974,0.088221519,0.090087838,5.449111793,5.105771284,4.390609847,3.90370463,4.396139127,4.073848633,5.636376934,5.860186088,4.104480535,4.475987609,5.276454741,3.838112098,4.279438668,3.288649805,6.034009301,5.272447527
P_1998_F_26_sc.Table,/data/fburkhardt/papers/ICPHS-2027/data/persian/P_1998_F_26/P_1998_F_26_con.WAV,P26,con,Persian,1998,26,Female,P_1998_F_26,44.23950057,0.045730458,0.037187218,53.20171071,0.040652921,1.100833216,51.11645072,10.934544078,5.41051835,5.524025728,0.07275,0.081765734,5.167393276,5.369572379,3.05869566,2.709795222,2.655909419,2.409122203,5.874461912,5.535631401,3.213092844,3.407794816,4.322188911,3.209887401,3.263592896,2.531559618,4.557705964,4.128337616
P_1998_F_26_sp.Table,/data/fburkhardt/papers/ICPHS-2027/data/persian/P_1998_F_26/P_1998_F_26_pic.WAV,P26,pic,Persian,1998,26,Female,P_1998_F_26,44.85220994,0.07110626,0.042273199,56.40389489,0.042243626,1.162198919,53.55825609,9.613259668,4.723756906,4.889502762,0.078929379,0.094950292,4.746421583,4.636585131,2.64294531,2.374590926,2.629547584,2.436111499,5.060129475,5.067762153,3.260046103,3.391650418,4.365819363,3.281376567,3.602383118,2.821404764,4.488568899,4.138873062
P_1998_F_26_st.Table,/data/fburkhardt/papers/ICPHS-2027/data/persian/P_1998_F_26/P_1998_F_26_str.WAV,P26,str,Persian,1998,26,Female,P_1998_F_26,43.15032417,0.0519386,0.041171683,55.4429815,0.045038801,1.017156531,52.79135826,10.582162592,5.142643721,5.439518871,0.077989437,0.08390689,5.842584527,6.017530636,3.295309152,2.953354845,3.037750925,2.771610547,6.552214151,6.233995225,3.731316949,3.899930506,4.770312276,3.51286372,3.610129171,2.781248158,5.234944503,4.805397318
P_1999_F_01_mf.Table,/data/fburkhardt/papers/ICPHS-2027/data/persian/P_1999_F_01/P_1999_F_01_m(f).wav,P01,m(f),Persian,1999,25,Female,P_1999_F_01,40.58420315,0.051987652,0.042457292,53.86187458,0.045549598,0.900639585,54.89724191,11.279015422,5.452562704,5.826452718,0.077339572,0.074431429,3.474098832,3.081085544,1.588439143,1.503565223,1.774049746,1.704961185,3.271497948,3.633189914,3.777919323,3.88779049,5.626662564,3.094752404,4.310090476,2.506720092,6.985450265,6.451837737
P_1999_F_01_mi.Table,/data/fburkhardt/papers/ICPHS-2027/data/persian/P_1999_F_01/P_1999_F_01_m(i).wav,P01,m(i),Persian,1999,25,Female,P_1999_F_01,43.21666185,0.050899908,0.046494222,56.91633162,0.0519,0.903811252,56.53562394,11.483945618,5.669655771,5.814289847,0.082238806,0.07622449,3.806913187,3.777313186,2.239489126,2.125716423,2.025628903,1.950808778,3.971908974,3.938132116,3.944994443,4.010826902,6.677485643,3.730916931,5.504382502,3.245774486,7.062098895,6.592574872
P_1999_F_01_rf.Table,/data/fburkhardt/papers/ICPHS-2027/data/persian/P_1999_F_01/P_1999_F_01_r(f).wav,P01,r(f),Persian,1999,25,Female,P_1999_F_01,39.64980545,0.033526325,0.043395485,48.3640371,0.051030303,0.797547613,54.09182973,11.918143825,5.721285488,6.196858337,0.080225581,0.069302267,3.282463937,3.27362632,1.843025514,1.686766865,1.856328781,1.716645346,3.525852346,3.478614156,3.666439214,3.944373015,6.405731866,3.445542378,4.567493991,2.61852579,7.247332384,6.364245937
P_1999_F_01_ri.Table,/data/fburkhardt/papers/ICPHS-2027/data/persian/P_1999_F_01/P_1999_F_01_r(i).wav,P01,r(i),Persian,1999,25,Female,P_1999_F_01,40.81559649,0.036094139,0.043338773,46.38363985,0.048807339,0.883468835,55.0333624,11.178680021,5.312108746,5.866571275,0.07875,0.076835017,4.785365777,4.808972057,2.976645205,2.73582819,2.83752976,2.665330189,5.152496465,5.021619943,4.126036597,4.249589289,6.09001297,3.321004418,5.034113382,2.90312553,7.713995313,7.071204356
P_1999_F_01_sc.Table,/data/fburkhardt/papers/ICPHS-2027/data/persian/P_1999_F_01/P_1999_F_01_con.wav,P01,con,Persian,1999,25,Female,P_1999_F_01,39.02493383,0.067126485,0.042723821,59.10756356,0.048189112,0.954906439,50.96743984,9.472071319,4.596740493,4.875330826,0.083825714,0.08489697,3.182156394,2.510682452,1.398648681,1.304378197,1.811062367,1.739896017,2.703834752,3.369960783,3.451114571,3.784873784,5.824376298,3.090532442,4.098033078,2.329252142,6.992641267,6.032247808
P_1999_F_01_sp.Table,/data/fburkhardt/papers/ICPHS-2027/data/persian/P_1999_F_01/P_1999_F_01_pic.wav,P01,pic,Persian,1999,25,Female,P_1999_F_01,42.37426277,0.055583432,0.044366164,55.18578701,0.047243455,0.934568749,55.53564289,11.054799798,5.379212234,5.675587564,0.079887728,0.078774105,3.011714961,2.875246485,1.504991233,1.393214865,1.449659718,1.368678895,3.087972134,3.187541184,4.331832434,4.382177907,5.730597834,3.116797296,4.577056281,2.62638234,7.908063846,7.407884923
P_1999_F_01_st.Table,/data/fburkhardt/papers/ICPHS-2027/data/persian/P_1999_F_01/P_1999_F_01_str.wav,P01,str,Persian,1999,25,Female,P_1999_F_01,43.52898019,0.057838332,0.04841599,57.65203566,0.052622137,0.977279715,55.77217477,9.909513329,4.778674493,5.130838836,0.086810296,0.091090072,5.242921947,5.149725972,2.403324907,2.310920589,2.256282595,2.214002106,5.378788479,5.38873576,4.30566657,4.555192275,6.280648459,3.413571153,5.011488608,2.897868761,8.166873717,7.277039254
P_1999_F_06_mf.Table,/data/fburkhardt/papers/ICPHS-2027/data/persian/P_1999_F_06/P_1999_F_06_m(f).wav,P06,m(f),Persian,1999,25,Female,P_1999_F_06,35.79354839,0.070628698,0.053742664,58.17967857,0.059862661,0.900398776,58.31300844,8.405529954,4.092165899,4.313364055,0.092162393,0.087468468,2.655537953,2.63391207,1.981501782,1.836744651,1.853508905,1.770588186,2.793831618,2.760688193,2.887311791,2.969847503,5.500287727,2.645274969,4.517664024,2.314369225,6.142286766,5.634544305
P_1999_F_06_mi.Table,/data/fburkhardt/papers/ICPHS-2027/data/persian/P_1999_F_06/P_1999_F_06_m(i).wav,P06,m(i),Persian,1999,25,Female,P_1999_F_06,33.05131004,0.059348626,0.054437329,60.00965375,0.065436242,0.868100358,58.53476266,7.996724890999999,3.902838428,4.093886463,0.093,0.084685315,3.410418467,3.657889127,2.732596776,2.527465663,2.405064293,2.313185626,3.86066965,3.520090914,3.915503091,4.053354199,6.669334417,3.369582492,5.106379405,2.729070939,7.965499049,7.233305375
P_1999_F_06_rf.Table,/data/fburkhardt/papers/ICPHS-2027/data/persian/P_1999_F_06/P_1999_F_06_r(f).wav,P06,r(f),Persian,1999,25,Female,P_1999_F_06,34.85160758,0.043015532,0.05501766,50.97239668,0.060837004,0.770738377,57.04884994,9.037510305,4.348722176,4.688788129,0.09643956,0.08014218,2.797436764,2.804350699,2.132191628,1.998362163,2.071132443,1.994944549,2.980954974,2.908557058,3.850975148,3.980775809,7.075798857,3.540902458,5.672215529,3.034747643,7.892328293,7.169655906
P_1999_F_06_ri.Table,/data/fburkhardt/papers/ICPHS-2027/data/persian/P_1999_F_06/P_1999_F_06_r(i).wav,P06,r(i),Persian,1999,25,Female,P_1999_F_06,37.44976146,0.042067219,0.055894204,45.76372059,0.057109756,0.883462365,62.71680026,9.021251988,4.264854706,4.756397282,0.089121581,0.087810169,3.603169633,3.501864671,2.559624863,2.400533106,2.608676315,2.511116621,3.688300782,3.715078051,4.440142302,4.342682814,6.495668012,3.282395629,6.230167397,3.362599548,8.365333425,8.033774743
P_1999_F_06_sc.Table,/data/fburkhardt/papers/ICPHS-2027/data/persian/P_1999_F_06/P_1999_F_06_con.wav,P06,con,Persian,1999,25,Female,P_1999_F_06,32.37729154,0.074342678,0.050367741,59.12192024,0.054309623,0.958844133,52.92582253,6.859846245,3.311649911,3.548196334,0.095166667,0.097767857,3.321574359,3.325997292,2.302885525,2.147580068,2.357917759,2.248440814,3.528228592,3.450083853,3.316050806,3.571482456,6.507139208,3.261653936,5.097920802,2.721271346,7.086752664,6.189026204
P_1999_F_06_sp.Table,/data/fburkhardt/papers/ICPHS-2027/data/persian/P_1999_F_06/P_1999_F_06_pic.wav,P06,pic,Persian,1999,25,Female,P_1999_F_06,31.28540053,0.082091684,0.072297775,60.54314266,0.071745223,0.792788307,66.70904004,6.993411166,3.352213617,3.641197549,0.108377778,0.093327586,2.648478427,2.832463951,1.971980753,1.832513241,1.948816697,1.871722315,2.992625459,2.743972467,3.101923031,3.189352667,6.019325559,3.01764107,4.773744597,2.561193603,6.334485435,5.809791107
P_1999_F_06_st.Table,/data/fburkhardt/papers/ICPHS-2027/data/persian/P_1999_F_06/P_1999_F_06_str.wav,P06,str,Persian,1999,25,Female,P_1999_F_06,33.65407813,0.061703089,0.051209871,58.7494014,0.055121019,0.83638502,55.73992057,8.406792243,4.027094739,4.379697504,0.091872881,0.083569124,3.045494104,3.236540953,2.298204515,2.119211036,1.965756898,1.86870795,3.431169708,3.162589093,3.263516877,3.569626057,6.841758855,3.309779025,5.422142215,2.811012423,7.304789391,6.288721941
P_2000_F_15_mf.Table,/data/fburkhardt/papers/ICPHS-2027/data/persian/P_2000_F_15/P_2000_F_15_m(f).wav,P15,m(f),Persian,2000,24,Female,P_2000_F_15,37.9402929,0.054585347,0.047605562,58.61979303,0.053120879,0.873514028,56.38665094,10.04506196,4.900488171,5.144573789,0.084427007,0.077421456,2.222336801,2.184117708,1.419343177,1.320166287,1.393431421,1.324176975,2.327535052,2.336271661,2.591875229,3.143153367,4.058051822,2.975171705,2.860432938,2.193130124,4.240529778,3.361380311
P_2000_F_15_mi.Table,/data/fburkhardt/papers/ICPHS-2027/data/persian/P_2000_F_15/P_2000_F_15_m(i).wav,P15,m(i),Persian,2000,24,Female,P_2000_F_15,43.8620176,0.06839946,0.048345687,54.97328142,0.053663717,0.916091395,53.58685789,10.474372701,5.167357199,5.307015502,0.090219298,0.084882883,1.850972647,1.891251037,1.315160877,1.237875956,1.187878045,1.130649181,2.013121208,1.944496776,4.179495983,4.91012981,6.066980766,4.343643506,4.03847008,3.009777277,6.697425622,5.452611694
P_2000_F_15_rf.Table,/data/fburkhardt/papers/ICPHS-2027/data/persian/P_2000_F_15/P_2000_F_15_r(f).wav,P15,r(f),Persian,2000,24,Female,P_2000_F_15,35.36389787,0.035670921,0.046197821,50.653399,0.053493917,0.710370219,48.66409878,10.23343431,4.989435634,5.243998676,0.094932039,0.070877551,3.042314996,2.605172908,1.933522101,1.826150099,1.995353891,1.936234327,2.776443949,3.188792414,2.97674135,3.404569145,4.38967608,3.256867448,2.879707362,2.242737617,4.554647521,3.805817646
P_2000_F_15_ri.Table,/data/fburkhardt/papers/ICPHS-2027/data/persian/P_2000_F_15/P_2000_F_15_r(i).wav,P15,r(i),Persian,2000,24,Female,P_2000_F_15,39.18229431,0.041092912,0.042412594,50.76608495,0.046344615,0.83968139,50.05976023,10.525426592,5.017739483,5.507687109,0.084723926,0.078087542,3.212526584,3.287779479,2.673072845,2.460920529,2.44407762,2.316055073,3.52119317,3.378119314,4.023351795,4.178264653,4.595215014,3.424483735,3.84838374,2.988860871,5.532923856,5.095705453
P_2000_F_15_sc.Table,/data/fburkhardt/papers/ICPHS-2027/data/persian/P_2000_F_15/P_2000_F_15_con.wav,P15,con,Persian,2000,24,Female,P_2000_F_15,34.29165973,0.062353431,0.047039881,52.4090135,0.046371747,0.862821479,53.19916208,8.589978359,4.095222241,4.494756118,0.088422222,0.083735772,2.820479657,2.866419195,1.867349518,1.715047307,1.733604162,1.630106954,3.065163027,2.972903998,4.226158703,4.470797403,4.354558841,3.163395188,3.387642261,2.563308141,6.042446302,5.470263033
P_2000_F_15_sp.Table,/data/fburkhardt/papers/ICPHS-2027/data/persian/P_2000_F_15/P_2000_F_15_pic.wav,P15,pic,Persian,2000,24,Female,P_2000_F_15,41.45546005,0.061092153,0.045759026,60.67219722,0.051106383,0.938787006,54.13066201,10.30927835,5.085542135,5.223736215,0.084534392,0.081516304,2.357077294,1.824656803,1.069479988,1.002997772,1.214842304,1.158883004,1.942359021,2.478320654,3.035386467,3.470138061,4.204605061,3.076229293,2.840053433,2.173327846,4.663413475,3.915342704
P_2000_F_15_st.Table,/data/fburkhardt/papers/ICPHS-2027/data/persian/P_2000_F_15/P_2000_F_15_str.wav,P15,str,Persian,2000,24,Female,P_2000_F_15,37.84922767,0.066553483,0.045809529,56.47649159,0.047522807,0.912672065,53.04261217,9.20080591,4.398925453,4.801880457,0.086363636,0.086041985,2.425185685,2.081147539,1.347533381,1.272291003,1.428238223,1.37728264,2.204834969,2.533242302,2.694128227,3.104229096,4.223609389,3.103532328,2.945648141,2.273874794,4.182715585,3.479885228
P_2000_M_02_mf.Table,/data/fburkhardt/papers/ICPHS-2027/data/persian/P_2000_M_02/P_2000_M_02_m(f).wav,P02,m(f),Persian,2000,24,Male,P_2000_M_02,29.90892225,0.050294581,0.052423717,44.55110006,0.054123288,0.695493587,60.24296671,9.529431607,4.587620172,4.941811435,0.087020478,0.065194853,4.025925653,2.130212481,1.76805418,1.492046006,2.865698658,2.552014945,2.551380054,4.726149275,3.660539915,3.937557179,6.353637956,3.382523113,4.590985373,2.566742361,7.104817574,6.288816373
P_2000_M_02_mi.Table,/data/fburkhardt/papers/ICPHS-2027/data/persian/P_2000_M_02/P_2000_M_02_m(i).wav,P02,m(i),Persian,2000,24,Male,P_2000_M_02,32.95454545,0.048236701,0.062989019,52.79081806,0.06969697,0.697744361,63.46262024,9.232954545,4.474431818,4.758522727,0.099253731,0.073650794,4.068548376,2.252381969,1.956050445,1.658897359,3.16228753,2.825564082,2.680645178,4.7574162,2.770835002,3.169239088,5.03409885,2.829482465,3.179639996,1.874666383,5.590526436,4.652926375
P_2000_M_02_rf.Table,/data/fburkhardt/papers/ICPHS-2027/data/persian/P_2000_M_02/P_2000_M_02_r(f).wav,P02,r(f),Persian,2000,24,Male,P_2000_M_02,33.74809899,0.028263604,0.046870296,44.70900741,0.05329718,0.67599003,59.96698031,12.263237937,5.875846813,6.387391124,0.078160173,0.057435294,3.269638032,2.192091935,1.693613528,1.43372333,2.190845721,1.90499686,2.645602803,3.88518063,3.35194075,3.758865703,5.936455773,3.104450515,4.228468688,2.349923433,6.998474418,5.929096168
P_2000_M_02_ri.Table,/data/fburkhardt/papers/ICPHS-2027/data/persian/P_2000_M_02/P_2000_M_02_r(i).wav,P02,r(i),Persian,2000,24,Male,P_2000_M_02,33.7588176,0.036554546,0.049982323,48.3465762,0.055451807,0.729582577,60.41420478,10.597917366,5.005038629,5.592878737,0.082732733,0.067449664,4.893359647,2.923347212,2.310219804,1.980955125,3.439136984,3.107040798,3.496169843,5.730438427,3.667767817,4.010946592,5.405310083,2.960199806,4.502663646,2.609161456,7.191305849,6.25554831
P_2000_M_02_sc.Table,/data/fburkhardt/papers/ICPHS-2027/data/persian/P_2000_M_02/P_2000_M_02_con.wav,P02,con,Persian,2000,24,Male,P_2000_M_02,34.45378151,0.04539107,0.047519199,49.47700841,0.0465625,0.751800917,60.06028416,11.104441777,5.31212485,5.792316927,0.079119171,0.064858757,2.251914132,1.55131636,1.366326439,1.137920571,2.076797389,1.765823831,1.867549189,2.668450713,3.83185369,4.011914929,5.017028055,2.693489676,3.6649481,2.060819703,7.23781441,6.605924126
P_2000_M_02_sp.Table,/data/fburkhardt/papers/ICPHS-2027/data/persian/P_2000_M_02/P_2000_M_02_pic.wav,P02,pic,Persian,2000,24,Male,P_2000_M_02,32.40336658,0.07968346,0.068273829,54.58598457,0.06818797,0.865096538,75.85349682,8.104738155,3.943266833,4.161471322,0.090007491,0.082173913,3.301422222,1.686956381,1.267964847,1.066604919,1.995986483,1.761268853,2.02828169,3.904509601,3.250844839,3.987794492,5.594838998,2.969879816,3.971091269,2.244624937,7.257350494,5.634918511
P_2000_M_02_st.Table,/data/fburkhardt/papers/ICPHS-2027/data/persian/P_2000_M_02/P_2000_M_02_str.wav,P02,str,Persian,2000,24,Male,P_2000_M_02,32.91986828,0.048132244,0.054893378,47.03524405,0.057278107,0.69923059,65.01710415,10.713501646,5.137211855,5.576289791,0.084429134,0.064081197,4.159616603,2.575431458,1.879621611,1.601234687,2.688218516,2.38703233,3.099576102,4.914146941,3.196848272,3.579757762,5.427154784,2.930794228,3.576603919,2.045384914,6.50335908,5.540782467
P_2001_M_30_mf.Table,/data/fburkhardt/papers/ICPHS-2027/data/persian/P_2001_M_30/P_2001_M_30_m(f).WAV,P30,m(f),Persian,2001,23,Male,P_2001_M_30,35.33049865,0.080795581,0.059497528,58.12320149,0.066845588,0.889749162,55.09030405,7.101698114,3.424996179,3.676701935,0.108,0.103154856,4.016904777,1.899915138,1.407037069,1.148699583,2.294378445,2.007903451,2.364330928,4.912877099,3.267739456,3.585704676,4.158771345,3.068917449,3.002721016,2.328366005,4.785975569,4.182463136
P_2001_M_30_mi.Table,/data/fburkhardt/papers/ICPHS-2027/data/persian/P_2001_M_30/P_2001_M_30_m(i).WAV,P30,m(i),Persian,2001,23,Male,P_2001_M_30,36.31353383,0.069787367,0.058303607,55.14285281,0.060079545,0.879887047,56.18984894,7.759398495999999,3.781954887,3.977443609,0.103761815,0.096017893,3.619178954,2.015586372,1.387210865,1.123700044,2.206386475,1.890791,2.513910532,4.433229716,3.81700997,4.002473836,4.25473068,3.097223871,3.167472689,2.416177401,5.38819383,4.915089467
P_2001_M_30_rf.Table,/data/fburkhardt/papers/ICPHS-2027/data/persian/P_2001_M_30/P_2001_M_30_r(f).WAV,P30,r(f),Persian,2001,23,Male,P_2001_M_30,34.71982574,0.029630198,0.045622417,43.07447687,0.049930958,0.747792625,54.11056036,10.74439835,5.237588262,5.506810088,0.084313333,0.06628972,4.933369466,3.654294451,2.565498047,2.180556506,2.830057701,2.48121235,4.472454958,5.927964255,4.112580561,4.648831335,5.514108182,3.929009695,3.892777964,2.911729498,6.316438304,5.325013169
P_2001_M_30_ri.Table,/data/fburkhardt/papers/ICPHS-2027/data/persian/P_2001_M_30/P_2001_M_30_r(i).WAV,P30,r(i),Persian,2001,23,Male,P_2001_M_30,35.93086665,0.029129964,0.040763031,42.49608249,0.045085174,0.772887055,49.52867086,10.870916745,5.222303142,5.648613603,0.082301887,0.068802721,2.9199364,2.246067772,1.981457334,1.622609506,2.242764357,1.888780416,2.759366535,3.527844587,4.298276383,4.750458726,4.919960879,3.524508038,3.704891948,2.782802481,6.469332397,5.566548414
P_2001_M_30_sc.Table,/data/fburkhardt/papers/ICPHS-2027/data/persian/P_2001_M_30/P_2001_M_30_con.WAV,P30,con,Persian,2001,23,Male,P_2001_M_30,32.02188595,0.058038141,0.055184892,51.58171515,0.059181996,0.757069227,57.10897335,8.472257844,4.095067111,4.377190733,0.096630859,0.078196242,3.285006561,1.512999741,1.304473238,1.053042732,2.058866765,1.76321355,1.885159575,4.031595738,3.511492204,3.937852507,4.542528036,3.330060278,3.227357839,2.488129027,5.296064958,4.511547446
P_2001_M_30_sp.Table,/data/fburkhardt/papers/ICPHS-2027/data/persian/P_2001_M_30/P_2001_M_30_pic.WAV,P30,pic,Persian,2001,23,Male,P_2001_M_30,32.56086858,0.09611515,0.070150131,54.30391162,0.071893372,0.837726754,61.93643466,6.656345222,3.224629463,3.431715759,0.113261494,0.100975535,3.99924293,2.158075656,1.415641573,1.164461166,2.603984243,2.260753874,2.696567669,4.902795592,4.095758964,4.374883026,4.164109974,3.013268721,2.755526783,2.062538381,5.858921538,5.266567495
P_2001_M_30_st.Table,/data/fburkhardt/papers/ICPHS-2027/data/persian/P_2001_M_30/P_2001_M_30_str.WAV,P30,str,Persian,2001,23,Male,P_2001_M_30,32.27045212,0.066048138,0.060589674,53.13061715,0.062598326,0.776741981,57.32037804,7.663904159999999,3.733486502,3.930417658,0.105703549,0.086435165,3.411872994,1.893164024,1.442504451,1.177099771,2.177464776,1.865922757,2.353035411,4.175494118,2.843324705,3.276498583,4.215963506,3.105847417,3.042554076,2.358231094,4.387895942,3.63972706
P_2002_M_17_mf.Table,/data/fburkhardt/papers/ICPHS-2027/data/persian/P_2002_M_17/P_2002_M_17_m(f).wav,P17,m(f),Persian,2002,22,Male,P_2002_M_17,36.73870334,0.050402092,0.052825974,52.07414912,0.056586538,0.749027237,63.17594761,11.394891945,5.529048555,5.86584339,0.083617225,0.066446701,4.072284806,2.3200843,1.464915771,1.239196042,2.80337642,2.485856751,2.804306138,4.825423913,3.615753827,3.988478857,4.869420732,3.310663597,3.575306474,2.550945384,5.801574161,5.046149384
P_2002_M_17_mi.Table,/data/fburkhardt/papers/ICPHS-2027/data/persian/P_2002_M_17/P_2002_M_17_m(i).wav,P17,m(i),Persian,2002,22,Male,P_2002_M_17,38.48797251,0.053873639,0.051192948,53.46683349,0.052780186,0.748768473,58.36212182,11.539157171,5.679146319,5.860010852,0.087716049,0.067770701,4.044571236,1.9777228,1.601049532,1.359151554,2.365451126,2.122307128,2.349466848,4.722045579,4.27367982,4.558342883,4.644507301,3.319742923,3.355106039,2.506358695,6.290804707,5.66426885
P_2002_M_17_rf.Table,/data/fburkhardt/papers/ICPHS-2027/data/persian/P_2002_M_17/P_2002_M_17_r(f).wav,P17,r(f),Persian,2002,22,Male,P_2002_M_17,35.24856096,0.032137638,0.048608965,48.55494014,0.057508353,0.721450183,54.66507479,10.661957091,5.167451596,5.494505495,0.088921429,0.068212658,3.892830346,2.455891176,1.939053021,1.660477035,2.646484573,2.372205188,2.922371925,4.551921902,3.495846914,4.003030487,4.933912739,3.620464135,3.366993974,2.602776479,5.36736416,4.478179977
P_2002_M_17_ri.Table,/data/fburkhardt/papers/ICPHS-2027/data/persian/P_2002_M_17/P_2002_M_17_r(i).wav,P17,r(i),Persian,2002,22,Male,P_2002_M_17,35.20504732,0.037210867,0.049307555,44.18587597,0.054736842,0.808695652,57.8827816,9.74763407,4.637223975,5.110410095,0.085185185,0.075918367,4.863249421,3.124790533,2.3663543,2.038920823,3.24552405,2.932099161,3.711932935,5.664955884,5.195004879,5.302029154,5.024008409,3.62366264,4.552159882,3.416952871,7.141917266,6.702505086
P_2002_M_17_sc.Table,/data/fburkhardt/papers/ICPHS-2027/data/persian/P_2002_M_17/P_2002_M_17_con.wav,P17,con,Persian,2002,22,Male,P_2002_M_17,37.65793354,0.061225843,0.049391855,52.83937957,0.052168224,0.852495635,54.4035789,9.481683112,4.616082568,4.865600544,0.090787879,0.081579853,3.762681593,2.81755175,1.937123563,1.673138951,2.379619841,2.11227102,3.337304222,4.385311811,4.511498671,4.65377333,4.468749526,3.246519461,3.8948607,2.965825372,6.298820781,5.847471728
P_2002_M_17_sp.Table,/data/fburkhardt/papers/ICPHS-2027/data/persian/P_2002_M_17/P_2002_M_17_pic.wav,P17,pic,Persian,2002,22,Male,P_2002_M_17,36.2218483,0.055411898,0.054248059,51.19248024,0.058957606,0.766796361,59.75372536,10.173440331,4.970230391,5.20320994,0.09078607,0.072877604,3.288075967,2.138919177,1.526637735,1.298982865,2.134677693,1.874732959,2.555670483,3.862643878,3.860858044,4.092066561,4.270595004,3.067189536,3.244054802,2.437120701,5.634878207,5.106753073
P_2002_M_17_st.Table,/data/fburkhardt/papers/ICPHS-2027/data/persian/P_2002_M_17/P_2002_M_17_str.wav,P17,str,Persian,2002,22,Male,P_2002_M_17,35.71591387,0.048498954,0.05160799,50.22966823,0.057324503,0.773520421,59.28348653,10.31876841,5.014728573,5.304039837,0.087052893,0.071222028,3.266689694,2.250652546,1.818729331,1.557615806,2.194717634,1.944970313,2.667003308,3.812756744,4.472353088,4.72457628,4.763048904,3.423334561,3.720200767,2.787274627,6.483450248,5.898877063
P_2002_M_28_mf.Table,/data/fburkhardt/papers/ICPHS-2027/data/persian/P_2002_M_28/P_2002_M_28_m(f).wav,P28,m(f),Persian,2002,22,Male,P_2002_M_28,39.78080295,0.068761522,0.048343814,56.68697069,0.056087719,0.916245948,58.83367947,10.290724504,5.006922012,5.283802492,0.082170306,0.079451613,4.156201392,2.707601137,2.150616416,1.806815545,2.713463646,2.364603917,3.302250104,4.967127089,3.043136918,3.452921426,4.777885431,3.403378801,2.875879236,2.158262285,4.814012738,4.066550002
P_2002_M_28_mi.Table,/data/fburkhardt/papers/ICPHS-2027/data/persian/P_2002_M_28/P_2002_M_28_m(i).wav,P28,m(i),Persian,2002,22,Male,P_2002_M_28,38.43491679,0.076998703,0.048480107,56.34334387,0.053167442,0.947042529,56.87742668,9.324369007,4.562989089,4.761379918,0.085236111,0.084231884,3.781643757,2.997653709,1.872977689,1.570661738,2.160600926,1.871315523,3.599580418,4.465018895,3.82693532,4.053657067,4.740492183,3.370469044,3.15979355,2.336678958,5.60992424,5.08933448
P_2002_M_28_rf.Table,/data/fburkhardt/papers/ICPHS-2027/data/persian/P_2002_M_28/P_2002_M_28_r(f).wav,P28,r(f),Persian,2002,22,Male,P_2002_M_28,39.27228657,0.033769914,0.041623568,44.94027176,0.048589074,0.840857488,51.79472727,11.361914862,5.55012326,5.811791602,0.080362559,0.070759305,4.918418404,4.090075706,2.922630004,2.531442292,2.990538169,2.647288496,4.848834056,5.718270406,2.842637243,3.455547584,4.997076305,3.703743697,3.115694428,2.430008617,4.626360863,3.628314946
P_2002_M_28_ri.Table,/data/fburkhardt/papers/ICPHS-2027/data/persian/P_2002_M_28/P_2002_M_28_r(i).wav,P28,r(i),Persian,2002,22,Male,P_2002_M_28,37.57288204,0.038916098,0.043762584,41.09704502,0.051926045,0.870053,52.82187359,10.057303239,4.844880298,5.212422941,0.082849359,0.077551724,4.508004942,3.712923318,2.736148691,2.33351929,3.116593992,2.729812134,4.440066824,5.28424972,3.8546387,4.200734555,4.993824248,3.649346357,3.983212816,3.05294861,5.646449195,4.939527071
P_2002_M_28_sc.Table,/data/fburkhardt/papers/ICPHS-2027/data/persian/P_2002_M_28/P_2002_M_28_con.wav,P28,con,Persian,2002,22,Male,P_2002_M_28,37.40014157,0.073732525,0.046606412,54.54258743,0.052334066,0.97887939,56.2489055,8.949337648,4.338153504,4.611184144,0.082857456,0.086212121,4.989286371,3.064847186,2.08747887,1.754623863,3.122134742,2.780652345,3.711258303,5.905642268,3.292298822,3.719929103,5.112592731,3.690336767,3.39863938,2.565620514,5.11018404,4.323002584
P_2002_M_28_sp.Table,/data/fburkhardt/papers/ICPHS-2027/data/persian/P_2002_M_28/P_2002_M_28_pic.wav,P28,pic,Persian,2002,22,Male,P_2002_M_28,35.84656676,0.081552093,0.057252371,56.7692197,0.063570201,0.970627422,60.67808236,7.64929546,3.735182286,3.914113174,0.094354286,0.09597006,4.150924052,2.667845968,2.001610978,1.674055315,2.644584984,2.331731278,3.244082239,4.950729874,2.905287374,3.352421436,4.213824617,3.024209106,2.683223132,2.026225951,4.633277099,3.850218699
P_2002_M_28_st.Table,/data/fburkhardt/papers/ICPHS-2027/data/persian/P_2002_M_28/P_2002_M_28_str.wav,P28,str,Persian,2002,22,Male,P_2002_M_28,37.84027447,0.079367806,0.044549155,53.67719441,0.051108997,0.972308616,55.32691421,9.399547553,4.566210046,4.833337507,0.080519862,0.082870201,3.033643494,2.305313904,1.612870927,1.333870737,1.98756324,1.698528344,2.807021891,3.629334382,3.199547756,3.584118524,4.841085935,3.463183138,3.240660614,2.422026913,4.954586259,4.245226273
P_2002_M_29_mf.Table,/data/fburkhardt/papers/ICPHS-2027/data/persian/P_2002_M_29/P_2002_M_29_m(f).WAV,P29,m(f),Persian,2002,22,Male,P_2002_M_29,39.9714886,0.071402638,0.043217294,58.72684462,0.048023952,0.982733813,53.41373686,9.87394958,4.846938776,5.027010804,0.080910448,0.082467492,6.432013055,2.898766498,1.978670073,1.644316954,3.573047861,3.21297381,3.571748931,7.699363341,2.590355281,3.288530014,4.612179898,3.424389462,2.849589333,2.22083459,4.385423634,3.30613885
P_2002_M_29_mi.Table,/data/fburkhardt/papers/ICPHS-2027/data/persian/P_2002_M_29/P_2002_M_29_m(i).WAV,P29,m(i),Persian,2002,22,Male,P_2002_M_29,42.73899033,0.075167572,0.05202125,55.04568069,0.054947368,0.991898292,61.92234005,10.069817401000002,4.940923738,5.128893663,0.084010471,0.0865,4.883703758,3.981719907,2.748521963,2.351227714,3.054325067,2.665540407,4.886516392,5.89753537,3.089251889,3.782761166,5.470052165,4.012527569,3.651506726,2.819107736,5.095238792,3.976028232
P_2002_M_29_rf.Table,/data/fburkhardt/papers/ICPHS-2027/data/persian/P_2002_M_29/P_2002_M_29_r(f).WAV,P29,r(f),Persian,2002,22,Male,P_2002_M_29,39.53876498,0.02945917,0.045672324,41.03318272,0.050555831,0.791087366,56.01244313,12.031558186,5.901987559,6.129570627,0.081539604,0.066992288,6.824911913,4.879183177,3.698852209,3.202993793,4.64084011,4.171795979,5.961835059,8.125591415,2.928594814,3.489792122,4.901784728,3.587787047,3.189801297,2.465759149,4.722840293,3.765797811
P_2002_M_29_ri.Table,/data/fburkhardt/papers/ICPHS-2027/data/persian/P_2002_M_29/P_2002_M_29_r(i).WAV,P29,r(i),Persian,2002,22,Male,P_2002_M_29,37.38515024,0.032567058,0.037799775,42.24946997,0.04363754,0.897734049,49.9102578,10.624711767,5.126113023,5.498598744,0.075735484,0.072930796,5.262875236,3.388087063,3.153047798,2.625312067,3.891200116,3.393699464,4.157334201,6.299672905,3.142525127,3.553408711,4.383275053,3.246177828,3.295894139,2.558253055,4.743431072,4.00237182
P_2002_M_29_sc.Table,/data/fburkhardt/papers/ICPHS-2027/data/persian/P_2002_M_29/P_2002_M_29_con.WAV,P29,con,Persian,2002,22,Male,P_2002_M_29,38.25145553,0.08693973,0.051311665,59.79465183,0.055371711,1.133540749,63.23511242,8.140058084,3.981401944,4.15865614,0.081144262,0.096075342,4.995083724,2.431609026,2.047795899,1.6778627,3.349425466,2.930965339,3.017426974,6.05601462,3.247836611,3.525190442,4.367613785,3.216680572,3.246257704,2.505133417,4.713624901,4.159562896
P_2002_M_29_sp.Table,/data/fburkhardt/papers/ICPHS-2027/data/persian/P_2002_M_29/P_2002_M_29_pic.WAV,P29,pic,Persian,2002,22,Male,P_2002_M_29,41.83576032,0.098112665,0.056278051,58.18145243,0.059433962,1.10457482,62.96142052,8.375109414,4.137821278,4.237288136,0.089384977,0.101105769,5.119588939,3.500188429,2.345885038,1.997980517,3.367636748,3.003410708,4.305304627,6.171276829,4.085385412,4.367760713,4.825925439,3.519525602,3.074518066,2.304637221,5.787766824,5.192597774
P_2002_M_29_st.Table,/data/fburkhardt/papers/ICPHS-2027/data/persian/P_2002_M_29/P_2002_M_29_str.WAV,P29,str,Persian,2002,22,Male,P_2002_M_29,40.64694717,0.078724348,0.043512506,54.82174863,0.045176661,1.088049116,56.92966781,9.577665296,4.689971528,4.887693768,0.076432039,0.086667791,5.551255097,3.419388067,2.356548267,1.989341479,3.063873924,2.713340406,4.211524873,6.69839549,2.861242123,3.46708869,4.5911236,3.395347727,3.252117033,2.520601425,4.638464413,3.672782297
